0.9419824,3.141593,1,84.25,31.38515,0.5373864,-0.1368934,-0.1049744,-0.9850079,0.04634955,0.8624297,0.5040503,-0.06792123,0.8769472,0.4757631,-0.1904986,0.8889667,0.4164715,-0.3741774,0.9012139,0.2186428,1,0,0,0,0,43.81477,24.06965,23.37149,20.61134,19.42948,6.270813,7.161582,4.997225,25.37325,A
1,3.141593,1,84.25,32.6427,0.5077443,-0.110715,-0.0700116,-0.9913831,0.07618296,0.8379421,0.5404158,-0.03265809,0.8591601,0.5106636,-0.1572155,0.8854952,0.437243,-0.35344,0.9051827,0.2360602,1,0,0,0,0,44.06763,23.62292,22.84972,20.44383,18.7448,6.37983,6.984206,5.028956,26.32077,A
1,3.141593,1,84.25,31.05135,0.5144113,-0.09001574,-0.07553802,-0.9930716,0.0874392,0.8129523,0.5757282,0.003348908,0.8423774,0.5388777,-0.1258847,0.8770421,0.4636272,-0.3126059,0.906361,0.2842311,1,0,0,0,0,43.97969,22.6474,21.9277,19.84593,18.26747,6.258745,6.843231,5.333393,27.16607,A
1,3.141593,1,84.25,33.53205,0.5086031,-0.1132078,-0.0470079,-0.9924587,0.1323788,0.8359485,0.532603,0.03377282,0.8560071,0.5158596,-0.1016425,0.8929523,0.4385258,-0.30422,0.9165598,0.2595541,1,0,0,0,0,43.92029,23.97519,22.82353,20.43119,18.29149,6.611025,6.768123,5.342484,25.9068,A
1,3.099311,1,84.25,31.9071,0.5546831,-0.06916341,-0.05611967,-0.9960256,0.1003452,0.8655527,0.4906621,0.008605017,0.8791322,0.4765004,-0.1176218,0.9178982,0.3789827,-0.3214391,0.9349852,0.1499318,1,0,0,0,0,44.07479,25.15388,23.95134,21.70737,19.69171,6.675102,6.649539,5.44034,25.082,A
1,3.141593,1,84.25,30.57967,0.5804732,-0.01868525,-0.0520563,-0.9984694,0.06894124,0.8545978,0.5146939,-0.007741821,0.8651733,0.5014133,-0.134939,0.8976449,0.4195534,-0.3285768,0.9238837,0.1961531,1,0,0,0,0,44.30211,24.64919,23.2199,20.56663,18.74772,6.487774,7.025648,5.740908,25.46737,A
1,3.083275,1,84.25,31.75108,0.5585139,-0.02635138,-0.06066976,-0.99781,0.08471496,0.8705241,0.4847796,-0.002360534,0.8908091,0.4543718,-0.1246719,0.9271244,0.3534082,-0.3157195,0.9398851,0.1301426,1,0,0,0,0,44.85075,25.47283,24.56646,21.94682,19.59216,6.82964,6.90311,5.399102,25.35093,A
1,3.10402,1,84.25,31.74698,0.5567887,-0.01181505,-0.06504343,-0.9978125,0.08613463,0.8631878,0.4974813,0.0001767539,0.8807687,0.4735467,-0.1141163,0.9209086,0.3726993,-0.2952633,0.9462935,0.1317126,1,0,0,0,0,44.93996,25.15593,23.96702,21.42869,19.44058,6.696165,6.973347,5.529442,25.7066,A
1,3.123192,1,84.25,31.56378,0.5625486,-0.003385136,-0.07166846,-0.9974228,0.08882314,0.8644066,0.4948854,0.001138107,0.8805857,0.4738855,-0.1099951,0.9213426,0.3728659,-0.2972717,0.9439698,0.143355,1,0,0,0,0,45.08349,25.23693,23.79522,21.24703,19.0197,6.800275,7.025325,5.62887,25.62971,A
1,3.090677,1,84.25,32.15028,0.5592479,-0.01435067,-0.06705023,-0.9976464,0.1022497,0.8716156,0.4794071,0.005630842,0.8885226,0.4587983,-0.108656,0.9281876,0.3558956,-0.2878279,0.9500955,0.1203065,1,0,0,0,0,45.11153,25.70374,24.31936,21.69344,19.52737,6.795623,7.038788,5.512694,25.22838,A
1,3.099757,1,84.25,32.08335,0.5567372,-0.009843961,-0.06574474,-0.9977879,0.1048134,0.8636615,0.4930547,0.00393444,0.8815777,0.4720225,-0.1111272,0.9225118,0.3696252,-0.284025,0.9493102,0.1346842,1,0,0,0,0,44.98034,25.36665,23.98045,21.44352,19.39132,6.722469,7.015733,5.469719,25.44171,A
1,3.107814,1,84.25,31.81731,0.5599201,-0.006462873,-0.06433824,-0.9979072,0.09857161,0.8620247,0.4971893,0.002881089,0.8785852,0.477577,-0.1115169,0.919256,0.3775345,-0.2873747,0.9476709,0.1390527,1,0,0,0,0,44.9193,25.26521,23.83802,21.26171,19.29114,6.688396,7.043626,5.544615,25.51448,A
1,3.108611,1,84.25,31.66726,0.5614663,-0.00879054,-0.0636872,-0.9979312,0.09109725,0.8619116,0.4988083,-0.000960049,0.8770952,0.4803157,-0.1149632,0.9171381,0.3816296,-0.2929843,0.9455838,0.1415325,1,0,0,0,0,44.82194,25.22234,23.80741,21.23593,19.30917,6.663625,7.038686,5.574477,25.5066,A
1,3.094226,1,84.25,31.93303,0.5503951,-0.01275066,-0.06640401,-0.9977114,0.08751301,0.8645517,0.4948654,-0.0005873448,0.8829806,0.4694089,-0.1123516,0.9221843,0.3700718,-0.2894742,0.9498925,0.1179363,1,0,0,0,0,44.92749,25.35118,24.11841,21.53064,19.66273,6.623397,7.047606,5.513215,25.60811,A
1,3.091124,1,84.25,32.11975,0.5353333,-0.03547433,-0.05984954,-0.9975769,0.1087456,0.8586581,0.5008799,0.02402658,0.8828512,0.4690378,-0.08415312,0.9241527,0.3726394,-0.2644469,0.9583004,0.1082976,1,0,0,0,0,45.06934,25.14765,24.18587,21.55989,20.01679,6.505879,7.05585,5.443022,26.02057,A
1,3.141593,1,84.25,32.93589,0.5190421,-0.03691858,-0.0515488,-0.9979878,0.1182735,0.8354174,0.5367394,0.006171391,0.8591514,0.5116843,-0.1119964,0.9002785,0.4206608,-0.2831027,0.9339792,0.2180268,1,0,0,0,0,44.82665,24.20711,22.85498,20.36407,18.3977,6.66453,7.0646,5.233646,26.52949,A
1,3.141593,1,84.25,32.65625,0.5240706,-0.03058857,-0.05175373,-0.9981913,0.09938386,0.8328241,0.5445428,-0.00303401,0.8483707,0.529394,-0.1183031,0.8848302,0.4506437,-0.2865536,0.9274347,0.2403162,1,0,0,0,0,44.75497,24.06003,22.43938,19.78467,18.0961,6.548602,7.279055,5.47243,26.6527,A
1,3.136324,1,84.25,32.72066,0.5357573,-0.04558213,-0.05520569,-0.997434,0.09722913,0.8480067,0.5209905,0.007118908,0.8663809,0.4993329,-0.1022812,0.9058012,0.4111723,-0.273602,0.944432,0.1821812,1,0,0,0,0,44.87894,24.74596,23.3104,20.6773,19.03242,6.512234,7.207878,5.520039,26.00111,A
1,3.128468,1,84.25,32.70623,0.5462001,-0.03165927,-0.05757305,-0.9978392,0.1235346,0.8508422,0.5106925,0.01783896,0.8729879,0.4874155,-0.09729752,0.9135724,0.3948653,-0.2675861,0.945172,0.18721,1,0,0,0,0,44.91384,24.95456,23.56589,20.92344,18.83113,6.719225,7.170024,5.368996,25.62489,A
1,3.141593,1,84.25,32.61892,0.547311,-0.0242365,-0.05918883,-0.9979525,0.1263507,0.8487044,0.5135527,0.0130146,0.8699333,0.4929976,-0.1080011,0.907567,0.4057805,-0.2782108,0.9364772,0.2135631,1,0,0,0,0,44.90182,24.82849,23.36115,20.62544,18.30993,6.860148,7.249218,5.349267,25.64212,A
1,3.141593,1,84.25,32.62213,0.5296758,-0.02074944,-0.06474618,-0.997686,0.08897804,0.8334671,0.5453582,-0.007836862,0.848366,0.5293522,-0.1197604,0.8863205,0.447318,-0.2849889,0.9259509,0.2477823,1,0,0,0,0,44.89583,24.01238,22.29384,19.66846,17.85522,6.606143,7.347937,5.60847,26.60112,A
1,3.141593,1,84.25,32.66259,0.5299241,-0.02990985,-0.06264175,-0.9975878,0.08866826,0.8424892,0.531366,-0.007443658,0.8595392,0.5110157,-0.1191288,0.8960111,0.4277528,-0.2894323,0.932485,0.2161032,1,0,0,0,0,45.03968,24.37235,22.817,20.1489,18.38176,6.519861,7.308066,5.537562,26.42976,A
1,3.141593,1,84.25,32.61273,0.5305511,-0.0230501,-0.05893073,-0.9979959,0.09657861,0.8394824,0.5347354,-0.002764098,0.8587741,0.5123469,-0.1149586,0.8965428,0.4277798,-0.2818912,0.9354911,0.2130581,1,0,0,0,0,45.02151,24.31764,22.83134,20.16992,18.42981,6.521345,7.29854,5.468314,26.47267,A
1,3.12741,1,84.25,32.53967,0.5304573,-0.02872152,-0.04967492,-0.9983524,0.09110056,0.8449775,0.5269855,-0.01051729,0.8672138,0.4978248,-0.1224009,0.9065748,0.4039059,-0.2944383,0.9419608,0.1612948,1,0,0,0,0,45.04086,24.56853,23.3403,20.85052,19.25249,6.473865,7.090783,5.365356,26.33007,A
1,3.141593,1,84.25,32.50431,0.5220912,-0.03509105,-0.05411288,-0.9979181,0.0889067,0.8400202,0.5352211,-0.009065376,0.8635165,0.5042391,-0.118746,0.9008471,0.417581,-0.2914008,0.9399014,0.1779632,1,0,0,0,0,45.0571,24.28294,23.1033,20.53431,19.07695,6.368937,7.201428,5.37326,26.66475,A
1,3.141593,1,84.25,32.79926,0.5200334,-0.02336729,-0.05107561,-0.9984214,0.08833212,0.8239071,0.5597987,-0.01533789,0.8432971,0.5372288,-0.1302103,0.8787991,0.4590832,-0.2957025,0.9212619,0.2526593,1,0,0,0,0,44.93616,23.55472,22.05098,19.41818,17.87803,6.423248,7.360364,5.422826,27.03314,A
1,3.141593,1,84.25,32.64394,0.5233687,-0.02857954,-0.04499434,-0.9985783,0.09985497,0.816263,0.5689849,-0.006725268,0.8338895,0.5518905,-0.1265756,0.8674526,0.4811492,-0.2916416,0.9103592,0.2935835,1,0,0,0,0,44.74686,23.286,21.71277,19.0099,17.38625,6.49318,7.419029,5.428118,27.03112,A
1,3.141593,1,84.25,31.64532,0.5230641,-0.05296509,-0.0223831,-0.9983455,0.1245739,0.7794078,0.6140072,0.0116061,0.791868,0.6105819,-0.1241875,0.823953,0.5528823,-0.2900092,0.8654664,0.4084882,1,0,0,0,0,43.93045,21.99012,20.46152,17.97664,16.43746,6.457522,7.303217,5.511363,27.39476,A
1,3.141593,1,84.25,31.12695,0.5318453,-0.0436459,-0.005146518,-0.9990338,0.09065431,0.7454607,0.660356,0.002278097,0.7459009,0.6660532,-0.1424424,0.7827457,0.6058212,-0.2996294,0.8271427,0.4754547,1,0,0,0,0,43.28695,20.96549,19.07601,16.9689,15.75709,6.392319,7.122743,5.91041,27.79591,A
1,3.141593,1,84.25,31.38046,0.5272168,-0.0478002,-0.01300114,-0.9987723,0.1133537,0.7599236,0.6400524,0.01151052,0.7662677,0.6424184,-0.1328331,0.8013982,0.5831949,-0.2927649,0.8447298,0.4480181,1,0,0,0,0,43.56709,21.39078,19.63061,17.28303,15.94328,6.417299,7.187606,5.712694,27.66936,A
1,3.141593,1,84.25,31.47879,0.525579,-0.0510291,-0.01065554,-0.9986403,0.1115637,0.7574247,0.6433205,0.01166134,0.7659245,0.6428248,-0.1312445,0.8021503,0.5825202,-0.2913636,0.8470336,0.4445689,1,0,0,0,0,43.4808,21.35695,19.67938,17.36493,15.98252,6.46297,7.147423,5.685457,27.68211,A
1,3.141593,1,84.25,31.23398,0.5320022,-0.05638551,-0.00812046,-0.9983761,0.1100793,0.7581533,0.6427177,0.01208265,0.7715076,0.6361055,-0.130892,0.8109266,0.5703204,-0.2939498,0.8525721,0.4321046,1,0,0,0,0,43.30812,21.39256,19.89579,17.73278,16.21316,6.498243,6.97812,5.613703,27.48032,A
1,3.141593,1,84.25,31.25964,0.5309446,-0.051474,-0.004814953,-0.9986628,0.1115504,0.7546865,0.6465328,0.01175312,0.7669746,0.6415699,-0.1310387,0.80764,0.5749317,-0.2921095,0.851773,0.4349191,1,0,0,0,0,43.32935,21.30447,19.74462,17.64545,16.22466,6.442122,6.975316,5.634701,27.55081,A
1,3.141593,1,84.25,31.35263,0.5331948,-0.04534602,-0.003847322,-0.9989639,0.1109423,0.7576811,0.6431261,0.01196544,0.7676734,0.6407295,-0.1319914,0.8087843,0.5731022,-0.2941403,0.8549831,0.4271833,1,0,0,0,0,43.44181,21.3967,19.74158,17.58254,16.18635,6.417271,6.985574,5.690475,27.5372,A
1,3.141593,1,84.25,31.43393,0.5323858,-0.0463493,-0.009503272,-0.9988801,0.1096452,0.7636656,0.6362332,0.01288181,0.7731768,0.6340597,-0.1337198,0.8126988,0.5671328,-0.2978179,0.8580505,0.4183943,1,0,0,0,0,43.50274,21.55878,19.91248,17.65053,16.18658,6.449847,6.994236,5.703395,27.4989,A
1,3.141593,1,84.25,31.56295,0.528652,-0.05288715,-0.0122515,-0.9985254,0.1167797,0.7699975,0.6272689,0.0119611,0.7830674,0.6218219,-0.1295953,0.823446,0.5523962,-0.2988749,0.8659527,0.4009986,1,0,0,0,0,43.62733,21.78483,20.25113,18.03163,16.43635,6.45528,6.977118,5.574533,27.40691,A
1,3.141593,1,84.25,31.29892,0.5302495,-0.04403885,-0.01040904,-0.9989756,0.1100256,0.7593113,0.6413585,0.01035017,0.7689039,0.6392806,-0.1333081,0.8079652,0.5739523,-0.2966647,0.8535261,0.4283493,1,0,0,0,0,43.51091,21.4318,19.77221,17.54784,16.1162,6.429906,7.052205,5.697658,27.63132,A
1,3.141593,1,84.25,31.30573,0.5296045,-0.04577293,-0.0125386,-0.9988732,0.1053781,0.7598911,0.6414523,0.006945417,0.7694153,0.6387112,-0.1360628,0.8082101,0.5729601,-0.3000685,0.8526602,0.4277027,1,0,0,0,0,43.52306,21.41105,19.75982,17.56045,16.13428,6.430876,7.047076,5.703183,27.639,A
1,3.141593,1,84.25,31.25116,0.5270574,-0.04553639,-0.01178508,-0.9988931,0.1037195,0.7554538,0.6469404,0.00701206,0.7634349,0.6458467,-0.135721,0.8025944,0.5808804,-0.2979478,0.8490912,0.4362007,1,0,0,0,0,43.50067,21.2902,19.58757,17.44115,16.0891,6.410358,7.049407,5.743557,27.76723,A
1,3.141593,1,84.25,31.23741,0.5277446,-0.04518966,-0.01070097,-0.9989211,0.1046518,0.7564563,0.6456175,0.007349341,0.765421,0.643488,-0.1355868,0.8051809,0.5773214,-0.2979692,0.8508869,0.4326729,1,0,0,0,0,43.50364,21.32744,19.66123,17.52854,16.1619,6.403179,7.0238,5.715683,27.73116,A
1,3.141593,1,84.25,31.20774,0.5215098,-0.04355365,-0.003826539,-0.9990438,0.1037393,0.7443256,0.6597102,0.008058891,0.7511414,0.6600921,-0.1381437,0.7899683,0.597383,-0.2981762,0.8374876,0.4579361,1,0,0,0,0,43.38377,21.0302,19.31574,17.22909,15.97003,6.371647,7.054295,5.786458,27.95984,A
1,3.141593,1,84.25,31.21177,0.520736,-0.04483061,-0.0007336979,-0.9989943,0.1089553,0.7432394,0.6600939,0.009985871,0.7493768,0.6620685,-0.1347813,0.7891323,0.599253,-0.2948119,0.8385502,0.4581698,1,0,0,0,0,43.35342,21.05356,19.31435,17.23269,15.98328,6.368917,7.046751,5.76649,27.95392,A
1,3.141593,1,84.25,31.22975,0.5218542,-0.04358319,-0.00913014,-0.9990081,0.1004688,0.7483568,0.6556433,0.004325255,0.7557759,0.6548161,-0.1394226,0.7939733,0.5917497,-0.2976158,0.8397586,0.454126,1,0,0,0,0,43.44842,21.10221,19.40192,17.2753,16.00345,6.400209,7.089951,5.761671,27.92973,A
1,3.141593,1,84.25,31.38083,0.5169651,-0.03441215,-0.01204222,-0.9993352,0.1077805,0.7521283,0.6501433,0.006159693,0.7614728,0.6481677,-0.1333462,0.8041199,0.5793185,-0.2898866,0.8539037,0.4322203,1,0,0,0,0,43.69176,21.31251,19.57311,17.46866,16.1546,6.392758,7.051812,5.705244,28.07052,A
1,3.141593,1,84.25,31.561,0.5189825,-0.03909189,-0.01734775,-0.999085,0.1050423,0.7576308,0.6441752,0.005446448,0.7716456,0.6360294,-0.1354478,0.8125904,0.5668781,-0.2921794,0.8572814,0.4239102,1,0,0,0,0,43.68533,21.37138,19.79769,17.6361,16.24154,6.432263,7.044118,5.635284,27.89627,A
1,3.141593,1,84.25,31.31956,0.5240349,-0.04494897,-0.01250331,-0.9989111,0.1148803,0.7609259,0.6385877,0.01381455,0.7759148,0.6306863,-0.1296542,0.8195193,0.5581915,-0.2897125,0.8642281,0.4113107,1,0,0,0,0,43.53422,21.55777,20.04457,17.9879,16.51187,6.4161,6.896082,5.594705,27.65297,A
1,3.141593,1,84.25,31.04298,0.5317547,-0.04457154,-0.01416404,-0.9989058,0.1183987,0.7679908,0.6294218,0.01667952,0.7821907,0.6228158,-0.1291663,0.8262448,0.5483025,-0.2914453,0.8681658,0.4016812,1,0,0,0,0,43.53137,21.74354,20.23092,18.21365,16.649,6.42788,6.814445,5.59736,27.44548,A
1,3.141593,1,84.25,30.93064,0.5290587,-0.04052829,-0.01426603,-0.9990765,0.10757,0.7566034,0.6449652,0.01294599,0.7649232,0.6439915,-0.1336263,0.8062328,0.5763096,-0.2896895,0.85078,0.4384673,1,0,0,0,0,43.46288,21.31531,19.62027,17.6044,16.25929,6.399559,6.948708,5.774883,27.74722,A
1,3.141593,1,84.25,31.14538,0.5328997,-0.03949456,-0.02628311,-0.9988741,0.1158984,0.7744873,0.6218818,0.0154108,0.7885228,0.6148124,-0.1287919,0.8308735,0.5413518,-0.2886463,0.8711241,0.3972732,1,0,0,0,0,43.75611,21.8321,20.25714,18.13716,16.56092,6.471198,6.933908,5.623015,27.43475,A
1,3.141593,1,84.25,31.7591,0.5207406,-0.03329752,-0.03851914,-0.9987029,0.1152647,0.7815564,0.6130936,0.01145735,0.7947362,0.6068469,-0.1269994,0.8328876,0.5386736,-0.2873017,0.8758463,0.3877512,1,0,0,0,0,44.08509,22.06409,20.41147,17.94548,16.40503,6.445934,7.184674,5.582068,27.66056,A
1,3.141593,1,84.25,31.43327,0.5298823,-0.03343666,-0.03196129,-0.9989297,0.1118211,0.7725985,0.6249701,0.01713441,0.7812129,0.6240296,-0.1264115,0.8179311,0.5612565,-0.2845012,0.8610725,0.4214418,1,0,0,0,0,43.85891,21.7748,20.00095,17.60588,16.1784,6.442148,7.2369,5.782278,27.5304,A
1,3.141593,1,84.25,31.6893,0.5235043,-0.03220072,-0.03248716,-0.9989533,0.1224227,0.7774206,0.6169522,0.01912702,0.7881088,0.6152387,-0.1221499,0.8246325,0.5523229,-0.2802247,0.8684849,0.4089108,1,0,0,0,0,44.04274,21.98573,20.23192,17.73318,16.26285,6.455982,7.280461,5.675781,27.57507,A
1,3.141593,1,84.25,31.75801,0.5295042,-0.03788676,-0.02857748,-0.9988734,0.1249314,0.7824671,0.6100307,0.0209465,0.7948021,0.6065072,-0.1203782,0.8317682,0.541914,-0.2815174,0.8738304,0.3964449,1,0,0,0,0,43.99398,22.1804,20.50873,18.00435,16.43049,6.479187,7.232301,5.610801,27.28319,A
1,3.141593,1,84.25,31.90662,0.5256109,-0.04046461,-0.03396422,-0.9986035,0.1343479,0.7918941,0.5956965,0.02372034,0.8092367,0.5870037,-0.1157926,0.8459306,0.5205705,-0.2794966,0.8861776,0.3695548,1,0,0,0,0,44.10958,22.52991,21.0338,18.46802,16.74894,6.513575,7.215509,5.452023,27.15084,A
1,3.141593,1,84.25,32.00655,0.5218672,-0.04437718,-0.04077291,-0.9981825,0.1344676,0.7921835,0.5952846,0.02399272,0.807051,0.5899941,-0.1136438,0.840444,0.5298481,-0.2723953,0.8802434,0.3885516,1,0,0,0,0,44.23974,22.45765,20.85903,18.20273,16.57726,6.540755,7.382029,5.528957,27.233,A
1,3.141593,1,84.25,30.81616,0.5383844,-0.05077891,-0.02297566,-0.9984456,0.1130064,0.762956,0.6364964,0.02141185,0.7666426,0.641717,-0.1201263,0.8056879,0.5800315,-0.2726822,0.8501328,0.450465,1,0,0,0,0,43.32007,21.50741,19.67829,17.53984,16.25644,6.449835,7.112504,5.818697,27.30182,A
1,3.141593,1,84.25,30.84674,0.5413483,-0.04855468,-0.01743572,-0.9986684,0.09587033,0.7665303,0.635012,0.008673981,0.76846,0.6398391,-0.1315593,0.8096243,0.5720146,-0.2777321,0.8535782,0.4407597,1,0,0,0,0,43.34662,21.65473,19.78767,17.7418,16.39765,6.543406,7.003036,5.821959,27.30885,A
1,3.141593,1,84.25,33.11563,0.516654,-0.02727182,-0.05655563,-0.9980269,0.07753056,0.8074319,0.5848442,-0.01186754,0.8118916,0.5836877,-0.1283316,0.8453243,0.5186115,-0.2599699,0.8869516,0.3817493,1,0,0,0,0,44.88643,22.81068,20.66955,18.02641,16.56034,6.803607,7.657845,5.852733,27.46111,A
1,3.141593,1,84.25,33.3853,0.5153869,-0.04827163,-0.06291967,-0.9968506,0.07701086,0.8198772,0.5673365,-0.007993443,0.8230926,0.5678508,-0.1240012,0.8568926,0.5003586,-0.2655698,0.8941223,0.3605801,1,0,0,0,0,44.69556,23.22447,21.08088,18.56146,16.92828,6.801651,7.563956,5.810394,26.91945,A
1,3.141593,1,84.25,33.9628,0.5005294,-0.04629359,-0.04575606,-0.9978794,0.073325,0.8046952,0.5891426,-0.007229778,0.8089064,0.5878929,-0.1181636,0.8435181,0.5239414,-0.2441293,0.8888724,0.3876941,1,0,0,0,0,44.75686,22.86763,20.68848,18.14856,16.72532,6.830279,7.664816,5.833112,27.52678,A
1,3.141593,1,84.25,34.34267,0.4979986,-0.05181862,-0.06327298,-0.9966501,0.08839721,0.8143099,0.5736595,-0.00149607,0.8197899,0.5726625,-0.1126363,0.855321,0.5057065,-0.2412356,0.8966392,0.3712729,1,0,0,0,0,44.85438,23.06447,20.85874,18.28225,16.75706,6.89405,7.670658,5.770238,27.22129,A
1,3.141593,1,84.25,33.59228,0.5083382,-0.04980609,-0.06009363,-0.9969494,0.06953224,0.8024693,0.5926285,-0.005766198,0.7989514,0.6013679,-0.1154538,0.8341174,0.5393687,-0.2259867,0.8803104,0.4171133,1,0,0,0,0,44.64102,22.53413,20.12424,17.74018,16.60629,6.881351,7.693548,6.070576,27.4548,A
1,3.141593,1,84.25,34.19991,0.5066724,-0.04996274,-0.05821298,-0.9970531,0.09492262,0.8170311,0.5687266,-0.0002051143,0.8251687,0.5648863,-0.1085796,0.8646336,0.4905296,-0.2307837,0.9046677,0.358211,1,0,0,0,0,44.91142,23.13561,20.98288,18.54286,16.88333,7.062365,7.536672,5.691207,27.05647,A
1,3.141593,1,84.25,33.8775,0.5057971,-0.0522721,-0.06673799,-0.9964003,0.06950566,0.8063015,0.5874069,-0.01277829,0.8084179,0.5884703,-0.1137592,0.8425803,0.5264194,-0.2200985,0.8862809,0.4075081,1,0,0,0,0,44.7725,22.58158,20.32705,17.90641,16.70791,6.991608,7.774532,5.919408,27.39366,A
1,3.141593,1,84.25,33.47071,0.5171781,-0.04983817,-0.07609336,-0.9958544,0.09206013,0.8158477,0.5708919,0.003847222,0.8225135,0.5687326,-0.1008588,0.8573278,0.5047936,-0.2093982,0.8991697,0.3842475,1,0,0,0,0,44.73641,22.90019,20.78185,18.22914,16.87251,7.080197,7.786702,5.831716,26.90093,A
1,3.141593,1,84.25,33.65846,0.5041322,-0.05021577,-0.07826497,-0.9956671,0.1120728,0.8158386,0.5673157,0.01647108,0.8271708,0.5617091,-0.09555494,0.8624218,0.4970896,-0.210155,0.9045972,0.3708621,1,0,0,0,0,44.94594,22.96763,20.95332,18.36633,16.91211,7.023076,7.764521,5.748923,27.12737,A
1,3.141593,1,84.25,33.81971,0.5071379,-0.05117579,-0.07683286,-0.9957297,0.1199741,0.8299692,0.5447544,0.01991966,0.8423605,0.5385462,-0.09844625,0.8775909,0.4691936,-0.2231623,0.9133578,0.3405526,1,0,0,0,0,45.07776,23.51428,21.58313,18.92929,17.13616,7.104656,7.665216,5.659193,26.74189,A
1,3.141593,1,84.25,35.29407,0.486917,-0.04611373,-0.05833188,-0.9972317,0.1038152,0.8229216,0.5585896,0.007623165,0.835142,0.5499815,-0.1049821,0.8748944,0.4727986,-0.2334131,0.9129929,0.3346077,1,0,0,0,0,45.44219,23.37489,21.29254,18.74643,16.90009,7.061718,7.549113,5.633727,27.35919,A
1,3.141593,1,84.25,35.26495,0.4933128,-0.04509282,-0.0463032,-0.9979092,0.1196345,0.8303039,0.5443188,0.01654065,0.8443632,0.5355158,-0.1015958,0.8861156,0.4521919,-0.2468083,0.9231647,0.2947074,1,0,0,0,0,45.41851,23.86307,21.82393,19.35097,17.28481,7.010758,7.388721,5.510544,26.85038,A
1,3.141593,1,84.25,35.77865,0.4727022,-0.04448164,-0.04814614,-0.9978493,0.1264398,0.8178591,0.5613551,0.01691937,0.8379828,0.5454344,-0.09969632,0.8800442,0.464309,-0.2436907,0.9191209,0.3095666,1,0,0,0,0,45.71247,23.50024,21.53548,19.02288,16.98616,7.003327,7.457018,5.457022,27.52545,A
1,3.141593,1,84.25,34.46591,0.4730468,-0.01361993,-0.0576006,-0.9982468,0.1128795,0.776871,0.6194592,0.01002173,0.7935427,0.6084321,-0.1072847,0.8360785,0.5380174,-0.2331953,0.8892224,0.3935778,1,0,0,0,0,45.33049,21.98633,19.82469,17.34172,16.04596,6.785347,7.63946,5.774273,28.66201,A
1,3.141593,1,84.25,33.97153,0.4901824,-0.03071309,-0.05788915,-0.9978504,0.1270152,0.7802853,0.6123905,0.0248274,0.7945603,0.6066775,-0.09580951,0.8334589,0.544212,-0.2200639,0.8811311,0.4185451,1,0,0,0,0,44.89474,22.03526,19.86034,17.27233,15.99251,6.849412,7.710307,5.834003,28.06646,A
1,3.141593,1,84.25,33.24068,0.5301572,-0.03230029,-0.05996699,-0.9976776,0.171231,0.8192879,0.5472177,0.0481385,0.8416936,0.5378054,-0.08342425,0.8793008,0.4689035,-0.2324784,0.9170713,0.3239351,1,0,0,0,0,44.84472,23.57978,21.66369,18.78543,16.79296,6.890323,7.565773,5.41967,26.38557,A
1,3.141593,1,84.25,33.2338,0.5261841,-0.04492588,-0.05321533,-0.9975719,0.17974,0.825141,0.5355706,0.0488853,0.8466499,0.5299002,-0.08814717,0.880933,0.4649592,-0.2499674,0.9180947,0.3076012,1,0,0,0,0,44.82297,23.89889,22.11961,19.07776,17.06151,6.753344,7.501406,5.302001,26.27251,A
1,3.141593,1,84.25,32.42864,0.5330412,-0.05158886,-0.04941006,-0.9974453,0.180695,0.8192884,0.5441652,0.04678301,0.8366548,0.5457289,-0.08963204,0.8706757,0.4836217,-0.2542809,0.9085528,0.3314711,1,0,0,0,0,44.55797,23.62553,21.8512,18.93069,16.98352,6.703231,7.433522,5.328176,26.33186,A
1,3.141593,1,84.25,32.64315,0.5382004,-0.05812078,-0.03389027,-0.9977341,0.2013659,0.8255174,0.5272312,0.06563575,0.8492115,0.5239578,-0.07697408,0.8903344,0.4487535,-0.2496089,0.9242496,0.2888911,1,0,0,0,0,44.37996,24.21313,22.62583,19.88733,17.64904,6.736529,7.073855,5.150578,25.74929,A
1,3.141593,1,84.25,32.46011,0.5389071,-0.05387447,-0.03796766,-0.9978256,0.1939876,0.8225926,0.5345188,0.06086617,0.8456832,0.5302031,-0.08138704,0.8828949,0.4624638,-0.2540734,0.9176567,0.3055369,1,0,0,0,0,44.4066,24.01515,22.46728,19.55744,17.3615,6.713735,7.242871,5.189068,25.94562,A
1,3.141593,1,84.25,33.12849,0.5214497,-0.06312279,-0.022241,-0.9977579,0.2042782,0.8087946,0.5514723,0.07275832,0.8339195,0.547069,-0.07740294,0.8713266,0.4845603,-0.2515061,0.9095648,0.330812,1,0,0,0,0,44.2037,23.59923,22.08611,19.07736,16.93592,6.701116,7.270267,5.149803,26.27729,A
1,3.141593,1,84.25,33.25388,0.5127382,-0.07975339,0.003276507,-0.9968092,0.2052284,0.7908193,0.576616,0.08468439,0.8163324,0.5713405,-0.06836976,0.8561522,0.5121806,-0.2556763,0.8986785,0.3563797,1,0,0,0,0,43.77269,23.0733,21.75138,18.87551,16.70239,6.642842,7.12315,5.156404,26.58045,A
1,3.141593,1,84.25,32.79445,0.5085879,-0.08478712,-0.0165778,-0.9962612,0.1329076,0.7501625,0.6477591,0.0676651,0.7572399,0.6496223,-0.08873776,0.793644,0.601876,-0.2515828,0.8367406,0.4863859,1,0,0,0,0,43.31748,21.11433,19.36289,16.78177,15.26562,6.612819,7.232411,5.972383,27.79964,A
1,3.141593,1,84.25,32.10651,0.5260669,-0.1049917,-0.01101223,-0.9944121,0.1621373,0.7570815,0.6328816,0.06667058,0.7634652,0.6423985,-0.07614165,0.7901161,0.6082097,-0.2397451,0.8268523,0.5087609,1,0,0,0,0,43.00071,21.37252,19.68288,16.91764,15.39256,6.707483,7.52684,5.678165,26.99637,A
1,3.141593,1,84.25,31.08663,0.5522724,-0.1081279,0.02351555,-0.9938589,0.2013574,0.7584525,0.6198427,0.08961372,0.7691489,0.6327553,-0.06476731,0.7989156,0.5979456,-0.2453403,0.8386526,0.4862818,1,0,0,0,0,42.35262,21.73528,20.31781,17.62478,15.94446,6.577283,7.275872,5.446471,25.99279,A
1,3.141593,1,84.25,29.26076,0.612563,-0.0913086,0.02373402,-0.9955397,0.2145187,0.8163852,0.5361874,0.08494233,0.8246825,0.5591812,-0.07307443,0.8557159,0.5122602,-0.2755268,0.8884184,0.3671483,1,0,0,0,0,42.24035,23.78555,22.43587,19.58422,17.25012,6.677117,7.037569,5.124753,24.31194,A
1,3.141593,1,84.25,29.36131,0.5989266,-0.09012164,0.02722367,-0.9955586,0.2192564,0.8012841,0.55666,0.08019052,0.8165009,0.5717479,-0.07979291,0.8468801,0.5257635,-0.2724819,0.8796826,0.3897591,1,0,0,0,0,42.22867,23.39187,22.24157,19.39647,17.02722,6.800719,7.04026,5.037608,24.70498,A
1,3.141593,1,84.25,25.74997,0.6888183,-0.07593381,0.03603385,-0.9964615,0.2079692,0.8275811,0.5214004,0.09430066,0.8335142,0.5443909,-0.07873297,0.8596147,0.5048402,-0.2771064,0.8746501,0.3977427,0,0,0,0,0,41.41407,24.112,23.13167,20.22648,17.50031,6.777952,6.868221,5.155107,23.16902,A
1,3.046201,1,84.25,25.32999,0.7255911,-0.08852334,0.04527854,-0.9950445,0.2627747,0.8664223,0.4245726,0.09852193,0.8782697,0.4679057,-0.06876519,0.8969495,0.4367527,-0.2669946,0.9090941,0.3197842,0,0,0,0,0,41.44219,26.36774,25.35669,21.89935,18.6704,7.233043,7.284419,4.702345,20.95667,A
1,3.025966,1,84.25,27.99617,0.6902118,-0.1092422,0.04677203,-0.9929142,0.2798051,0.8716583,0.4023939,0.1129991,0.8950819,0.4313463,-0.05105835,0.9161301,0.3976163,-0.2413825,0.9268251,0.2876275,1,0,0,0,0,41.93073,26.9317,26.23631,22.60423,19.01064,7.577542,7.485552,4.641371,20.69214,A
1,2.877981,1,84.25,28.83746,0.7148638,-0.1504363,0.05702253,-0.9869738,0.280312,0.9105978,0.3037052,0.103095,0.9381045,0.3306531,-0.04817889,0.9598565,0.2763229,-0.2407085,0.9636278,0.1161076,1,0,0,0,0,42.06021,29.34741,28.93193,25.76928,22.31839,7.494447,7.243834,4.519129,18.41766,A
1,2.897024,1,84.25,30.22993,0.6709685,-0.1332266,0.03181871,-0.9905747,0.2640922,0.9051282,0.3331641,0.09706943,0.9342077,0.3432686,-0.04788224,0.9601916,0.2752078,-0.2394334,0.9644739,0.1116321,1,0,0,0,0,42.78764,28.73804,28.38534,25.39909,22.24692,7.276969,7.061064,4.504955,19.76194,A
1,3.125092,1,84.25,31.56429,0.5636342,-0.1173561,-0.002583893,-0.9930865,0.230637,0.8291488,0.5092337,0.08059453,0.8609462,0.5022709,-0.06875071,0.8984181,0.4337259,-0.2586372,0.9197001,0.2953955,1,0,0,0,0,42.87656,24.50896,23.69712,21.23485,18.59231,6.964782,6.773026,4.709318,24.08753,A
1,3.034155,1,84.25,31.8706,0.6009914,-0.1021728,0.02031154,-0.9945593,0.2487711,0.8631839,0.4393479,0.09840763,0.8960693,0.4328691,-0.04685236,0.9337766,0.3547762,-0.237529,0.9505365,0.2001506,1,0,0,0,0,43.10949,26.29762,25.64795,22.88592,19.877,7.052934,6.908921,4.662696,22.48675,A
1,2.974436,1,84.25,33.02488,0.5836604,-0.085142,0.02446675,-0.9960684,0.2391432,0.8739303,0.4231504,0.08672951,0.9100473,0.4053295,-0.05184649,0.9474577,0.3156516,-0.2368101,0.9620141,0.1358307,1,0,0,0,0,43.6848,27.1246,26.57384,23.7553,20.70312,7.136657,6.981752,4.576351,22.49275,A
1,3.084306,1,84.25,33.40516,0.5542291,-0.06846451,0.01483346,-0.9975433,0.208263,0.8326578,0.5131351,0.07641058,0.8669891,0.4924341,-0.05553813,0.9138343,0.4022716,-0.2255939,0.943588,0.2423819,1,0,0,0,0,43.805,25.0336,24.21366,21.77205,18.98509,7.130025,6.935252,4.94565,24.30562,A
1,3.141593,1,84.25,33.60867,0.5369302,-0.06014456,3.141658E-05,-0.9981897,0.1840787,0.8138895,0.5510888,0.0629022,0.8387254,0.5409094,-0.0703207,0.8838519,0.4624507,-0.2270471,0.9199908,0.3194783,1,0,0,0,0,44.00861,23.80934,22.41871,19.9171,17.58718,7.05676,7.123299,5.244758,25.46105,A
1,3.141593,1,84.25,33.93975,0.5250582,-0.06762671,0.002726959,-0.9977069,0.1685689,0.8077712,0.5648808,0.05431817,0.8281088,0.5579295,-0.08131672,0.8715316,0.4835497,-0.2344439,0.9080543,0.347093,1,0,0,0,0,43.98611,23.48902,21.93721,19.43016,17.23568,7.038581,7.144359,5.356967,25.83314,A
1,3.141593,1,84.25,33.84196,0.5239933,-0.08769465,-0.00320884,-0.9961422,0.1691127,0.8204393,0.5461503,0.05238804,0.8396343,0.5406197,-0.08476509,0.8808258,0.4657904,-0.2429149,0.9131925,0.3272184,1,0,0,0,0,43.9954,23.89337,22.39726,19.87801,17.5972,7.037285,7.053357,5.258586,25.59344,A
1,3.141593,1,84.25,33.40623,0.5217965,-0.08545079,-0.01722643,-0.9961935,0.166345,0.8078996,0.5653561,0.06062829,0.8285366,0.5566429,-0.07140883,0.8698552,0.4881114,-0.2200156,0.9082614,0.3558852,1,0,0,0,0,43.9604,23.37121,21.85712,19.36301,17.29754,6.986518,7.168372,5.362216,26.08298,A
1,3.141593,1,84.25,33.63415,0.5330291,-0.07046399,0.009598489,-0.9974681,0.1689103,0.8034093,0.5709665,0.05393342,0.8301176,0.5549738,-0.07629861,0.8759197,0.4763856,-0.2334386,0.9156106,0.3273585,1,0,0,0,0,43.5688,23.54213,22.25258,19.81907,17.65812,6.964294,7.103055,5.203102,25.46998,A
1,3.141593,1,84.25,33.75184,0.5185673,-0.05264306,-0.01359516,-0.9985209,0.05796612,0.7737317,0.630856,-0.01904302,0.7750838,0.6315714,-0.1373167,0.8107318,0.5690854,-0.2688785,0.8535556,0.4462593,1,0,0,0,0,44.06418,21.89268,19.70236,17.40999,16.25078,6.752015,7.614799,5.963289,27.17317,A
1,3.141593,1,84.25,33.11687,0.5113307,-0.03607288,-0.007882177,-0.9993181,0.01764617,0.7293298,0.6839346,-0.04486107,0.7310091,0.6808914,-0.1686171,0.7636961,0.6231666,-0.2837424,0.8058466,0.5197128,1,0,0,0,0,43.81437,20.66216,18.50191,16.44184,15.70063,6.758538,7.618013,6.201214,28.18345,A
1,3.141593,1,84.25,33.0535,0.5088536,-0.03962693,-0.01128,-0.9991509,0.01194509,0.7299244,0.6834235,-0.05400483,0.7290983,0.682275,-0.1835589,0.7576665,0.6262968,-0.3004239,0.7967585,0.5243294,1,0,0,0,0,43.73959,20.63091,18.45637,16.33397,15.58961,6.76921,7.599626,6.154521,28.21826,A
1,3.141593,1,84.25,32.93931,0.4982254,-0.03120101,-0.005335985,-0.9994989,0.01113975,0.715267,0.6987624,-0.06902429,0.7139485,0.6967877,-0.1952671,0.7411616,0.6423007,-0.3087294,0.7824491,0.5407953,1,0,0,0,0,43.59907,20.36579,18.20398,16.18328,15.55891,6.755209,7.680065,6.093128,28.53256,A
1,3.141593,1,84.25,32.89378,0.497915,-0.02746522,-0.009994337,-0.9995728,-0.03083461,0.7253821,0.6876555,-0.1073759,0.7151892,0.6906337,-0.2249742,0.7364777,0.6379554,-0.3215367,0.7749488,0.5441217,1,0,0,0,0,43.87654,20.61673,18.28976,16.32658,15.84236,6.887115,7.825555,6.191723,28.68217,A
1,3.141593,1,84.25,32.79675,0.4867243,-0.03155239,-0.003211257,-0.9994969,-0.03685231,0.7144086,0.6987577,-0.1161248,0.7068082,0.6978088,-0.2293268,0.7240968,0.650456,-0.3227721,0.7623658,0.5609069,1,0,0,0,0,43.91023,20.32945,18.12699,16.2453,15.88096,6.862372,7.907421,6.090552,29.14252,A
1,3.141593,1,84.25,32.59508,0.4876486,-0.01451881,-0.02431643,-0.9995989,-0.0123145,0.7275401,0.6859546,-0.1056059,0.7292355,0.6760644,-0.2060905,0.7493374,0.6293014,-0.3012655,0.790311,0.5335239,1,0,0,0,0,44.15121,20.4032,18.33487,16.31822,15.94072,6.842526,8.070274,5.858396,29.12154,A
1,3.141593,1,84.25,33.0513,0.5108311,-0.01447301,-0.0366124,-0.9992247,-0.009663687,0.7547265,0.6559684,-0.06249982,0.7523597,0.655781,-0.1834622,0.7806023,0.5974961,-0.2779799,0.8205673,0.4993961,1,0,0,0,0,44.44906,21.12919,18.79599,16.57218,15.89054,6.98176,7.780629,6.331446,28.47639,A
1,3.141593,1,84.25,33.64038,0.5019248,-0.06554452,-0.05743965,-0.9961951,0.05039342,0.7949915,0.6045239,-0.01543438,0.7821961,0.6228412,-0.123006,0.815488,0.5655519,-0.2174004,0.8639925,0.454152,1,0,0,0,0,44.91941,22.36263,19.59868,17.29913,16.44566,6.95451,7.86121,6.374047,27.86609,A
1,3.141593,1,84.25,34.10618,0.4897773,-0.0743779,-0.05424,-0.995754,0.06199647,0.7812515,0.62113,-0.008461695,0.7788391,0.6271667,-0.1073779,0.8153941,0.5688607,-0.1964261,0.8639111,0.4637611,1,0,0,0,0,44.76167,21.87699,19.45179,17.22366,16.39866,7.011485,7.837285,6.120068,28.13362,A
1,3.141593,1,84.25,34.28556,0.4827946,-0.0961288,-0.05570787,-0.9938087,0.1263552,0.7841239,0.6076052,0.03529834,0.7934838,0.6075669,-0.06285513,0.8312768,0.5522935,-0.1639827,0.8811879,0.4434159,1,0,0,0,0,44.49433,21.9823,19.88771,17.55992,16.57479,6.927899,7.787253,5.734426,27.74271,A
1,3.141593,1,84.25,34.31361,0.4776556,-0.1134191,-0.0505802,-0.9922589,0.1499739,0.7752302,0.6136171,0.05832022,0.7843438,0.6175789,-0.04218891,0.8206956,0.569806,-0.1412944,0.8727875,0.4672021,1,0,0,0,0,44.2753,21.81072,19.68784,17.32972,16.47604,6.883018,7.85198,5.732571,27.74028,A
1,3.141593,1,84.25,33.93839,0.4833652,-0.1350579,-0.04303152,-0.9899029,0.1758095,0.7663868,0.617853,0.08439864,0.7773874,0.6233344,-0.02001415,0.8135361,0.5811698,-0.1232571,0.8660344,0.4845535,1,0,0,0,0,43.73557,21.6035,19.61323,17.29041,16.47594,6.821498,7.792503,5.675481,27.38831,A
1,3.141593,1,84.25,33.08461,0.5041313,-0.1246434,-0.03652588,-0.991529,0.1824428,0.7583483,0.6257975,0.1077553,0.7690529,0.6300368,-0.00426904,0.8131852,0.5819894,-0.09766001,0.8668961,0.4888289,1,0,0,0,0,43.74785,21.31997,19.33575,17.12034,16.33511,6.898369,7.504064,5.801444,27.54961,A
1,3.141593,1,84.25,33.03603,0.4909269,-0.1352191,-0.04010833,-0.9900036,0.2297144,0.7334678,0.6397314,0.1361432,0.7605487,0.634847,0.0328977,0.8087102,0.5872866,-0.07622529,0.8679944,0.4906887,1,0,0,0,0,43.41376,20.84337,19.15705,17.02518,16.23437,6.719167,7.533057,5.467787,27.63853,A
1,3.141593,1,84.25,32.62032,0.4729583,-0.1584539,-0.03146442,-0.9868649,0.2959425,0.7057906,0.643644,0.166014,0.7444458,0.6467146,0.0574617,0.7897071,0.6107872,-0.07104458,0.8516486,0.5192758,1,0,0,0,0,43.31794,20.57439,18.91452,16.69869,15.82683,6.563805,7.577157,5.20662,27.88568,A
1,3.141593,1,84.25,32.08667,0.5103946,-0.1713207,-0.06589168,-0.9830095,0.2879798,0.7600036,0.5826339,0.1823705,0.7832819,0.5943151,0.05223159,0.8248476,0.5629372,-0.08553407,0.8783372,0.4703271,1,0,0,0,0,43.6034,21.61008,19.77592,17.09677,15.89041,6.696962,7.536539,5.556707,26.98515,A
1,3.141593,1,84.25,33.36472,0.483034,-0.2016952,-0.04267531,-0.9785182,0.3167501,0.7423299,0.5904369,0.2029376,0.7684687,0.6068543,0.085676,0.814583,0.5736847,-0.04496309,0.8747643,0.482458,1,0,0,0,0,43.56298,21.38184,19.53241,17.11051,16.06389,6.64256,7.513619,5.448389,27.13293,A
1,3.141593,1,84.25,33.15028,0.4749763,-0.2000318,-0.01871751,-0.9796106,0.3320621,0.7129295,0.6176295,0.2038827,0.7454786,0.6345814,0.0911369,0.7947377,0.6000717,-0.03944664,0.8602363,0.5083673,1,0,0,0,0,43.11238,20.97103,19.19499,17.00828,16.07548,6.543672,7.394968,5.291219,27.24107,A
1,3.141593,1,84.25,32.41218,0.4963371,-0.172373,-0.005947883,-0.9850138,0.3007377,0.7154639,0.6306094,0.2055161,0.7380011,0.6427422,0.06257144,0.7948549,0.6035647,-0.06379813,0.8533489,0.5174219,1,0,0,0,0,43.14229,20.89178,19.11049,16.893,15.76262,6.729409,6.994403,5.596744,27.4814,A
1,3.141593,1,84.25,30.99705,0.5249465,-0.1714549,-0.03081773,-0.9847099,0.3554524,0.7390788,0.5722028,0.244425,0.7781652,0.5785459,0.09535345,0.8258699,0.5557398,-0.0555598,0.8870096,0.4583961,1,0,0,0,0,42.96104,21.67095,20.3312,17.43744,16.00694,6.719469,7.303286,5.233071,26.49033,A
1,3.141593,1,84.25,29.88781,0.5578587,-0.1658121,0.02994821,-0.9857025,0.362586,0.7470201,0.5572184,0.2159584,0.7831588,0.583116,0.04727176,0.8287991,0.5575459,-0.1168178,0.8765758,0.4668709,1,0,0,0,0,42.21292,22.25012,20.95244,18.27652,16.42217,6.689938,6.881024,4.938345,25.40476,A
1,3.141593,1,84.25,31.77651,0.5262552,-0.1568665,0.01549031,-0.9874983,0.2602117,0.7279791,0.6342998,0.1437326,0.7369155,0.6605275,-0.01176905,0.7833874,0.6214223,-0.1444709,0.8399498,0.5230797,1,0,0,0,0,42.06079,21.5008,19.54474,17.05881,15.76541,6.890005,7.040812,5.650064,26.21001,A
1,3.141593,1,84.25,31.70713,0.5140579,-0.1720994,-0.002691675,-0.9850759,0.2668651,0.7289847,0.6303684,0.1448736,0.7405426,0.6562075,-0.002885785,0.7858281,0.6184382,-0.1448492,0.8432869,0.517577,1,0,0,0,0,41.89075,21.37798,19.50993,17.13588,15.92254,6.763243,7.048131,5.49115,26.27619,A
1,3.141593,1,84.25,30.49269,0.5265457,-0.1357488,0.03144412,-0.9902442,0.3097044,0.6969798,0.646763,0.1635403,0.7256637,0.6683313,0.007276477,0.7713907,0.6363202,-0.1534503,0.8314077,0.5340544,1,0,0,0,0,41.75581,20.83194,19.23769,16.82967,15.55455,6.520345,7.113313,5.250229,26.4513,A
1,3.141593,1,84.25,28.69931,0.5733606,-0.1464995,0.01037375,-0.9891563,0.2566648,0.7310991,0.632153,0.1464389,0.7456509,0.6500464,-0.004430104,0.7777262,0.6285875,-0.1707597,0.8259786,0.5372155,1,0,0,0,0,41.03239,21.15086,19.79142,17.31348,15.98658,6.480628,7.155385,5.40666,25.60864,A
1,3.141593,1,84.25,29.83294,0.5700479,-0.1578769,0.01432112,-0.9873549,0.2517548,0.7523879,0.6087133,0.1443309,0.764741,0.6279648,-0.01667669,0.7983461,0.6019679,-0.198075,0.8476462,0.4922014,1,0,0,0,0,41.20263,21.68778,20.31645,17.79726,16.36376,6.478781,7.017278,5.384526,25.11146,A
1,3.141593,1,84.25,29.15394,0.6144229,-0.1542548,0.03616386,-0.987369,0.2771042,0.7894772,0.5476669,0.1355282,0.8090137,0.5719519,-0.03186722,0.8439251,0.5355137,-0.2379004,0.8807935,0.4093975,1,0,0,0,0,41.47008,22.97211,21.74021,19.2057,17.04449,6.809002,6.840385,5.03864,23.73616,A
1,3.141593,1,84.25,28.16668,0.6324107,-0.1521965,0.03333057,-0.9877881,0.2807649,0.8008766,0.5289307,0.1358628,0.8137282,0.5651439,-0.03279182,0.84484,0.5340132,-0.2409831,0.874776,0.42035,1,0,0,0,0,41.1118,23.3944,22.07768,19.45743,17.04975,6.845555,6.836268,5.009015,23.27045,A
1,3.141593,1,84.25,28.45762,0.6251681,-0.1550592,0.03378877,-0.9873272,0.3073519,0.7976584,0.518918,0.1426647,0.8252469,0.5464562,-0.02506814,0.8585631,0.5120947,-0.2311262,0.887239,0.3992338,1,0,0,0,0,41.15199,23.55757,22.54469,19.85826,17.36332,6.899455,6.874242,4.784604,23.05365,A
1,3.141593,1,84.25,27.81255,0.6235732,-0.1469086,0.033376,-0.9885868,0.2906179,0.7928063,0.5357233,0.1386121,0.8066655,0.5745236,-0.0292872,0.8362332,0.5475914,-0.2372138,0.8691893,0.4338658,0,0,0,0,0,41.11014,23.35101,22.06763,19.26559,16.99214,6.673916,6.963602,4.988424,23.58113,A
1,3.141593,1,84.25,27.43095,0.6475073,-0.1591901,0.03331221,-0.9866858,0.3012918,0.8141997,0.4962883,0.1427636,0.8308882,0.5378136,-0.0278015,0.8562791,0.5157645,-0.2340489,0.8816851,0.4096981,0,0,0,0,0,41.1958,24.16284,22.99493,20.02409,17.4312,6.92083,7.076522,4.942038,22.6492,A
1,3.141593,1,84.25,27.12185,0.6355699,-0.1472094,0.0114975,-0.9890385,0.2725356,0.8024028,0.5309181,0.1398763,0.8089505,0.5709937,-0.02643087,0.8386171,0.5440797,-0.2244986,0.871152,0.4366858,0,0,0,0,0,41.10858,23.42881,22.01542,19.21549,17.09857,6.632234,6.958845,5.145669,23.55997,A
1,3.141593,1,84.25,27.02016,0.6410419,-0.1461979,0.01940191,-0.9890651,0.2618648,0.8050255,0.5323164,0.1250141,0.8107125,0.5719413,-0.048473,0.8377216,0.543942,-0.2560118,0.8655698,0.4304032,0,0,0,0,0,41.01253,23.42368,22.02852,19.21865,17.02492,6.612551,6.864563,5.103779,23.45907,A
1,3.141593,1,84.25,26.14736,0.669851,-0.1482733,0.004112188,-0.9889379,0.2585642,0.8310689,0.4924114,0.1180361,0.8400245,0.5295531,-0.05497638,0.8619653,0.5039777,-0.2591526,0.8825792,0.3922931,0,0,0,0,0,41.09518,24.2417,23.06494,20.05011,17.66734,6.732361,6.949955,4.975476,22.63158,A
1,3.139876,1,84.25,26.13347,0.6744496,-0.146951,-0.002443726,-0.9891407,0.225502,0.8398634,0.4937392,0.1007313,0.8478283,0.5206153,-0.06728433,0.8702915,0.4879194,-0.2578932,0.8884867,0.3795818,0,0,0,0,0,41.18201,24.33661,23.33339,20.62809,18.31052,6.76946,6.774539,4.975032,22.60509,A
1,3.126009,1,84.25,26.84544,0.6625654,-0.1512559,-0.00356409,-0.9884882,0.2218955,0.8440837,0.4881447,0.07984453,0.8622156,0.500209,-0.08459569,0.8888406,0.4503399,-0.27992,0.9004875,0.332817,0,0,0,0,0,41.52062,24.23304,23.63036,21.31511,19.00546,6.728892,6.504912,4.722741,22.73041,A
1,3.108334,1,84.25,28.64374,0.6483774,-0.1608888,0.002563109,-0.9869692,0.2349634,0.8545816,0.4631225,0.08421489,0.8740971,0.4783953,-0.07416159,0.9025179,0.4242188,-0.2657352,0.9132816,0.3087096,1,0,0,0,0,42.05057,24.87906,24.21189,21.7171,19.15686,6.885128,6.651159,4.673883,22.38969,A
1,3.141593,1,84.25,31.58562,0.5623565,-0.1390827,-0.01381846,-0.9901844,0.2131508,0.8117485,0.5437196,0.09832154,0.8255016,0.5557697,-0.05730165,0.8647913,0.4988512,-0.2432265,0.8988962,0.3644537,1,0,0,0,0,42.96529,23.29693,21.93235,19.33282,17.33834,6.629275,6.804702,5.221156,25.06966,A
1,3.141593,1,84.25,33.10717,0.5309007,-0.1459272,0.00108653,-0.9892948,0.2213669,0.8039265,0.5519954,0.09543646,0.8245263,0.557717,-0.04780062,0.8706738,0.4895327,-0.2298474,0.9081289,0.3499601,1,0,0,0,0,43.15957,23.25166,21.81698,19.59836,17.60631,6.625275,6.721852,5.075962,25.35005,A
1,3.11571,1,84.25,33.49311,0.5397382,-0.1483596,-0.008481508,-0.9888971,0.2782602,0.8375968,0.4701093,0.1272927,0.8674044,0.481047,-0.0148107,0.9145281,0.404251,-0.1996265,0.9441967,0.2619958,1,0,0,0,0,43.98939,25.32929,23.94086,21.5354,18.83724,7.007772,6.753016,4.923635,24.14967,A
1,3.017225,1,84.25,32.3116,0.6014172,-0.1537813,0.01624962,-0.9879712,0.2807865,0.8722504,0.4004225,0.1187283,0.9042944,0.4100673,-0.02519663,0.9461204,0.3228332,-0.2181085,0.9621549,0.1633608,1,0,0,0,0,43.39275,26.90227,25.9873,23.60018,20.66339,7.130787,6.624664,4.65778,21.95967,A
1,2.992369,1,84.25,31.62688,0.6251276,-0.1295448,0.01350043,-0.9914817,0.2975434,0.874283,0.3835323,0.1423941,0.9122664,0.3840494,-0.001989739,0.9515985,0.3073374,-0.1893585,0.971299,0.1439504,1,0,0,0,0,43.30461,27.45743,26.71898,23.86741,20.96565,6.997829,6.972709,4.65572,21.33225,A
1,3.036904,1,84.25,31.98254,0.6074513,-0.1153735,0.01140712,-0.9932567,0.2869273,0.8630779,0.415655,0.135608,0.8987734,0.4169135,-0.01033656,0.9385362,0.3450261,-0.1934586,0.9623803,0.1907824,1,0,0,0,0,43.42677,26.71664,25.81551,22.89005,20.06241,6.953456,7.058072,4.739336,22.15142,A
1,3.059848,1,84.25,32.89771,0.5841586,-0.1229809,0.01798236,-0.9922461,0.2774155,0.8513094,0.4453234,0.1327328,0.8881242,0.4400198,-0.007259527,0.9318542,0.3627602,-0.1827698,0.9609741,0.2076633,1,0,0,0,0,43.40906,26.11986,25.20654,22.5003,19.78443,7.005305,6.940939,4.734283,22.7617,A
1,3.141593,1,84.25,32.2151,0.5554976,-0.1056899,0.01238635,-0.994322,0.2316775,0.7847607,0.5748706,0.1155789,0.8077615,0.5780683,-0.02414272,0.8521913,0.5226731,-0.1744406,0.8933194,0.414187,1,0,0,0,0,42.85952,23.08697,21.57157,19.0799,17.08183,6.940426,7.186331,5.282927,25.04959,A
1,3.141593,1,84.25,31.90279,0.5605111,-0.09492506,0.001864211,-0.9954827,0.1791392,0.7707836,0.6113934,0.08938961,0.7848946,0.6131475,-0.05141545,0.8241183,0.5640794,-0.1976266,0.8695268,0.4526221,1,0,0,0,0,42.70528,21.93176,20.28,17.80081,16.44121,6.682798,7.349549,5.61157,25.61503,A
1,3.141593,1,84.25,33.52833,0.5440992,-0.1109663,-0.03363555,-0.9932548,0.2263681,0.825129,0.5176095,0.1102602,0.8485286,0.5175344,-0.02444804,0.8879977,0.4591975,-0.1740508,0.9230754,0.3429841,1,0,0,0,0,43.68119,24.11276,22.62502,19.83829,17.60713,7.074956,7.43289,5.329103,24.6071,A
1,3.141593,1,84.25,33.92148,0.5159047,-0.1055648,-0.03614501,-0.9937553,0.2152826,0.8015088,0.5578862,0.1060945,0.8250539,0.5550045,-0.01847913,0.8676441,0.4968422,-0.1568224,0.9103062,0.3830789,1,0,0,0,0,43.96975,23.1954,21.56075,18.91199,16.96608,7.0765,7.520724,5.388299,25.90991,A
1,3.141593,1,84.25,33.79782,0.5261774,-0.1050327,-0.03251664,-0.993937,0.2210422,0.8103889,0.5425958,0.1039826,0.8384995,0.5348889,-0.01766383,0.87813,0.4780961,-0.1564797,0.9189071,0.3621101,1,0,0,0,0,43.90227,23.66309,22.14427,19.30601,17.26536,7.141804,7.62068,5.246572,25.355,A
1,3.141593,1,84.25,33.49364,0.5479242,-0.110932,-0.03161087,-0.9933251,0.2335963,0.8275698,0.5104516,0.1175428,0.8544153,0.5061208,-0.01441852,0.8924715,0.4508734,-0.1649106,0.9282023,0.3335341,1,0,0,0,0,43.52855,24.3659,22.97713,20.01231,17.70006,7.167886,7.582224,5.246801,24.25092,A
1,3.141593,1,84.25,33.41362,0.5572904,-0.1214167,-0.03131604,-0.9921075,0.2437081,0.8414983,0.482169,0.1225991,0.8702248,0.4771566,-0.0132428,0.9064473,0.4221112,-0.1696323,0.9370125,0.30534,1,0,0,0,0,43.6961,25.03477,23.7665,20.64772,18.03592,7.271392,7.55075,5.145126,23.79563,A
1,3.141593,1,84.25,32.9224,0.548668,-0.1030004,-0.03536636,-0.9940524,0.2391657,0.818579,0.5222338,0.1277341,0.8433178,0.5220144,-0.004299677,0.8870788,0.4615981,-0.1496197,0.9272001,0.3433859,1,0,0,0,0,43.98915,24.04819,22.49328,19.65169,17.35825,7.14671,7.409789,5.313009,25.10366,A
1,3.141593,1,84.25,31.83817,0.543125,-0.08020797,-0.0225049,-0.996524,0.1931485,0.7721942,0.6053178,0.1115038,0.785881,0.6082417,-0.03526164,0.8292567,0.5577544,-0.1651962,0.8728389,0.4591977,1,0,0,0,0,43.99304,21.95091,19.93553,17.37238,15.94229,6.878661,7.306178,5.776215,26.99856,A
1,3.141593,1,84.25,34.48399,0.5145185,-0.1029696,-0.04586385,-0.9936265,0.2580705,0.8230175,0.5060058,0.1377498,0.8485231,0.5109143,-0.005842658,0.8897741,0.4563637,-0.1457453,0.9322966,0.3310304,1,0,0,0,0,44.98328,24.04955,22.01692,18.81383,16.81987,7.060655,7.53848,5.308085,25.98029,A
1,3.141593,1,84.25,33.78991,0.5189369,-0.1010297,-0.00353219,-0.9948772,0.2422037,0.7910305,0.5617901,0.1313318,0.8116098,0.5692464,-0.02519098,0.8501187,0.5259882,-0.1720749,0.8898873,0.4224818,1,0,0,0,0,44.15229,22.80287,20.97448,17.78292,15.91922,7.045817,7.525133,5.412105,26.46674,A
1,3.141593,1,84.25,30.4256,0.6054481,-0.1200006,0.03767138,-0.9920589,0.2024842,0.7968799,0.5691947,0.09653272,0.8026194,0.5886285,-0.06545977,0.8355584,0.5454882,-0.2456027,0.8629913,0.4415033,1,0,0,0,0,42.34017,22.83652,21.26824,18.56909,16.45889,6.716738,7.134827,5.457849,24.48093,A
1,3.141593,1,84.25,28.18361,0.6559014,-0.1111799,0.01932506,-0.9936124,0.1860351,0.8171369,0.545599,0.1311177,0.8193644,0.5580772,-0.02641764,0.8512253,0.5241351,-0.2173134,0.8817243,0.4187327,1,0,0,0,0,42.30986,23.37248,22.03947,19.06379,16.86359,6.533372,7.26614,5.784506,24.12245,A
1,3.141593,1,84.25,30.06735,0.594451,-0.1215186,0.05664844,-0.9909714,0.2646452,0.7549375,0.6000268,0.1769309,0.757025,0.6289742,0.01852397,0.8065548,0.5908691,-0.1668296,0.8544759,0.4919744,1,0,0,0,0,41.98737,22.53829,20.62283,18.22373,16.2,6.717184,7.196208,5.829981,24.7541,A
1,3.141593,1,84.25,29.55525,0.6013075,-0.1162377,0.08492528,-0.989584,0.253599,0.73178,0.6326022,0.1598501,0.7305908,0.6638411,-0.003882961,0.7835802,0.6212784,-0.184528,0.8287455,0.5283278,1,0,0,0,0,41.27531,21.90732,20.07626,17.96198,16.20268,6.537278,6.941992,5.895536,24.69118,A
1,3.136112,1,84.25,29.54177,0.6466902,-0.1457561,0.08515245,-0.9856492,0.3851895,0.7959854,0.4669436,0.1901315,0.8282468,0.5271215,0.03434046,0.8753947,0.4821875,-0.1537556,0.9103764,0.3841535,1,0,0,0,0,41.77785,25.57193,23.67148,20.71703,17.92558,7.158663,7.366411,5.653696,21.18793,A
1,3.1211,1,84.25,29.41093,0.6484814,-0.1462717,0.06831027,-0.9868831,0.376383,0.8098602,0.4499581,0.1853205,0.8344686,0.518959,0.02814786,0.8777059,0.4783723,-0.1590651,0.9097287,0.3835258,1,0,0,0,0,41.96043,25.95341,23.85171,20.85985,17.93327,7.219919,7.401824,5.71831,21.16658,A
1,3.141593,1,84.25,29.5059,0.633634,-0.1450161,0.03789032,-0.9887035,0.3141813,0.8136583,0.4891322,0.1671142,0.8236749,0.5418786,0.005478439,0.8652569,0.5012987,-0.1826525,0.8969072,0.4027351,1,0,0,0,0,42.00984,24.94953,22.92929,20.05972,17.49579,6.978705,7.293685,5.599058,22.28596,A
1,3.104156,1,84.25,25.98247,0.6913374,-0.1623119,0.004231088,-0.9867304,0.2461023,0.8482291,0.4689788,0.1440323,0.8646197,0.4813393,-0.01842557,0.8995769,0.4363736,-0.2103612,0.9213213,0.3269788,0,0,0,0,0,41.34778,24.76464,24.29264,21.69328,19.27872,6.675194,6.72669,5.079285,22.15199,A
1,2.961851,1,84.25,29.22528,0.6575768,-0.1643187,0.0159253,-0.9862788,0.3501787,0.8572943,0.3773876,0.1758058,0.9093879,0.3769695,0.03574215,0.9523234,0.3029896,-0.1503479,0.9756657,0.1595995,1,0,0,0,0,41.93291,27.17976,27.30561,24.65429,21.7816,7.115634,6.884772,4.544641,20.41134,A
1,3.121452,1,84.25,31.91218,0.588054,-0.1702368,-0.01743862,-0.9852489,0.286734,0.8420987,0.4567861,0.1615415,0.8706036,0.4647083,0.01490826,0.9197173,0.392298,-0.1759371,0.9430974,0.2821584,1,0,0,0,0,41.90998,25.30855,24.48379,21.94528,18.94912,7.164452,6.866373,4.95813,22.32364,A
1,3.119837,1,84.25,31.71565,0.5921666,-0.1740957,0.005248018,-0.9847147,0.3312741,0.836397,0.4366895,0.1883055,0.871205,0.4533685,0.03982516,0.9186735,0.393005,-0.1539434,0.9529241,0.2612225,1,0,0,0,0,41.99365,25.46181,24.69198,21.85613,19.23914,6.811001,6.962146,4.832788,22.21538,A
1,3.141593,1,84.25,32.16907,0.5743545,-0.165452,0.02299742,-0.9859496,0.3225471,0.8128223,0.4850601,0.1870334,0.8498138,0.4927829,0.0423566,0.8986464,0.4366241,-0.144949,0.9434557,0.2981295,1,0,0,0,0,41.86306,24.56233,23.86132,21.01466,18.74582,6.652985,7.0038,4.859279,23.01173,A
1,3.000948,1,84.25,33.32743,0.5682667,-0.1892252,0.03197483,-0.981413,0.3278905,0.8404014,0.4315244,0.1749637,0.8900791,0.420888,0.03826923,0.9362681,0.3491955,-0.1505426,0.967167,0.2047562,1,0,0,0,0,41.86609,26.26448,26.19981,23.65782,20.84257,7.035542,6.81637,4.541151,21.75065,A
1,2.928792,1,84.25,33.96707,0.5683512,-0.2088491,0.008380492,-0.9779119,0.329521,0.8745059,0.3558865,0.1720344,0.9211392,0.3491514,0.03782885,0.9626325,0.2681561,-0.1525334,0.9810007,0.1198802,1,0,0,0,0,42.30329,27.98713,27.94296,25.41274,22.19362,7.2533,6.827688,4.435699,20.81115,A
1,3.10169,1,84.25,32.66536,0.5617943,-0.2034215,-0.04162068,-0.9782062,0.3018224,0.8492818,0.4331555,0.1719133,0.8886973,0.4250446,0.04232813,0.9378988,0.3443172,-0.1363081,0.9685555,0.2081355,1,0,0,0,0,42.5426,25.2833,24.98443,22.81219,20.26462,6.898965,6.65519,4.689034,22.89312,A
1,3.141593,1,84.25,32.39294,0.5317168,-0.1589838,-0.0524449,-0.9858872,0.2561555,0.7982249,0.5451801,0.150803,0.8263575,0.5425788,0.01708115,0.8775354,0.4792075,-0.1459805,0.9272432,0.3448327,1,0,0,0,0,42.94209,22.54488,21.29667,19.13748,17.53641,6.596591,6.808738,5.136978,25.54261,A
1,3.141593,1,84.25,33.17755,0.5255911,-0.1727485,-0.0631797,-0.9829376,0.3023628,0.82444,0.4784093,0.1718663,0.8659961,0.4695878,0.0422974,0.9181457,0.3939791,-0.1334217,0.9603651,0.24474,1,0,0,0,0,43.33178,24.13754,23.29313,21.01214,18.80121,6.811003,6.725404,4.761693,24.64853,A
1,3.141593,1,84.25,34.15056,0.5297118,-0.1495816,-0.04954249,-0.9875074,0.3214202,0.8265939,0.4619866,0.1905939,0.8639822,0.4660566,0.0582476,0.9165654,0.3956197,-0.1108695,0.9618078,0.2502671,1,0,0,0,0,43.70293,24.73674,23.38834,20.72155,18.38347,6.865983,7.053227,4.986744,24.24113,A
1,3.14096,1,84.25,35.79221,0.5274026,-0.1659567,-0.01918925,-0.9859464,0.3583072,0.8555884,0.3736101,0.1923685,0.8958555,0.4005462,0.05661345,0.9395119,0.3378051,-0.1128605,0.9740136,0.196367,1,0,0,0,0,43.59605,26.90588,25.38237,21.87241,19.0119,7.277441,7.577204,4.858728,22.44441,A
1,3.141593,1,84.25,35.42067,0.5137591,-0.1387081,-0.03262442,-0.9897958,0.3052321,0.8358701,0.4562395,0.1609985,0.8681255,0.4695079,0.02236208,0.9119079,0.4097852,-0.1414151,0.9524921,0.2697416,1,0,0,0,0,44.01039,25.11431,23.47913,20.16022,17.76921,7.007721,7.565053,5.053331,24.21489,A
1,3.141593,1,84.25,35.32229,0.5108845,-0.1182639,-0.04200106,-0.9920936,0.2692637,0.8276435,0.4924462,0.1391943,0.853903,0.5014725,0.008063063,0.8991029,0.437663,-0.1514681,0.9434019,0.2950429,1,0,0,0,0,44.31046,24.23859,22.46103,19.3757,17.25198,6.922801,7.588213,5.257035,25.07717,A
1,3.141593,1,84.25,35.78106,0.5164274,-0.09920581,-0.03951673,-0.9942819,0.2526013,0.8426389,0.4755546,0.1239492,0.8637568,0.4884268,-0.006429808,0.9092957,0.4161009,-0.1592696,0.9518501,0.2619439,1,0,0,0,0,44.65974,24.95826,22.83772,19.7808,17.63873,6.903308,7.606265,5.413161,24.74175,A
1,3.141593,1,84.25,34.40851,0.5285024,-0.06495933,-0.06675877,-0.9956523,0.2186958,0.8340504,0.50649,0.09734219,0.8556785,0.5082704,-0.03273665,0.8984078,0.4379404,-0.1746225,0.9404329,0.291707,1,0,0,0,0,44.98802,24.42881,22.18565,19.16163,17.11466,7.070221,7.661369,5.521581,25.47071,A
1,3.141593,1,84.25,34.88522,0.5160747,-0.0663802,-0.06766888,-0.9954972,0.2254299,0.8243383,0.5192761,0.1034384,0.8487736,0.5185401,-0.02817061,0.8893149,0.4564268,-0.1690288,0.9351422,0.3113489,1,0,0,0,0,44.80939,24.02269,21.87617,18.64767,16.83388,6.996364,7.878416,5.509181,25.63246,A
1,3.141593,1,84.25,34.83919,0.5247076,-0.08253098,-0.06938907,-0.99417,0.2379387,0.8396571,0.4882224,0.1075374,0.8642173,0.4914918,-0.02052381,0.9081786,0.4180793,-0.1680209,0.9492573,0.2658562,1,0,0,0,0,44.74255,24.76995,22.62538,19.65945,17.51247,7.071033,7.585315,5.387051,24.91914,A
1,3.141593,1,84.25,34.67995,0.5283017,-0.0858632,-0.07131225,-0.9937515,0.2413451,0.8461406,0.4751826,0.1052509,0.87146,0.4790404,-0.02044589,0.9158856,0.4009185,-0.1704298,0.9537438,0.247642,1,0,0,0,0,44.81454,25.08324,22.99239,20.17419,17.83187,7.141424,7.446314,5.320841,24.71985,A
1,3.141593,1,84.25,34.37259,0.5331081,-0.08146245,-0.07021604,-0.9941999,0.2266255,0.8428612,0.4880838,0.09974214,0.8655776,0.4907411,-0.02962162,0.9076895,0.4185956,-0.1760853,0.9451839,0.2749936,1,0,0,0,0,44.76731,24.75741,22.63289,19.72715,17.47127,7.151277,7.510141,5.378588,24.95293,A
1,3.141593,1,84.25,34.1551,0.5330124,-0.07912253,-0.08123022,-0.9935498,0.2292164,0.8435953,0.4855994,0.09978299,0.8671249,0.4879935,-0.02764511,0.9102818,0.4130652,-0.1750653,0.9482442,0.2649245,1,0,0,0,0,44.71003,24.73119,22.66314,19.81232,17.59414,7.107095,7.510889,5.394274,24.91681,A
1,3.141593,1,84.25,34.34215,0.5306665,-0.09086579,-0.07357278,-0.9931417,0.2315543,0.8420609,0.487151,0.1041664,0.8649514,0.4909261,-0.02581094,0.9063028,0.42184,-0.1744831,0.9446837,0.2777199,1,0,0,0,0,44.49705,24.6789,22.68484,19.74846,17.59579,7.057643,7.567417,5.37353,24.78597,A
1,3.141593,1,84.25,35.25451,0.519156,-0.1112182,-0.06174808,-0.9918758,0.2474201,0.8484094,0.4679582,0.1157295,0.8737509,0.4724046,-0.01158211,0.9169432,0.3988497,-0.1655679,0.9548081,0.2468375,1,0,0,0,0,44.47017,25.03975,23.22103,20.24075,17.97343,6.996522,7.503192,5.215397,24.56088,A
1,3.141593,1,84.25,34.8914,0.5265484,-0.1158542,-0.05422017,-0.9917852,0.2397721,0.8466541,0.4750644,0.113285,0.865609,0.4877373,-0.01477321,0.9091685,0.4161663,-0.1706842,0.9468232,0.2727504,1,0,0,0,0,44.24607,24.77656,22.87198,19.97046,17.72646,6.960792,7.466662,5.318031,24.58714,A
1,3.141593,1,84.25,35.04768,0.5191759,-0.1159951,-0.04372994,-0.9922867,0.2701191,0.8259209,0.494864,0.1461866,0.8532718,0.5005563,0.004281384,0.8943887,0.4472701,-0.1518724,0.9356117,0.3186932,1,0,0,0,0,44.27599,24.34122,22.48414,19.20715,17.06062,7.030579,7.664138,5.265156,24.90107,A
1,3.141593,1,84.25,36.47118,0.5024402,-0.1642815,-0.01932893,-0.9862241,0.296406,0.8400977,0.4542899,0.1595405,0.8677618,0.4706764,0.01979597,0.9117859,0.4101884,-0.150606,0.9429252,0.2970016,1,0,0,0,0,44.0288,24.97042,23.34495,20.15907,17.40072,7.317762,7.42606,5.078378,24.22164,A
1,3.141593,1,84.25,33.78309,0.5428026,-0.1556175,-0.01406448,-0.9877173,0.2571831,0.8339719,0.4882086,0.1165893,0.8490644,0.5152637,-0.02973909,0.8931442,0.4487863,-0.2130433,0.916408,0.3388346,1,0,0,0,0,43.04781,24.19499,22.5402,19.81563,17.14565,7.168817,7.0238,4.995331,24.11891,A
1,3.141593,1,84.25,30.7675,0.606721,-0.1334599,-0.004985569,-0.9910417,0.2777327,0.8493097,0.4489293,0.1109952,0.8709696,0.4786356,-0.03662853,0.913256,0.4057361,-0.2298479,0.934347,0.2723337,1,0,0,0,0,42.38899,25.01153,23.41891,20.89787,18.24751,6.974979,6.852638,4.660952,22.76074,A
1,3.125903,1,84.25,29.71424,0.6215396,-0.1261176,0.001161447,-0.9920146,0.2828276,0.8462262,0.4515638,0.1331342,0.8691177,0.4763503,-0.007133407,0.916985,0.3988579,-0.1884954,0.9322464,0.3088462,1,0,0,0,0,42.63788,25.52657,24.13426,21.69039,18.32455,7.501839,6.776439,4.759724,22.91275,A
1,3.091906,1,84.25,29.66201,0.6244388,-0.1269116,0.01972139,-0.991718,0.2987091,0.841993,0.4492446,0.1494457,0.8685259,0.4725768,-0.0004498071,0.9175481,0.3976246,-0.1898182,0.9349173,0.2998312,1,0,0,0,0,42.36082,25.68707,24.57866,22.11043,18.74495,7.33754,6.763349,4.786384,22.50739,A
1,3.126432,1,84.25,31.02883,0.5906724,-0.1462582,0.04015232,-0.9884313,0.2944304,0.8232266,0.4853953,0.1457611,0.850553,0.5052854,-0.006715877,0.9013795,0.4329779,-0.1941881,0.9224404,0.3337586,1,0,0,0,0,42.11752,24.80296,23.81371,21.46432,18.43457,7.149948,6.729349,4.815783,23.09146,A
1,3.028125,1,84.25,31.87685,0.5974034,-0.1388444,0.03772502,-0.9895954,0.2945843,0.853892,0.4290555,0.1376835,0.8883011,0.4381374,-0.00443174,0.932163,0.3620116,-0.1948615,0.9542696,0.2267123,1,0,0,0,0,42.49831,26.50467,25.82652,23.04046,19.84359,7.262149,7.016088,4.683736,21.99037,A
1,2.948047,1,84.25,31.22125,0.6182879,-0.1584422,0.056951,-0.9857244,0.2928887,0.8657633,0.4057956,0.1344083,0.8997938,0.415097,-0.003320796,0.9419157,0.3358331,-0.1864991,0.9636276,0.1914156,1,0,0,0,0,42.15262,27.24857,26.90491,24.2299,21.16877,7.216392,6.950521,4.619293,21.08186,A
1,2.921242,1,84.25,32.7893,0.593217,-0.1756861,0.07672217,-0.981452,0.306024,0.8632151,0.4015084,0.1464738,0.8968447,0.4173906,0.01410738,0.9427719,0.3331397,-0.1595588,0.9703437,0.1815874,1,0,0,0,0,42.03921,27.61612,27.13964,24.51555,21.54035,7.263375,6.952801,4.652779,20.8846,A
1,2.96139,1,84.25,31.7311,0.5997087,-0.1749505,0.06100423,-0.9826856,0.2922608,0.8496786,0.4388961,0.1421333,0.8841237,0.4451105,0.003396568,0.9287714,0.3706374,-0.1790944,0.9547894,0.2372813,1,0,0,0,0,41.54988,26.64259,26.37135,23.78195,20.81033,7.158854,6.921355,4.710117,21.27048,A
1,2.913708,1,84.25,31.79356,0.6233708,-0.1605644,0.09384276,-0.9825541,0.3210869,0.8511785,0.4152089,0.1601537,0.8891578,0.4286598,0.02934708,0.940034,0.339816,-0.145412,0.9716507,0.1864144,1,0,0,0,0,41.41166,27.4904,27.00144,24.62132,21.70198,7.231199,6.860871,4.722133,20.21257,A
1,2.829834,1,84.25,30.03926,0.673992,-0.1825204,0.08539702,-0.9794864,0.2980043,0.8891106,0.3473842,0.1322891,0.9192984,0.3706616,0.002306442,0.9564229,0.2919762,-0.1753499,0.9754472,0.1332482,1,0,0,0,0,40.94324,29.01323,28.78393,26.14014,23.1183,7.347915,7.045435,4.637174,18.53366,A
1,2.914534,1,84.25,31.39524,0.6049219,-0.1665511,0.06900433,-0.9836153,0.3186143,0.8455232,0.4284572,0.1547696,0.8887259,0.4315237,0.02106631,0.9360242,0.3513047,-0.1578041,0.9689953,0.1901212,1,0,0,0,0,41.05925,27.02379,26.87602,24.49054,21.8507,7.115234,6.81034,4.598142,20.74272,A
1,2.875699,1,84.25,34.61943,0.560407,-0.2069667,0.05272282,-0.9769263,0.330771,0.8772421,0.3479037,0.1577183,0.920599,0.3572428,0.02288036,0.9594555,0.2809299,-0.1569673,0.9826176,0.09911569,1,0,0,0,0,41.73531,28.70926,28.39839,25.65957,22.99284,7.169911,7.068248,4.512918,20.1244,A
1,3.063953,1,84.25,34.48687,0.5506015,-0.1906576,0.04037707,-0.9808258,0.2687977,0.8499799,0.4530805,0.11646,0.8816746,0.4572603,-0.02685975,0.9163199,0.3995452,-0.2008547,0.9368663,0.2862496,1,0,0,0,0,41.64324,25.96549,25.30282,22.32257,19.48635,7.206399,7.241516,4.671165,21.80224,A
1,3.135135,1,84.25,34.31404,0.5516499,-0.1780549,0.02553298,-0.9836892,0.2688044,0.8402371,0.4708989,0.1209963,0.8670736,0.4832631,-0.02735194,0.909201,0.4154581,-0.2114011,0.9375723,0.2761663,1,0,0,0,0,41.9963,25.26656,24.17793,21.41466,18.91897,6.811662,7.109344,4.940687,22.34728,A