0.9244555,0,0,84.25,55.5835,0,-0.1585787,-0.4536621,-0.8769513,0.1071667,-0.3461802,-0.9320272,0.04951008,-0.35794,-0.932431,-0.01145867,-0.3036041,-0.9527293,0.01177648,-0.233392,-0.9723114,1,1,1,1,1,32.15053,66.80802,73.43276,67.63921,52.58816,18.7135,8.783703,10.08966,45.47279,B
1,0,0,83.83751,54.6761,0,-0.2190738,-0.3087738,-0.9255622,0.02776685,-0.2357644,-0.9714135,-0.0327703,-0.2934821,-0.9554027,-0.08751293,-0.2486039,-0.9646437,-0.07508805,-0.2055973,-0.9757518,1,1,1,1,1,31.40227,65.41397,72.15648,66.71382,52.44807,17.96856,8.73062,10.41182,45.55721,B
1,0,0,83.17989,54.45337,0,-0.2612298,-0.3275219,-0.9080135,0.005281246,-0.2123133,-0.9771874,-0.04550617,-0.2521063,-0.966629,-0.08872531,-0.2016599,-0.9754287,-0.0649086,-0.1684059,-0.9835783,1,1,1,1,1,29.94162,63.35799,70.04992,64.88715,51.15635,17.70876,8.892859,10.41996,45.23464,B
1,0,0,83.14937,53.57555,0,-0.2627304,-0.3297464,-0.9067745,-0.009774071,-0.2267175,-0.9739115,-0.05633524,-0.260334,-0.9638737,-0.1054382,-0.2184843,-0.9701275,-0.08434403,-0.188726,-0.9784011,1,1,1,1,1,29.84109,62.67092,69.36922,64.21906,50.66391,17.50261,8.758544,10.47931,44.78436,B
1,0,0,83.3156,53.34315,0,-0.2723028,-0.3372875,-0.9011595,-0.02405579,-0.217685,-0.9757226,-0.06440201,-0.246713,-0.9669462,-0.1142222,-0.2140462,-0.9701225,-0.09096102,-0.1851572,-0.9784901,1,1,1,1,1,29.64784,62.77767,69.66994,64.58421,51.08264,17.51046,8.760381,10.75092,44.9099,B
1,0,0,83.32873,53.99939,0,-0.2760275,-0.3344173,-0.9010959,-0.02424593,-0.2406895,-0.9702993,-0.06441755,-0.2663476,-0.9617221,-0.1141195,-0.2298031,-0.9665233,-0.09373681,-0.2032583,-0.9746278,1,1,1,1,1,29.7175,62.63325,69.45364,64.39059,50.89149,17.44175,8.727953,10.67052,44.96244,B
1,0,0,83.3293,53.97493,0,-0.2946394,-0.3226229,-0.899501,-0.03794379,-0.2242249,-0.9737985,-0.07937127,-0.2521265,-0.9644337,-0.1275192,-0.2123962,-0.9688275,-0.09526616,-0.182232,-0.9786295,1,1,1,1,1,29.81376,62.74089,69.60101,64.52085,51.05996,17.57558,8.743134,10.77377,45.2248,B
1,0,0,83.32933,53.90951,0,-0.284407,-0.3473296,-0.8935742,-0.02792641,-0.2488522,-0.9681388,-0.06685087,-0.267347,-0.9612786,-0.1221535,-0.2452953,-0.9617217,-0.09927442,-0.2075128,-0.973182,1,1,1,1,1,29.24476,62.55028,69.4631,64.30886,50.87664,17.36696,8.677049,10.77872,44.82994,B
1,0,0,83.32933,53.86158,0,-0.278116,-0.3488114,-0.8949761,-0.025784,-0.2496523,-0.9679922,-0.06590639,-0.2679723,-0.9611697,-0.1223941,-0.2461618,-0.9614697,-0.09377651,-0.2058646,-0.9740769,1,1,1,1,1,29.32742,62.61069,69.44888,64.22453,50.82606,17.43381,8.688926,10.65606,44.77155,B
1,0,0,83.32933,53.99248,0,-0.2821649,-0.3472274,-0.8943244,-0.02732448,-0.2601858,-0.9651718,-0.0709677,-0.2843019,-0.9561046,-0.1261612,-0.2555257,-0.9585353,-0.09813708,-0.214776,-0.9717203,1,1,1,1,1,29.51271,62.59489,69.31594,64.10628,50.71708,17.42201,8.689922,10.51692,44.81206,B
1,0,0,83.32933,53.61067,0,-0.2789325,-0.3650471,-0.8882214,-0.02752522,-0.2545586,-0.9666655,-0.06897964,-0.2687178,-0.9607458,-0.1240486,-0.2415123,-0.9624364,-0.09147184,-0.2074597,-0.9739575,1,1,1,1,1,29.23065,62.57346,69.45385,64.26352,50.84728,17.55284,8.688552,10.65933,44.7684,B
1,0,0,83.32933,53.5775,0,-0.2773346,-0.3570808,-0.8919523,-0.02658764,-0.2597446,-0.9653112,-0.07017326,-0.2758285,-0.9586419,-0.1255082,-0.2475497,-0.9607117,-0.09525045,-0.2091097,-0.9732423,1,1,1,1,1,29.24969,62.54267,69.3941,64.21351,50.82278,17.48062,8.675587,10.59655,44.63712,B
1,0,0,83.32933,53.42297,0,-0.2742818,-0.3534443,-0.8943415,-0.02795509,-0.2481654,-0.9683142,-0.07267931,-0.2705787,-0.9599504,-0.1267575,-0.2373381,-0.9631216,-0.09872309,-0.2047002,-0.9738334,1,1,1,1,1,29.15061,62.56838,69.42214,64.30004,50.89513,17.47988,8.653412,10.58808,44.62196,B
1,0,0,83.32933,53.41786,0,-0.2812616,-0.3511488,-0.893077,-0.0311395,-0.2365623,-0.9711172,-0.07107097,-0.2599513,-0.9630027,-0.1214079,-0.2188579,-0.9681742,-0.09275007,-0.1959069,-0.9762263,1,1,1,1,1,29.59673,62.62029,69.50202,64.44767,50.98505,17.58542,8.679597,10.73054,44.88795,B
1,0,0,83.32933,53.48254,0,-0.2879069,-0.3493434,-0.8916664,-0.03336349,-0.239366,-0.970356,-0.07098708,-0.2609441,-0.9627404,-0.1201773,-0.2203069,-0.9679991,-0.09077627,-0.195745,-0.9764444,1,1,1,1,1,29.6909,62.60982,69.49433,64.445,50.98217,17.5907,8.705083,10.79428,44.91844,B
1,0,0,83.32933,53.38359,0,-0.282736,-0.3459188,-0.8946511,-0.0334068,-0.2363276,-0.971099,-0.07208159,-0.2583981,-0.9633455,-0.1225638,-0.2194694,-0.9678901,-0.09335257,-0.1950371,-0.976343,1,1,1,1,1,29.61823,62.63461,69.51524,64.43916,50.98219,17.57911,8.688215,10.7603,44.82845,B
1,0,0,83.32933,53.36967,0,-0.2848053,-0.3450101,-0.8943456,-0.03317104,-0.2381551,-0.9706605,-0.07141223,-0.2603634,-0.9628661,-0.1213083,-0.2203399,-0.9678506,-0.0921855,-0.1950673,-0.976448,1,1,1,1,1,29.68741,62.63688,69.50438,64.43197,50.96579,17.58196,8.697917,10.76758,44.82115,B
1,0,0,83.32933,53.49595,0,-0.2930568,-0.3453411,-0.8915477,-0.03371098,-0.2405309,-0.9700559,-0.07047302,-0.2621374,-0.9624539,-0.1181864,-0.2197135,-0.968379,-0.08783707,-0.1936606,-0.9771286,1,1,1,1,1,29.82255,62.62726,69.4912,64.44598,50.97141,17.60741,8.731648,10.81152,44.93345,B
1,0,0,83.32933,53.35917,0,-0.2842851,-0.3452483,-0.8944191,-0.03081013,-0.2353626,-0.9714192,-0.06873824,-0.2577476,-0.9637641,-0.118043,-0.217454,-0.9689064,-0.08921108,-0.1918102,-0.9773691,1,1,1,1,1,29.69857,62.65262,69.52958,64.46653,50.99136,17.58262,8.70901,10.78109,44.84139,B
1,0,0,83.32933,53.42179,0,-0.2891528,-0.3478649,-0.8918412,-0.03341199,-0.2386029,-0.9705423,-0.07090655,-0.2605138,-0.9628628,-0.1199884,-0.2194617,-0.9682145,-0.08976214,-0.1948962,-0.9767079,1,1,1,1,1,29.74072,62.64164,69.50142,64.42924,50.94745,17.61317,8.709643,10.78493,44.88324,B
1,0,0,83.32933,53.51956,0,-0.2958368,-0.3523277,-0.8878883,-0.03559424,-0.2538333,-0.9665928,-0.07247213,-0.2707447,-0.9599193,-0.1222932,-0.2361537,-0.9639896,-0.08953623,-0.2056057,-0.9745305,1,1,1,1,1,29.81998,62.61246,69.42271,64.26704,50.79269,17.60959,8.751557,10.76221,44.81826,B
1,0,0,83.32933,53.47031,0,-0.2880051,-0.3502254,-0.8912885,-0.03635658,-0.2491083,-0.967793,-0.07530134,-0.2642267,-0.9615165,-0.1293354,-0.238926,-0.962386,-0.09517821,-0.2032231,-0.9744955,1,1,1,1,1,29.33003,62.64542,69.48176,64.24729,50.83475,17.55041,8.73425,10.70638,44.65247,B
1,0,0,83.32933,53.41716,0,-0.2855476,-0.3473758,-0.8931924,-0.03584823,-0.2473209,-0.9682703,-0.07549126,-0.2661077,-0.9609827,-0.1289725,-0.2410809,-0.9618971,-0.09850267,-0.2029551,-0.974221,1,1,1,1,1,29.29255,62.60512,69.45577,64.272,50.89089,17.46038,8.730004,10.7031,44.6344,B
1,0,0,83.32933,53.51308,0,-0.2836576,-0.3395204,-0.8968078,-0.03460025,-0.2348786,-0.9714087,-0.07430898,-0.2593292,-0.962926,-0.1252583,-0.2247409,-0.9663343,-0.09719155,-0.1934346,-0.9762872,1,1,1,1,1,29.60923,62.65617,69.50838,64.41027,50.99107,17.49085,8.712089,10.7189,44.88903,B
1,0,0,83.32933,53.51422,0,-0.2891135,-0.3310289,-0.898239,-0.03828197,-0.2247646,-0.9736608,-0.07734127,-0.2488201,-0.9654568,-0.125891,-0.2070557,-0.9701955,-0.09421851,-0.1837348,-0.9784501,1,1,1,1,1,29.68962,62.71041,69.59116,64.52003,51.06816,17.61386,8.718866,10.76678,44.94531,B
1,0,0,83.32933,53.29066,0,-0.2860083,-0.3196743,-0.9033314,-0.03981325,-0.2151585,-0.9757673,-0.0766433,-0.2381607,-0.9681969,-0.1256686,-0.1995078,-0.9718046,-0.09322658,-0.1733903,-0.9804308,1,1,1,1,1,29.68074,62.76455,69.69264,64.61073,51.17547,17.60369,8.725326,10.86391,44.85186,B
1,0,0,83.32933,52.82027,0,-0.262261,-0.2922288,-0.9196855,-0.04499038,-0.1833373,-0.98202,-0.08707259,-0.2170438,-0.9722707,-0.1384385,-0.1824477,-0.9734206,-0.09896,-0.1544709,-0.9830288,1,1,1,1,1,29.44098,62.92566,69.87207,64.73521,51.40132,17.65455,8.727294,10.82325,44.6525,B
1,0,0,84.23452,52.749,0,-0.2527316,-0.2655018,-0.9303954,-0.03271848,-0.1630965,-0.9860675,-0.08498729,-0.1986437,-0.97638,-0.1336255,-0.1510396,-0.9794546,-0.09777565,-0.1297154,-0.9867188,1,1,1,1,1,29.836,63.73376,70.88097,65.75714,52.22269,17.91903,8.762574,10.82444,44.94398,B
1,0,0,83.70439,53.62748,0,-0.2495707,-0.2103787,-0.9452276,-0.03682682,-0.1081486,-0.9934524,-0.09430175,-0.1529971,-0.983717,-0.1393795,-0.1092911,-0.9841894,-0.1228288,-0.08251143,-0.9889918,1,1,1,1,1,28.90024,63.24014,70.58308,65.67503,52.33449,17.3647,8.763196,10.88999,45.49249,B
1,0,0,82.85078,53.44265,0,-0.2691116,-0.2970579,-0.9161526,-0.04287875,-0.1929135,-0.9802784,-0.1057939,-0.2276563,-0.9679774,-0.1524053,-0.176217,-0.9724815,-0.1429929,-0.1417969,-0.9795135,1,1,1,1,1,27.85682,61.77063,69.01475,64.39543,51.45842,16.83364,8.505018,10.49489,45.04424,B
1,0,0,82.72054,52.88139,0,-0.2803699,-0.3078664,-0.9091815,-0.04672518,-0.200816,-0.9785141,-0.1057805,-0.2361953,-0.9659308,-0.1553215,-0.1913936,-0.9691459,-0.1446388,-0.1525879,-0.9776484,1,1,1,1,1,28.13481,61.19649,68.40016,63.82694,51.06338,16.69657,8.435469,10.53618,44.88583,B
1,0,0,82.53211,52.97795,0,-0.2796345,-0.2913828,-0.9148228,-0.04382445,-0.2097796,-0.976766,-0.1075422,-0.2548464,-0.9609828,-0.1600201,-0.2101255,-0.9644899,-0.156967,-0.1631008,-0.9740428,1,1,1,1,1,27.86279,60.7105,67.79889,63.28495,50.672,16.41234,8.317087,10.38709,44.69201,B
1,0,0,82.45749,51.79922,0,-0.260044,-0.3028893,-0.9168615,-0.04017115,-0.1923516,-0.9805035,-0.09755508,-0.2355666,-0.9669496,-0.1597055,-0.2019192,-0.9662933,-0.1612153,-0.1486083,-0.9756666,1,1,1,1,1,27.56848,60.49978,67.69646,63.15206,50.60029,16.25978,8.099133,10.58474,44.24728,B
1,0,0,82.27102,51.8316,0,-0.2511729,-0.2903336,-0.9233735,-0.04234665,-0.2080642,-0.9771981,-0.1100417,-0.2526452,-0.9612811,-0.1665254,-0.2126612,-0.9628316,-0.1741529,-0.1545896,-0.9725085,1,1,1,1,1,27.17508,60.3173,67.38905,62.86069,50.35692,16.0912,8.179277,10.32424,43.96285,B
1,0,0,82.0995,51.58727,0,-0.2455886,-0.2771358,-0.9289144,-0.03989861,-0.1884589,-0.9812703,-0.1030108,-0.2354518,-0.9664116,-0.1612066,-0.1988565,-0.9666791,-0.1682651,-0.1429111,-0.9753273,1,1,1,1,1,27.06839,60.23561,67.40922,62.94381,50.50079,16.06033,8.122234,10.46179,43.89285,B
1,0,0,82.12863,51.79957,0,-0.2566918,-0.3310273,-0.9080365,-0.04239813,-0.2298591,-0.9723,-0.10731,-0.2679386,-0.9574411,-0.1621784,-0.2258003,-0.9605792,-0.1664216,-0.1743976,-0.9705098,1,1,1,1,1,26.96707,60.18285,67.24825,62.75375,50.22728,16.15578,8.173081,10.31747,43.86477,B
1,0,0,82.26638,52.84525,0,-0.2782967,-0.3629332,-0.8892865,-0.04783897,-0.2182017,-0.9747305,-0.100105,-0.2537636,-0.9620722,-0.1516537,-0.230473,-0.9611885,-0.1339783,-0.1792103,-0.9746454,1,1,1,1,1,26.91645,60.20789,67.27625,62.72932,50.33579,16.35035,8.405446,10.48248,44.56199,B
1,0,0,82.44608,52.82357,0,-0.3095024,-0.3524769,-0.8831582,-0.06588884,-0.2414704,-0.9681688,-0.1034113,-0.2610324,-0.9597751,-0.1585418,-0.2532285,-0.9543269,-0.1408817,-0.2055181,-0.96846,1,1,1,1,1,27.86093,60.00768,67.13123,62.49722,50.04695,16.3648,8.41777,10.87314,44.49469,B
1,0,0,82.4549,53.0477,0,-0.3070017,-0.3808809,-0.8721696,-0.07522063,-0.2611412,-0.9623653,-0.1081652,-0.2772042,-0.9547031,-0.158486,-0.254035,-0.9541218,-0.1333486,-0.2165178,-0.9671288,1,1,1,1,1,27.46893,59.95748,66.98248,62.36993,49.88392,16.54812,8.462587,10.92328,44.41952,B
1,0,0,82.45521,53.37077,0,-0.325854,-0.4150108,-0.8494617,-0.09521633,-0.2971022,-0.9500864,-0.1268812,-0.3165392,-0.9400554,-0.1755366,-0.3029717,-0.9366937,-0.1558338,-0.2683944,-0.9506209,1,1,1,1,1,27.37504,59.51882,66.48002,61.91237,49.56075,16.38831,8.529998,10.93264,44.57639,B
1,0,0,82.45522,53.76793,0,-0.3329685,-0.4353273,-0.8364342,-0.08602979,-0.3253866,-0.9416595,-0.1195914,-0.3435852,-0.9314758,-0.1650643,-0.315736,-0.9343792,-0.1413522,-0.2826636,-0.948747,1,1,1,1,1,27.726,59.41443,66.22891,61.71798,49.34401,16.50639,8.559494,10.76395,44.74049,B
1,0,0,82.45523,52.99688,0,-0.2989641,-0.4928064,-0.8171673,-0.08682323,-0.3428652,-0.9353637,-0.1160562,-0.3529648,-0.9284109,-0.1606512,-0.3124185,-0.9362616,-0.1245053,-0.2836146,-0.9508213,1,1,1,1,1,27.25773,59.53299,66.1389,61.52653,49.08136,16.80693,8.587353,10.68924,44.59014,B
1,0,0,82.45523,52.66247,0,-0.2952088,-0.4945067,-0.8175053,-0.0975901,-0.3566084,-0.929143,-0.1214379,-0.3671608,-0.9221962,-0.1708418,-0.3332762,-0.9272217,-0.1402888,-0.3104647,-0.9401759,1,1,1,1,1,26.80615,59.1447,65.87302,61.38604,49.05986,16.66813,8.443482,10.91952,44.098,B
1,0,0,82.45523,53.53112,0,-0.3496428,-0.4077281,-0.8435091,-0.09513552,-0.3320358,-0.938457,-0.1241394,-0.355339,-0.9264575,-0.1767389,-0.3421762,-0.9228645,-0.157737,-0.3151919,-0.9358275,1,1,1,1,1,28.22767,59.0463,66.02959,61.63916,49.38002,16.40989,8.401138,11.0617,44.40343,B
1,0,0,82.45523,54.8015,0,-0.3814698,-0.3489123,-0.8560029,-0.1069827,-0.3209975,-0.9410183,-0.1336752,-0.3488276,-0.9276046,-0.1794412,-0.338151,-0.9238261,-0.1505983,-0.3083377,-0.9392806,1,1,1,1,1,29.03175,59.05381,66.0391,61.70433,49.57108,16.46581,8.580985,11.17205,44.66449,B
1,0,0,82.45523,55.29494,0,-0.4034777,-0.3178816,-0.8579959,-0.1313441,-0.2807049,-0.9507647,-0.153209,-0.3188716,-0.9353331,-0.1935716,-0.3032511,-0.9330428,-0.1406949,-0.2698199,-0.9525766,1,1,1,1,1,28.72067,59.33585,66.25536,61.95509,50.09642,16.58771,8.643648,11.2912,45.32141,B
1,0,0,82.45523,57.02055,0,-0.4225217,-0.3912133,-0.8175742,-0.1256067,-0.3652644,-0.9223909,-0.1338708,-0.383586,-0.9137507,-0.164268,-0.3705857,-0.9141566,-0.08964261,-0.3212427,-0.9427446,1,1,1,1,1,27.50136,58.93613,65.50614,61.12747,49.50894,16.57964,8.953112,11.28434,45.57251,B
1,0,0,82.45523,57.84037,0,-0.3743469,-0.4677088,-0.8006952,-0.06692993,-0.480158,-0.8746249,-0.09300732,-0.4753638,-0.8748593,-0.1021912,-0.4688201,-0.8773624,-0.04780452,-0.4064538,-0.91242,1,1,1,1,1,27.81816,58.92997,64.33422,58.96782,46.68383,16.57154,10.08397,9.923355,44.27897,B
1,0,0,82.45523,57.59086,0,-0.3226893,-0.5265697,-0.7865087,-0.03225365,-0.5029656,-0.8637044,-0.09296437,-0.4856453,-0.8691987,-0.1151587,-0.4735174,-0.8732238,-0.07172552,-0.4010697,-0.9132352,1,1,1,1,1,26.18341,58.77207,64.0837,58.4016,45.77511,16.46977,9.858536,8.902289,44.56645,B
1,0,0,82.45523,57.74434,0,-0.4013369,-0.4305466,-0.8084295,-0.09499419,-0.4264117,-0.8995272,-0.1233977,-0.4388631,-0.8900406,-0.1360398,-0.4331954,-0.8909741,-0.08857368,-0.3748617,-0.9228398,1,1,1,1,1,26.93131,59.00851,64.88511,59.97283,47.91639,16.2954,9.757473,10.35238,45.28753,B
1,0,0,82.45523,56.05009,0,-0.3747213,-0.3493309,-0.8588084,-0.08433545,-0.3424267,-0.9357518,-0.1062378,-0.373712,-0.9214406,-0.1408354,-0.3646568,-0.9204298,-0.09979232,-0.3202219,-0.9420719,1,1,1,1,1,28.12859,59.45201,65.93242,61.35849,49.23189,16.48629,8.994889,11.00883,44.54944,B
1,0,0,82.45523,53.01743,0,-0.281862,-0.380511,-0.8807753,-0.03833958,-0.3104053,-0.9498309,-0.07263535,-0.3336297,-0.9399018,-0.1322103,-0.3175226,-0.9389887,-0.1168601,-0.2936415,-0.9487457,1,1,1,1,1,28.86817,59.92831,66.60127,61.76797,48.90918,16.87199,8.452205,10.73546,43.44539,B
1,0,0,82.45523,52.44616,0,-0.2571875,-0.4357812,-0.8625249,-0.0215413,-0.3353911,-0.9418327,-0.06240184,-0.3595375,-0.9310418,-0.1156693,-0.3200359,-0.9403178,-0.09345113,-0.2876349,-0.9531701,1,1,1,1,1,28.31589,60.1752,66.40727,61.41627,48.45396,16.98396,8.536497,10.23765,43.3066,B
1,0.006193764,0,82.45523,52.598,0,-0.1747259,-0.5042313,-0.8457078,0.01005846,-0.3662498,-0.9304622,-0.03342511,-0.378465,-0.9250119,-0.07752164,-0.3258429,-0.9422404,-0.06746256,-0.2922491,-0.9539598,0,1,1,1,1,27.66384,60.3043,66.23743,61.14757,47.94109,16.97902,8.838607,9.8691,43.55175,B
1,0.03610433,0,82.45523,52.26004,0,-0.1467165,-0.504223,-0.851019,0.04570307,-0.4082235,-0.9117373,0.005470595,-0.3923436,-0.9198025,-0.03350981,-0.3308933,-0.943073,-0.01792029,-0.2927038,-0.9560353,0,1,1,1,1,28.58454,60.28263,66.11829,60.91429,47.57055,17.21971,9.092308,9.835094,42.5913,B
1,0.07557625,0,82.45523,52.11684,0,-0.1324425,-0.4848681,-0.8645009,0.04486213,-0.4220173,-0.905477,0.01093988,-0.3886515,-0.9213199,-0.02145938,-0.3347215,-0.9420727,-0.007963626,-0.2922502,-0.9563088,0,1,1,1,1,29.24222,60.38725,66.167,60.72577,47.32715,17.26047,9.415455,9.954663,41.91417,B
1,0.03757607,0,82.45523,51.70385,0,-0.1549299,-0.500415,-0.8518108,0.01517701,-0.4274369,-0.9039178,-0.02348512,-0.4042197,-0.9143604,-0.0621957,-0.3420469,-0.9376223,-0.04326798,-0.3031597,-0.951957,0,1,1,1,1,28.38322,60.19154,65.87318,60.52932,47.14311,17.26964,9.086174,9.686712,42.04598,B
1,0,0,82.45523,52.08126,0,-0.1686063,-0.4988339,-0.8501392,0.003103351,-0.3761584,-0.9265502,-0.0478332,-0.3811426,-0.923278,-0.09593366,-0.3262825,-0.9403917,-0.07444818,-0.295327,-0.9524912,0,1,1,1,1,27.31735,60.28768,66.14116,60.91117,47.70585,17.15681,8.755603,9.582891,43.12259,B
1,0,0,82.45523,52.9721,0,-0.2065473,-0.4926071,-0.8453854,-0.02992093,-0.356709,-0.9337363,-0.07056614,-0.3655288,-0.9281213,-0.112086,-0.3204708,-0.9406036,-0.09240593,-0.2878075,-0.9532198,1,1,1,1,1,26.72539,60.1254,66.26105,61.25045,48.24149,16.93445,8.805181,10.06904,43.87148,B
1,0,0,82.45523,53.39335,0,-0.2921823,-0.4081347,-0.8649021,-0.0415494,-0.3146968,-0.9482824,-0.07542825,-0.3386311,-0.937891,-0.134705,-0.3220261,-0.9370986,-0.1214398,-0.2957285,-0.9475216,1,1,1,1,1,28.06147,60.01133,66.53889,61.61179,48.70348,16.82199,8.47577,10.63392,43.71487,B
1,0,0,82.45523,55.81527,0,-0.345005,-0.358386,-0.8674855,-0.05986998,-0.3586405,-0.9315539,-0.0908121,-0.3765334,-0.9219413,-0.1319048,-0.3636355,-0.9221553,-0.09902243,-0.3255377,-0.9403297,1,1,1,1,1,28.61501,59.57634,65.99423,61.1862,48.64483,16.7701,8.926426,10.65231,43.7383,B
1,0,0,82.45523,57.72923,0,-0.3811182,-0.3834268,-0.8412685,-0.07907031,-0.3846231,-0.919681,-0.09985022,-0.3914637,-0.9147602,-0.1223304,-0.3844838,-0.9149904,-0.05504508,-0.3236927,-0.9445598,1,1,1,1,1,27.76529,59.47861,65.61489,60.71472,48.6311,16.66719,9.485715,10.58945,45.09563,B
1,0,0,82.45523,57.69204,0,-0.2936637,-0.509117,-0.8090497,-0.00995814,-0.4818007,-0.8762242,-0.06836302,-0.4618004,-0.8843455,-0.06893539,-0.4327291,-0.8988846,-0.03092987,-0.3684295,-0.929141,1,1,1,1,1,26.7692,59.61099,64.7141,58.85,45.72526,16.90302,10.19467,8.801838,44.59202,B
1,0,0,82.45523,57.65222,0,-0.2872876,-0.5381502,-0.7923763,-0.002450655,-0.4828036,-0.8757253,-0.07570645,-0.4693335,-0.8797696,-0.07120194,-0.4359767,-0.8971369,-0.02223025,-0.3607368,-0.9324027,1,1,1,1,1,26.0915,59.52939,64.57377,58.74884,45.69534,16.89286,10.23411,8.542987,45.19097,B
1,0,0,82.45523,57.39202,0,-0.3254997,-0.4790694,-0.8151947,-0.03864449,-0.4578188,-0.8882052,-0.08240262,-0.4383723,-0.8950081,-0.08554421,-0.4152359,-0.9056828,-0.03033908,-0.3470901,-0.937341,1,1,1,1,1,26.66618,59.54353,65.03144,59.54138,46.81142,16.79577,10.04653,9.368086,44.89886,B
1,0,0,82.45523,56.99015,0,-0.3582174,-0.3758506,-0.8546442,-0.04743028,-0.35563,-0.9334226,-0.07349857,-0.3693306,-0.926387,-0.09802652,-0.3589015,-0.9282137,-0.0531908,-0.3022713,-0.9517367,1,1,1,1,1,27.76616,59.86559,66.13413,61.2686,48.85891,16.65891,9.396244,10.64294,44.98548,B
1,0,0,82.45523,51.78265,0,-0.2502999,-0.3203276,-0.9136412,-0.01274719,-0.2399853,-0.9706928,-0.04231778,-0.2771703,-0.9598884,-0.1067914,-0.2736509,-0.9558822,-0.100702,-0.2452988,-0.9642031,1,1,1,1,1,29.13044,60.70214,67.30949,62.28146,49.15866,16.91956,8.497328,10.89048,43.10503,B
1,0,0,82.45523,51.02149,0,-0.1914835,-0.4319229,-0.8813494,-0.002788667,-0.3251685,-0.9456521,-0.04400955,-0.3388779,-0.9398004,-0.09792047,-0.2858953,-0.9532447,-0.0692506,-0.2488445,-0.9660646,1,1,1,1,1,27.92898,60.53696,66.75528,61.68761,48.5839,17.19184,8.565191,10.18789,42.46215,B
1,0,0,82.45523,52.18977,0,-0.1605349,-0.4710652,-0.8673673,0.03318234,-0.3103792,-0.9500335,-0.006382034,-0.3124045,-0.9499277,-0.05224062,-0.2614293,-0.9638079,-0.03268066,-0.2109834,-0.9769432,0,1,1,1,1,27.84255,60.8252,67.03877,61.89253,48.6014,17.14429,8.879368,10.1283,43.47232,B
1,0,0,82.45523,51.95941,0,-0.1718257,-0.4748066,-0.8631539,0.004717474,-0.3394815,-0.9406009,-0.0413281,-0.3414949,-0.9389746,-0.08674099,-0.2881689,-0.9536428,-0.05515553,-0.2441979,-0.9681556,0,1,1,1,1,27.35593,60.62669,66.66064,61.42683,48.2223,17.2441,8.830786,9.824694,43.17244,B
1,0,0,82.45523,52.38878,0,-0.1992864,-0.4701636,-0.8597856,-0.01364002,-0.3256276,-0.9453997,-0.05085874,-0.3304239,-0.9424614,-0.09078109,-0.2831708,-0.9547634,-0.06380389,-0.2434946,-0.9678013,1,1,1,1,1,27.47146,60.57838,66.7302,61.59422,48.4459,17.12219,8.914337,10.12889,43.55529,B
1,0,0,82.45523,53.85959,0,-0.2223442,-0.4828548,-0.8470031,-0.02164782,-0.3423952,-0.9393066,-0.06225491,-0.3534767,-0.9333695,-0.09075125,-0.3128078,-0.945471,-0.06972989,-0.2779961,-0.9580479,1,1,1,1,1,27.55209,60.6144,66.46912,61.16024,47.96693,17.06696,9.247618,9.876229,44.31617,B
1,0,0,82.45523,54.09436,0,-0.2451331,-0.4744152,-0.8454821,-0.0375029,-0.3371192,-0.9407147,-0.07262308,-0.3450075,-0.9357861,-0.1058956,-0.3021817,-0.9473502,-0.08589701,-0.2691375,-0.9592636,1,1,1,1,1,27.4948,60.28152,66.52031,61.52534,48.50044,16.95164,9.015117,10.28112,44.5209,B
1,0,0,82.45523,53.63688,0,-0.2310943,-0.4968602,-0.8364959,-0.03811945,-0.3539349,-0.9344929,-0.07442561,-0.3578503,-0.9308082,-0.1117689,-0.3181269,-0.9414366,-0.09486925,-0.2920745,-0.9516787,1,1,1,1,1,27.04373,60.00956,66.33177,61.39259,48.40365,16.92427,8.906578,10.30042,44.3148,B
1,0,0,82.45523,52.55057,0,-0.2425785,-0.441414,-0.863892,-0.04758564,-0.3281482,-0.9434269,-0.07877608,-0.3348399,-0.9389764,-0.1179612,-0.2982061,-0.9471844,-0.09290753,-0.2670837,-0.9591842,1,1,1,1,1,27.63768,60.34174,66.65164,61.63412,48.61586,17.07666,8.908447,10.4699,43.3739,B
1,0,0,82.45523,51.40765,0,-0.2479254,-0.2605978,-0.9330711,-0.02308755,-0.2055217,-0.9783802,-0.06697828,-0.2386278,-0.9687986,-0.1330984,-0.2356767,-0.9626741,-0.1203797,-0.1900973,-0.9743571,1,1,1,1,1,28.44713,60.74881,67.61189,62.63541,49.86179,16.62393,8.382421,10.65806,43.27536,B
1,0,0,82.57014,51.89248,0,-0.2584743,-0.2169347,-0.9413449,-0.01103087,-0.1146505,-0.9933446,-0.06463816,-0.1644876,-0.9842589,-0.1249995,-0.1318971,-0.9833505,-0.1204791,-0.1048559,-0.9871626,1,1,1,1,1,29.29865,62.1702,69.46537,64.65451,51.39292,17.00963,8.283596,10.81658,44.77055,B
1,0,0,82.46807,52.43171,0,-0.2748429,-0.215542,-0.9370182,-0.02529654,-0.1273703,-0.9915326,-0.08086737,-0.1754453,-0.9811623,-0.131611,-0.1388901,-0.9815233,-0.1375648,-0.1062016,-0.9847828,1,1,1,1,1,28.99066,62.06637,69.3387,64.60106,51.39594,16.75042,8.41519,10.75562,44.85876,B
1,0,0,82.24535,52.11752,0,-0.2736534,-0.2193457,-0.9364834,-0.01348457,-0.1303382,-0.9913779,-0.06758477,-0.1817032,-0.9810281,-0.1198191,-0.1516218,-0.9811494,-0.1270818,-0.1170176,-0.9849656,1,1,1,1,1,29.0373,61.70417,68.85855,64.0807,50.87331,16.70647,8.418122,10.75058,44.51542,B
1,0,0,81.9074,51.32067,0,-0.2591915,-0.2067483,-0.9434378,-0.011455,-0.08838414,-0.9960206,-0.06582624,-0.1378483,-0.9882635,-0.120912,-0.1102764,-0.9865189,-0.1294521,-0.08734014,-0.9877317,1,1,1,1,1,28.53953,61.20527,68.43142,63.6985,50.62952,16.62894,8.337306,10.7173,44.07254,B
1,0,0,81.3989,51.14291,0,-0.2388208,-0.2596977,-0.9356932,-0.02018211,-0.153243,-0.9879824,-0.07793487,-0.1888556,-0.9789074,-0.1288018,-0.1597898,-0.978712,-0.1472103,-0.1192905,-0.9818854,1,1,1,1,1,27.76031,60.75342,67.87284,63.19529,50.24771,16.26864,8.364457,10.46763,43.57219,B
1,0,0,81.18456,51.19906,0,-0.242145,-0.2522078,-0.9368868,-0.01783252,-0.1359202,-0.9905593,-0.08114833,-0.1782946,-0.9806253,-0.1328432,-0.14044,-0.9811367,-0.1415841,-0.1044855,-0.9843966,1,1,1,1,1,27.7695,60.65086,67.70488,62.98763,50.11528,16.36828,8.304044,10.31286,43.59866,B
1,0,0,81.27229,51.27069,0,-0.2243658,-0.3081188,-0.9245122,-0.006880992,-0.154919,-0.9879032,-0.06446947,-0.1914228,-0.979388,-0.1202885,-0.1478562,-0.9816665,-0.1154698,-0.1089707,-0.9873157,1,1,1,1,1,27.34429,60.56395,67.59612,62.88539,50.07478,16.54868,8.235566,10.31944,43.54652,B
1,0,0,81.66082,52.07623,0,-0.2736081,-0.2896888,-0.9171799,-0.04064522,-0.1528822,-0.9874082,-0.08912099,-0.1918178,-0.9773757,-0.1369462,-0.1589483,-0.9777429,-0.1304417,-0.1241401,-0.9836535,1,1,1,1,1,27.46729,60.34077,67.37473,62.79314,50.15823,16.42729,8.472108,10.5268,44.03581,B
1,0,0,82.6214,52.90957,0,-0.2777527,-0.2716544,-0.9214431,-0.03909725,-0.1798335,-0.9829198,-0.08473156,-0.2178252,-0.9723028,-0.1443177,-0.2037844,-0.9683204,-0.1281694,-0.1616187,-0.9784948,1,1,1,1,1,29.01432,62.32734,69.5724,64.67355,51.61039,16.86136,8.373148,10.8239,44.92974,B
1,0,0,82.8746,53.6667,0,-0.2758566,-0.3609498,-0.8908526,-0.04310883,-0.2558534,-0.965754,-0.07835524,-0.2739774,-0.9585389,-0.134311,-0.2628915,-0.9554312,-0.11859,-0.2205709,-0.9681348,1,1,1,1,1,29.26665,63.19479,70.33622,65.19362,51.72616,17.20317,8.613929,10.9147,45.10959,B
1,0,0,82.88343,54.61975,0,-0.2887917,-0.3742114,-0.8812293,-0.03580164,-0.2707274,-0.9619901,-0.06917021,-0.289681,-0.9546205,-0.1180635,-0.2615318,-0.9579468,-0.09855969,-0.2237059,-0.9696606,1,1,1,1,1,29.64817,63.20435,70.25848,65.24869,51.7133,17.36758,8.686259,10.9108,45.58279,B
1,0,0,82.88382,54.71605,0,-0.2412632,-0.4430665,-0.8634142,-0.04321986,-0.3122894,-0.9490033,-0.07771835,-0.3191067,-0.9445267,-0.1113694,-0.2796235,-0.9536286,-0.0943249,-0.2416139,-0.9657771,1,1,1,1,1,28.88237,63.19091,69.93967,64.82719,51.20694,17.40172,9.09582,10.5909,45.63998,B
1,0,0,82.88383,54.80675,0,-0.2204232,-0.4871898,-0.8450205,-0.03983039,-0.3303435,-0.94302,-0.07424816,-0.3391757,-0.9377884,-0.1034021,-0.294382,-0.9500775,-0.08762497,-0.2560163,-0.9626929,1,1,1,1,1,28.15932,63.08244,69.70895,64.6299,50.99545,17.38338,9.185383,10.50867,45.9723,B
1,0,0,82.88384,54.27657,0,-0.2075917,-0.5075753,-0.8362255,-0.0286628,-0.3649322,-0.9305927,-0.06385012,-0.3712526,-0.926334,-0.1009313,-0.3311999,-0.9381468,-0.08955156,-0.2968949,-0.9507018,1,1,1,1,1,28.07418,62.61797,69.31301,64.31403,50.73168,17.32863,8.975078,10.55849,45.34997,B
1,0,0,82.88384,52.36737,0,-0.2041977,-0.4086819,-0.8895406,-0.01029363,-0.2768029,-0.9608716,-0.04431819,-0.2852769,-0.9574199,-0.1002226,-0.2586232,-0.9607651,-0.08147614,-0.2271563,-0.970444,1,1,1,1,1,28.81333,63.42051,70.41392,65.20936,51.46159,17.61655,8.616463,10.83374,44.22035,B
1,0,0,82.88384,51.82426,0,-0.2037524,-0.3045782,-0.9304392,-0.0003237624,-0.196841,-0.9804354,-0.03814537,-0.2162482,-0.975593,-0.1069608,-0.2054232,-0.9728107,-0.09904582,-0.1684081,-0.9807286,1,1,1,1,1,29.44735,63.67179,70.98911,65.83203,52.16633,17.33994,8.283822,10.98,44.15156,B
1,0,0,82.88384,52.69264,0,-0.1898647,-0.2641984,-0.9455954,0.02267003,-0.1717293,-0.9848832,-0.03408769,-0.2047539,-0.9782197,-0.09327944,-0.1959796,-0.9761614,-0.09769483,-0.1573218,-0.9827033,1,1,1,1,1,29.30228,63.87735,71.13067,65.90343,52.08524,17.28517,8.618097,10.51752,44.25951,B
1,0,0,82.88384,52.16361,0,-0.2041722,-0.2588215,-0.9441001,0.01918487,-0.1641843,-0.9862431,-0.02160268,-0.1997453,-0.9796097,-0.08535501,-0.1847389,-0.9790741,-0.08808282,-0.1514584,-0.9845312,1,1,1,1,1,30.07641,63.87226,71.15482,66.05309,52.24762,17.32776,8.421829,10.92563,44.49988,B
1,0,0,82.88384,51.6398,0,-0.1899254,-0.3531112,-0.9161009,0.00951915,-0.2304174,-0.9730453,-0.03300254,-0.2560187,-0.9661083,-0.1011283,-0.2391953,-0.9656908,-0.09712054,-0.1893091,-0.9771026,1,1,1,1,1,29.24489,63.61538,70.71836,65.48434,51.77925,17.25105,8.336428,10.72836,43.97554,B
1,0,0,82.88384,51.75925,0,-0.1933841,-0.3273592,-0.9248992,0.01342647,-0.2191395,-0.9756011,-0.02855667,-0.24705,-0.9685819,-0.09600006,-0.2300697,-0.9684275,-0.09601854,-0.1835488,-0.9783099,1,1,1,1,1,29.5431,63.67482,70.80123,65.59532,51.87971,17.23033,8.343675,10.76266,44.02095,B
1,0,0,82.88384,51.91585,0,-0.1999534,-0.3111609,-0.9290842,0.01714579,-0.1931777,-0.981014,-0.02311342,-0.219163,-0.9754145,-0.08913547,-0.2014359,-0.9754376,-0.09178668,-0.1654312,-0.9819408,1,1,1,1,1,29.76616,63.76965,71.00037,65.84412,52.07284,17.27547,8.347816,10.87684,44.31805,B
1,0,0,83.99521,52.66359,0,-0.208405,-0.3243283,-0.9227018,0.01751024,-0.2071562,-0.9781511,-0.03053177,-0.2387578,-0.9705991,-0.1009953,-0.2247367,-0.9691715,-0.1024689,-0.1815261,-0.9780329,1,1,1,1,1,30.05126,64.43011,71.72265,66.46305,52.59939,17.39817,8.360128,10.85112,44.95612,B
1,0,0,84.23359,53.09459,0,-0.2163918,-0.3323663,-0.9179909,0.02152205,-0.1873146,-0.9820642,-0.02208295,-0.2185522,-0.9755754,-0.09129264,-0.2047429,-0.9745491,-0.09115969,-0.1673257,-0.9816782,1,1,1,1,1,30.34629,64.62978,71.96252,66.70863,52.77203,17.54778,8.420218,10.99916,45.50476,B
1,0,0,84.23405,52.93108,0,-0.2056344,-0.3370778,-0.9187454,0.02596094,-0.1992566,-0.9796034,-0.02088047,-0.2315384,-0.9726017,-0.09161163,-0.2176513,-0.9717177,-0.09548053,-0.1797471,-0.9790682,1,1,1,1,1,30.22352,64.64667,71.87766,66.53311,52.53457,17.52321,8.419414,10.84793,45.16304,B
1,0,0,84.23405,53.03516,0,-0.2154955,-0.3056982,-0.9274213,0.02607722,-0.1950516,-0.9804463,-0.0182015,-0.2252647,-0.9741275,-0.09887969,-0.2272456,-0.9688045,-0.09952909,-0.1794146,-0.9787259,1,1,1,1,1,30.38229,64.66545,71.95735,66.54877,52.53672,17.53223,8.321382,10.99678,45.06936,B
1,0,0,84.23405,52.89081,0,-0.2129927,-0.309158,-0.9268525,0.01967421,-0.2274949,-0.9735805,-0.02840543,-0.2614727,-0.9647928,-0.1001286,-0.2625497,-0.9597093,-0.09775463,-0.2003108,-0.9748434,1,1,1,1,1,30.42986,64.62048,71.68983,66.18406,52.27777,17.44194,8.615226,10.77415,44.6364,B
1,0,0,84.23405,53.09315,0,-0.2309008,-0.3293334,-0.9155459,0.01203114,-0.2322974,-0.9725704,-0.02634745,-0.2604271,-0.9651339,-0.09316993,-0.2560049,-0.9621751,-0.08600188,-0.2083186,-0.9742725,1,1,1,1,1,30.61531,64.51002,71.64045,66.25346,52.30352,17.62989,8.632087,11.01005,44.82293,B
1,0,0,84.23405,52.96389,0,-0.2157575,-0.3467927,-0.9127889,0.01205499,-0.2375672,-0.9712963,-0.03446835,-0.2602635,-0.9649222,-0.09687699,-0.2550939,-0.9620509,-0.08018506,-0.2076951,-0.9749016,1,1,1,1,1,30.24307,64.44489,71.62857,66.23917,52.36591,17.74403,8.745585,10.79129,44.65169,B
1,0,0,84.23405,53.17667,0,-0.2094804,-0.4211185,-0.8824835,-0.0009265517,-0.2941439,-0.9557607,-0.02960515,-0.3031709,-0.9524762,-0.08502589,-0.2801206,-0.9561919,-0.06936619,-0.2409421,-0.9680575,1,1,1,1,1,29.61165,64.0756,71.10133,65.873,51.98767,17.74959,8.752347,11.05149,44.6659,B
1,0,0,84.23405,54.13105,0,-0.2033925,-0.4813337,-0.8526132,-0.006593366,-0.3393158,-0.9406494,-0.04233309,-0.3417042,-0.9388536,-0.08652613,-0.2991044,-0.9502893,-0.06421201,-0.2535556,-0.9651873,1,1,1,1,1,29.09982,63.79338,70.66726,65.50834,51.65589,17.76488,8.964787,10.75415,45.39112,B
1,0,0,84.23405,54.142,0,-0.1909507,-0.5050897,-0.8416782,0.004153356,-0.3730243,-0.9278122,-0.03951525,-0.3801883,-0.9240646,-0.0829445,-0.329858,-0.9403796,-0.06190783,-0.2896847,-0.9551179,1,1,1,1,1,28.95658,63.64385,70.18242,64.95287,51.01899,17.83505,8.984669,10.32312,45.16433,B
1,0,0,84.23405,54.07246,0,-0.2041752,-0.5094981,-0.8358973,-0.01407946,-0.3727924,-0.9278079,-0.05744802,-0.3807681,-0.9228843,-0.09583557,-0.3270819,-0.9401239,-0.07487235,-0.289384,-0.9542804,1,1,1,1,1,28.81388,63.55169,70.13539,65.02317,51.161,17.76927,9.047891,10.37124,45.34866,B
1,0,0,84.23405,54.2931,0,-0.2050521,-0.528876,-0.8235556,-0.01395226,-0.3935525,-0.9191963,-0.05866705,-0.4039507,-0.9128976,-0.09391093,-0.3531289,-0.9308494,-0.07737816,-0.3160082,-0.9455959,1,1,1,1,1,28.89337,63.42729,69.77505,64.56632,50.67859,17.70416,9.146897,10.16861,45.41249,B
1,0,0,84.23405,54.61105,0,-0.1963327,-0.5375155,-0.8200796,-0.01481988,-0.3948241,-0.9186372,-0.05741037,-0.4029622,-0.9134142,-0.08381395,-0.3517521,-0.9323335,-0.06999452,-0.3113282,-0.9477213,1,1,1,1,1,28.5535,63.47947,69.78673,64.58271,50.68056,17.63715,9.37482,10.17865,45.7261,B
1,0,0,84.23405,54.48154,0,-0.1953251,-0.527662,-0.8266928,-0.01603149,-0.3893153,-0.920965,-0.0569865,-0.3976053,-0.9157852,-0.08450703,-0.3463075,-0.9343071,-0.07015304,-0.3067747,-0.9491932,1,1,1,1,1,28.59968,63.5801,69.8762,64.62942,50.68974,17.68385,9.352102,10.21698,45.54731,B
1,0,0,84.23405,54.44236,0,-0.1871614,-0.5298211,-0.8272003,-0.01259073,-0.3845065,-0.9230365,-0.05468256,-0.3904747,-0.9189882,-0.08303829,-0.33603,-0.9381836,-0.06867862,-0.2968798,-0.9524419,1,1,1,1,1,28.32965,63.51344,69.96492,64.84029,50.93573,17.66718,9.310207,10.27458,45.66746,B
1,0,0,84.23405,53.9339,0,-0.2135452,-0.4983076,-0.8402905,-0.0306325,-0.3716081,-0.9278842,-0.06651962,-0.3740309,-0.9250276,-0.1005645,-0.3263539,-0.9398829,-0.0762347,-0.2859253,-0.9552147,1,1,1,1,1,28.821,63.50404,70.20241,65.11993,51.33481,17.77575,9.17363,10.63935,45.08804,B
1,0,0,84.23405,52.67706,0,-0.2326149,-0.4026532,-0.8853025,-0.02514529,-0.298512,-0.9540746,-0.05733906,-0.3111847,-0.9486181,-0.1124324,-0.2844232,-0.9520832,-0.0905861,-0.2503728,-0.9639023,1,1,1,1,1,29.51981,63.94711,71.00522,65.83001,52.04734,17.78097,8.701701,11.04741,44.28331,B
1,0,0,84.23405,52.64396,0,-0.2193919,-0.3895882,-0.8944765,-0.01225473,-0.2446676,-0.9695295,-0.04580388,-0.2582095,-0.9650025,-0.107167,-0.2414486,-0.964478,-0.09067851,-0.2101076,-0.9734641,1,1,1,1,1,29.57696,64.11847,71.51386,66.42262,52.68702,17.69185,8.526629,11.22466,44.94891,B
1,0,0,84.23405,52.91938,0,-0.2293747,-0.3769045,-0.8974019,-0.001196524,-0.2567042,-0.9664893,-0.0403396,-0.279262,-0.9593672,-0.1084864,-0.2594789,-0.959636,-0.09350333,-0.2183992,-0.9713696,1,1,1,1,1,30.04217,64.11699,71.36996,66.21552,52.482,17.62648,8.378072,11.01208,45.00512,B
1,0,0,84.23405,52.68341,0,-0.1998781,-0.3598851,-0.9113351,0.01703915,-0.2677771,-0.9633302,-0.02659631,-0.290047,-0.9566427,-0.09310155,-0.2738873,-0.9572449,-0.08635758,-0.2271445,-0.9700246,1,1,1,1,1,30.07792,64.29782,71.33994,65.99487,52.08526,17.59544,8.545012,10.76617,44.26529,B
1,0,0,84.23405,52.76369,0,-0.2038751,-0.3525527,-0.9133136,0.01890432,-0.2593485,-0.9655988,-0.02543659,-0.2827443,-0.958858,-0.09170683,-0.2692069,-0.9587061,-0.08316708,-0.2206428,-0.9718025,1,1,1,1,1,30.19048,64.40314,71.44262,66.04688,52.1189,17.63537,8.596332,10.75935,44.33862,B
1,0,0,84.23405,52.77681,0,-0.1898088,-0.3834504,-0.9038464,0.01508094,-0.3104621,-0.9504661,-0.03111257,-0.3314167,-0.9429713,-0.09170746,-0.3154534,-0.9444993,-0.08206453,-0.2615324,-0.9616997,1,1,1,1,1,29.75201,64.08825,70.88356,65.44714,51.50555,17.5751,8.770988,10.54985,43.69309,B
1,0,0,84.23405,53.16816,0,-0.2151292,-0.4484255,-0.8675448,0.004882727,-0.3274831,-0.9448444,-0.03313292,-0.3353559,-0.9415087,-0.08644182,-0.3051672,-0.9483674,-0.0643546,-0.2597159,-0.9635383,1,1,1,1,1,29.69328,63.83721,70.73114,65.49763,51.66185,17.78382,8.783271,10.72752,44.57061,B
1,0,0,84.23405,54.86923,0,-0.2113503,-0.5407996,-0.8141663,-0.003063782,-0.4162862,-0.9092285,-0.04142138,-0.4218919,-0.9056994,-0.07016969,-0.3642049,-0.9286717,-0.05196289,-0.3165024,-0.9471673,1,1,1,1,1,28.94458,63.22103,69.52619,64.42616,50.51144,17.70217,9.245275,10.32239,45.33609,B
1,0,0,84.23405,54.88803,0,-0.1922375,-0.5276316,-0.8274356,0.007888612,-0.470684,-0.8822666,-0.03736641,-0.4755947,-0.8788705,-0.05348888,-0.4267528,-0.9027851,-0.04329409,-0.3819733,-0.9231587,1,1,1,1,1,29.10574,62.69067,68.65473,63.43613,49.67025,17.42255,9.624087,9.913571,44.14077,B
1,0,0,84.23405,54.9436,0,-0.1957579,-0.5376375,-0.820137,0.005794626,-0.4653305,-0.885118,-0.03797377,-0.4688541,-0.882459,-0.05464899,-0.4178241,-0.9068828,-0.04584366,-0.3761905,-0.9254075,1,1,1,1,1,29.04219,62.65498,68.73055,63.6181,49.83667,17.43806,9.587856,9.997822,44.47195,B
1,0,0,84.23405,55.01761,0,-0.1907457,-0.5440062,-0.8171127,0.006445881,-0.4625266,-0.886582,-0.03734512,-0.4621765,-0.8860012,-0.05684154,-0.4105632,-0.9100588,-0.0486486,-0.3675364,-0.9287359,1,1,1,1,1,28.7708,62.66131,68.8343,63.71862,49.90605,17.44455,9.505241,10.04491,44.61536,B
1,0,0,84.23405,55.0453,0,-0.1933983,-0.5419776,-0.8178371,0.006218653,-0.4616466,-0.8870421,-0.03853146,-0.4621235,-0.885978,-0.05725487,-0.4115334,-0.9095945,-0.04850422,-0.3689549,-0.9281809,1,1,1,1,1,28.81541,62.6815,68.8476,63.71539,49.90911,17.45107,9.533633,10.0234,44.62646,B
1,0,0,84.23405,55.00834,0,-0.194513,-0.5424027,-0.8172907,0.005360536,-0.4627392,-0.8864782,-0.03913486,-0.4638389,-0.8850548,-0.05772848,-0.41377,-0.9085493,-0.04834813,-0.3713868,-0.9272186,1,1,1,1,1,28.83405,62.67173,68.81355,63.66906,49.86351,17.46178,9.53962,10.01711,44.57144,B
1,0,0,84.23405,54.99605,0,-0.2020706,-0.5484879,-0.8113744,0.0008880815,-0.4628314,-0.8864459,-0.0457047,-0.464207,-0.8845468,-0.06437305,-0.4139292,-0.9080302,-0.05500065,-0.371883,-0.9266488,1,1,1,1,1,28.64717,62.55635,68.78445,63.7153,49.9571,17.41748,9.499931,10.02652,44.7315,B
1,0,0,84.23405,54.51466,0,-0.2087347,-0.5689162,-0.7954647,-0.01949079,-0.4387181,-0.8984133,-0.05812942,-0.4429968,-0.8946366,-0.08919447,-0.388759,-0.9170119,-0.07036418,-0.348446,-0.934684,1,1,1,1,1,28.24771,62.66863,69.10196,64.1835,50.5024,17.6027,9.160785,10.39157,45.30596,B
1,0,0,84.23405,54.30565,0,-0.2328915,-0.5130853,-0.8261387,-0.02371773,-0.4005921,-0.9159495,-0.06039862,-0.4053972,-0.9121432,-0.1000048,-0.3659394,-0.9252499,-0.0802147,-0.3259279,-0.9419855,1,1,1,1,1,29.06784,63.02751,69.73035,64.67665,50.94436,17.64956,9.002024,10.67068,44.90823,B
1,0,0,84.23405,52.95834,0,-0.230139,-0.4147544,-0.8803493,-0.01112428,-0.2968961,-0.954845,-0.04570663,-0.3106002,-0.9494411,-0.1032113,-0.2919415,-0.950851,-0.08946165,-0.2662035,-0.9597564,1,1,1,1,1,29.80432,63.69243,70.93114,65.9032,52.13034,17.69491,8.595852,11.12268,44.56113,B
1,0,0,84.23405,52.87901,0,-0.2164499,-0.3869173,-0.8963506,0.01213607,-0.2843478,-0.9586444,-0.04102318,-0.3054409,-0.9513269,-0.1100445,-0.2889413,-0.9510012,-0.1008711,-0.2459581,-0.9640175,1,1,1,1,1,29.80589,63.85574,71.10557,65.91173,52.18307,17.50724,8.388893,10.6821,44.54971,B
1,0,0,84.23405,53.066,0,-0.2220476,-0.3265625,-0.9187229,0.01898221,-0.2283937,-0.9733838,-0.02758085,-0.2503847,-0.9677535,-0.08985068,-0.2304924,-0.968917,-0.0945619,-0.1998907,-0.9752445,1,1,1,1,1,30.18291,64.27387,71.6885,66.5874,52.60373,17.5452,8.499636,11.00471,44.85558,B
1,0,0,84.23405,52.70819,0,-0.2063345,-0.364246,-0.908158,0.009553766,-0.2788505,-0.960287,-0.03802976,-0.304843,-0.951643,-0.09962779,-0.2923329,-0.9511129,-0.09056798,-0.2494761,-0.9641365,1,1,1,1,1,29.88012,64.05512,71.16875,65.90184,52.12186,17.52691,8.645113,10.77668,44.13945,B
1,0,0,84.23405,52.84333,0,-0.2277927,-0.4073427,-0.8844107,-0.001190578,-0.3138477,-0.9494725,-0.05371762,-0.3375444,-0.9397756,-0.1132248,-0.3198272,-0.9406863,-0.09535206,-0.2679315,-0.9587079,1,1,1,1,1,29.50624,63.65079,70.72754,65.57203,51.93556,17.53511,8.646721,10.60958,44.12751,B
1,0,0,84.23405,54.49391,0,-0.2384423,-0.5602739,-0.7932455,-0.03132133,-0.4333108,-0.9007001,-0.07190534,-0.4334131,-0.8983222,-0.108493,-0.3792626,-0.9189065,-0.08734209,-0.3284244,-0.9404832,1,1,1,1,1,28.39215,62.39386,69.16284,64.4571,51.00052,17.36777,8.910503,10.57411,45.49953,B
1,0,0,84.23405,54.60608,0,-0.2282628,-0.5855351,-0.7778462,-0.0341703,-0.4563094,-0.8891649,-0.07974885,-0.4650177,-0.8817021,-0.1101681,-0.4040176,-0.9080929,-0.09725782,-0.3576644,-0.9287719,1,1,1,1,1,27.87209,62.108,68.59888,63.9852,50.57917,17.18111,9.007661,10.26359,45.70818,B
1,0,0,84.23405,55.01097,0,-0.2168366,-0.5722022,-0.7909276,-0.0295432,-0.4940159,-0.8689508,-0.07722283,-0.4988006,-0.8632697,-0.09130318,-0.4526662,-0.8869932,-0.08485974,-0.4075876,-0.9092146,1,1,1,1,1,28.10522,61.83894,68.024,63.19055,49.8928,16.97816,9.563892,9.972681,44.96926,B
1,0,0,84.23405,55.04522,0,-0.2227014,-0.5755173,-0.7868824,-0.02862797,-0.4828051,-0.8752598,-0.07517899,-0.4881456,-0.8695183,-0.08941424,-0.4359732,-0.8955068,-0.08185604,-0.3900059,-0.9171669,1,1,1,1,1,28.12468,61.937,68.2285,63.50632,50.14904,17.04119,9.514412,10.07815,45.27082,B
1,0,0,84.23405,54.91424,0,-0.2222271,-0.5724716,-0.7892347,-0.02969796,-0.4821325,-0.8755949,-0.07653025,-0.4890112,-0.8689138,-0.09097131,-0.4370122,-0.8948433,-0.08104819,-0.3889738,-0.9176767,1,1,1,1,1,28.11777,61.89995,68.2098,63.5274,50.26552,17.00222,9.504684,10.08791,45.19007,B
1,0,0,84.23405,54.80059,0,-0.2177533,-0.5627922,-0.797401,-0.01727966,-0.4802796,-0.8769453,-0.06882958,-0.4861372,-0.8711677,-0.08912951,-0.433209,-0.8968756,-0.0821377,-0.3870901,-0.918376,1,1,1,1,1,28.22302,62.0204,68.30457,63.50145,50.03327,17.11125,9.341659,9.962341,44.81616,B
1,0,0,84.23405,54.16665,0,-0.2045298,-0.560698,-0.8023623,-0.0259742,-0.4319576,-0.9015198,-0.07882963,-0.4322003,-0.8983256,-0.1201077,-0.3760107,-0.9187982,-0.09745681,-0.3327055,-0.9379815,1,1,1,1,1,27.59893,62.41349,69.21809,64.50543,51.09595,17.44048,8.836634,10.28345,45.41137,B
1,0,0,84.23405,52.64347,0,-0.2337809,-0.4192977,-0.877232,-0.02805552,-0.3052088,-0.9518721,-0.07658621,-0.3212065,-0.9439073,-0.141507,-0.299436,-0.9435645,-0.1264851,-0.2589501,-0.9575732,1,1,1,1,1,28.77642,63.33175,70.76766,65.87415,52.46692,17.33957,8.322612,10.9044,44.69299,B
1,0.01989244,0,84.23405,53.38614,0,-0.1002312,-0.5089471,-0.8549424,0.08023791,-0.3893489,-0.9175888,0.02855331,-0.3854084,-0.9223042,-0.02481001,-0.33479,-0.9419661,-0.009091086,-0.27487,-0.9614384,0,1,1,1,1,29.34583,63.72011,70.24438,64.85983,50.86657,17.82725,8.942184,10.10856,44.28615,B
1,0.06997886,0,84.23405,55.10928,0,-0.07475426,-0.5366967,-0.8404573,0.1012785,-0.4517352,-0.8863848,0.06348395,-0.4248092,-0.9030542,0.03151063,-0.3731331,-0.9272426,0.04876466,-0.3188407,-0.9465531,0,1,1,1,1,30.36133,63.51738,69.58421,63.89873,49.75631,18.08501,9.711075,10.14516,44.13825,B
1,0.04580894,0,84.23405,55.13842,0,-0.02705036,-0.5325581,-0.8459611,0.1417574,-0.4293491,-0.8919441,0.1013972,-0.4000602,-0.9108625,0.06811937,-0.3540037,-0.9327599,0.08489466,-0.2941533,-0.9519804,0,1,1,1,1,30.37829,63.86725,69.83538,63.87842,49.52703,18.28498,9.860456,10.00808,44.03913,B
1,0.03928863,0,84.23405,54.35531,0,-0.1398605,-0.5491949,-0.8239078,0.04547751,-0.4592527,-0.8871408,-0.01111598,-0.4483301,-0.893799,-0.05481305,-0.3999404,-0.9149007,-0.04303233,-0.3413527,-0.9389498,0,1,1,1,1,29.15929,62.87146,69.14799,63.77657,50.02327,17.52423,9.125329,9.740392,44.54712,B
1,0,0,84.23405,54.64022,0,-0.255282,-0.5162768,-0.8174897,-0.02931062,-0.3833864,-0.9231228,-0.07286104,-0.3890483,-0.9183314,-0.1170538,-0.3579935,-0.9263579,-0.09860624,-0.3217891,-0.9416626,1,1,1,1,1,28.42356,63.00909,69.81216,64.67113,50.90536,17.58811,8.885087,10.53835,45.46556,B
1,0,0,84.23405,57.89043,0,-0.3237056,-0.4143161,-0.8506214,-0.03217096,-0.4303861,-0.9020714,-0.05900197,-0.4343632,-0.8988033,-0.09318076,-0.4378581,-0.8942022,-0.07581476,-0.3886475,-0.9182621,1,1,1,1,1,29.51778,62.47685,69.07188,63.83849,50.67258,16.99511,9.576989,10.84274,45.0001,B
1,0,0,84.23405,59.65542,0,-0.3244163,-0.54309,-0.7744722,-0.05177565,-0.5296479,-0.8466359,-0.1094907,-0.4979648,-0.8602574,-0.1055862,-0.4681466,-0.87732,-0.03969413,-0.3992676,-0.9159748,1,1,1,1,1,27.73146,61.96552,67.76221,62.00968,48.6407,17.65262,10.38366,9.141456,46.27471,B
1,0,0,84.23405,58.85599,0,-0.3307917,-0.5210129,-0.7868434,-0.08426078,-0.5031846,-0.8600613,-0.1319964,-0.4740157,-0.8705665,-0.1148941,-0.44684,-0.8872054,-0.04702736,-0.3797651,-0.9238868,1,1,1,1,1,28.15114,62.49585,68.13367,62.32348,48.93079,17.71618,10.75958,9.27071,46.1678,B
1,0,0,84.23405,59.12807,0,-0.3415931,-0.4953161,-0.7987341,-0.07914336,-0.4989822,-0.8629908,-0.1231079,-0.4710109,-0.8734949,-0.1028131,-0.4446865,-0.8897659,-0.02583642,-0.3786172,-0.9251927,1,1,1,1,1,28.84098,62.66104,68.27166,62.43463,49.01728,17.89381,10.87707,9.369692,45.87176,B
1,0,0,84.23405,59.13431,0,-0.3406741,-0.5217738,-0.7821082,-0.07981107,-0.5062817,-0.858667,-0.127213,-0.4803831,-0.867784,-0.1093828,-0.4547098,-0.8838973,-0.03725069,-0.3873777,-0.9211683,1,1,1,1,1,28.16696,62.44751,68.03094,62.1973,48.83158,17.7358,10.8092,9.294971,46.30526,B
1,0,0,84.23405,58.9973,0,-0.3222187,-0.5341672,-0.7815629,-0.05963385,-0.5082811,-0.859124,-0.1159088,-0.491783,-0.8629685,-0.09763569,-0.4651588,-0.8798264,-0.02586759,-0.3974627,-0.9172536,1,1,1,1,1,27.88762,62.42672,67.8754,61.9678,48.56939,17.7756,10.85105,9.14079,46.22245,B
1,0,0,84.23405,52.86992,0,-0.2432549,-0.5537145,-0.7963839,0.03018153,-0.5401031,-0.8410575,-0.03545191,-0.5302568,-0.8470955,-0.03769596,-0.5071668,-0.8610231,0.01141371,-0.4456896,-0.8951148,1,1,1,1,1,27.60962,61.82492,67.25916,61.3053,47.92124,17.57848,10.49287,8.989898,45.22298,B
1,0,0,84.23405,48.77923,0,-0.2338218,-0.6055481,-0.7606831,0.02744251,-0.5905142,-0.8065606,-0.0518476,-0.5804043,-0.8126763,-0.06397578,-0.5481524,-0.833928,-0.01012953,-0.4761507,-0.8793054,1,1,1,1,1,26.75623,60.76104,66.04845,60.20414,47.03479,17.38193,10.03775,8.575685,44.64365,B
1,0,0,84.23405,59.1493,0,-0.2658123,-0.480102,-0.83597,0.005289847,-0.4684248,-0.8834875,-0.04397039,-0.4633356,-0.8850914,-0.05969929,-0.4381554,-0.8969145,0.007195047,-0.3637394,-0.931473,1,1,1,1,1,28.30471,62.60011,68.66724,63.24162,50.11744,17.64503,9.869718,9.800822,45.9688,B
1,0,0,84.23405,54.9311,0,-0.2021101,-0.5569577,-0.8055741,0.01197725,-0.4514148,-0.8922338,-0.03383199,-0.4596921,-0.8874337,-0.07154905,-0.4229719,-0.9033136,-0.06025232,-0.3848571,-0.9210074,1,1,1,1,1,29.22344,62.61588,68.9362,63.69958,49.80339,17.68316,9.196074,10.1782,44.54086,B
1,0,0,84.23405,54.31388,0,-0.2187596,-0.5618744,-0.7977728,-0.01004043,-0.4206558,-0.9071648,-0.05378238,-0.4269983,-0.9026515,-0.09742058,-0.3898834,-0.9156966,-0.07309217,-0.3605518,-0.929871,1,1,1,1,1,28.80951,62.74725,69.39199,64.28413,50.52681,17.85578,8.941369,10.47387,45.10609,B
1,0,0,84.23405,53.72972,0,-0.2113393,-0.3983721,-0.8925443,0.02357012,-0.3324589,-0.9428232,-0.02957278,-0.3506099,-0.9360546,-0.09094328,-0.3362049,-0.9373876,-0.08567688,-0.3009823,-0.9497732,1,1,1,1,1,29.95434,63.81382,70.69471,65.30853,51.24747,17.74574,8.764965,10.47766,43.9238,B
1,0,0,84.23405,53.25167,0,-0.2383027,-0.3337439,-0.9120454,0.02103156,-0.2208447,-0.9750822,-0.0334146,-0.2556936,-0.9661802,-0.1058319,-0.254916,-0.9611542,-0.1067303,-0.2151086,-0.9707404,1,1,1,1,1,30.30653,64.30418,71.60456,66.32536,52.35537,17.50767,8.44915,10.81167,45.11955,B
1,0,0,84.23405,52.98444,0,-0.2313941,-0.3214762,-0.9182101,0.02063313,-0.1921226,-0.981154,-0.03038706,-0.2425193,-0.9696705,-0.09793028,-0.2395267,-0.9659382,-0.1014182,-0.203268,-0.9738565,1,1,1,1,1,30.44437,64.48547,71.75387,66.50151,52.45376,17.59473,8.593829,11.01773,45.00835,B
1,0,0,84.23405,53.2118,0,-0.2065616,-0.3007915,-0.9310514,0.05097931,-0.1957086,-0.9793361,-0.004046726,-0.2208038,-0.9753098,-0.07047362,-0.2106875,-0.9750099,-0.08334374,-0.1748045,-0.9810694,1,1,1,1,1,30.50405,64.62667,71.9809,66.65847,52.42165,17.58412,8.576484,10.76937,44.85082,B
1,0,0,84.23405,52.91314,0,-0.1985752,-0.3464417,-0.916813,0.03723382,-0.2676425,-0.9627986,-0.01443758,-0.2888986,-0.9572508,-0.07910343,-0.281375,-0.956332,-0.07353545,-0.2321579,-0.9698944,1,1,1,1,1,30.14709,64.42834,71.35918,65.78173,51.68846,17.65842,8.784707,10.51458,43.82694,B
1,0,0,84.23405,54.23647,0,-0.2122921,-0.3633383,-0.9071479,0.02213289,-0.2801321,-0.9597062,-0.0312053,-0.3006162,-0.9532346,-0.0868886,-0.2861859,-0.9542264,-0.07797797,-0.2364488,-0.96851,1,1,1,1,1,29.84522,64.24889,71.18394,65.73364,51.77243,17.57268,8.881484,10.42439,44.66022,B
1,0,0,84.23405,55.74142,0,-0.2226736,-0.4717538,-0.85315,0.005387841,-0.3957545,-0.9183405,-0.04101204,-0.4106168,-0.9108853,-0.07657605,-0.3732004,-0.9245851,-0.06238825,-0.3242414,-0.9439148,1,1,1,1,1,29.47726,63.34765,69.73557,64.43911,50.6152,17.54141,9.212258,10.21246,45.0018,B
1,0,0,84.23405,56.16002,0,-0.2144363,-0.5328073,-0.8186168,2.549387E-05,-0.4488997,-0.8935822,-0.047109,-0.452771,-0.8903815,-0.07901459,-0.4067131,-0.9101325,-0.07443061,-0.3445221,-0.935823,1,1,1,1,1,28.37312,62.61211,69.02149,63.95179,50.29252,17.151,9.168834,10.16227,45.45898,B
0.4422109,0.05111744,0,82.4866,56.56261,0,-0.09549759,0.07356946,-0.9927073,0.1634435,-0.0927137,-0.9821866,0.0922571,-0.04453994,-0.9947386,-0.003768754,-0.08596213,-0.9962913,-0.02796451,-0.1571825,-0.9871735,1,1,1,1,1,29.3619,63.02566,70.08361,64.56647,50.74198,17.24953,8.413727,9.641625,43.50638,B
0.9369984,0.02050724,0,81.09089,56.91843,0,-0.1466463,0.1041122,-0.9836948,0.07920235,-0.06842427,-0.9945074,0.02651933,-0.06618974,-0.9974546,0.006980836,-0.08357311,-0.9964772,0.02645755,-0.1643008,-0.9860554,1,1,1,1,1,29.83282,62.20199,68.51436,63.02291,49.94886,17.17799,9.770485,9.66875,43.35085,B
1,0.09677223,0,81.01327,56.35144,0,-0.2157568,0.07138142,-0.9738345,0.03864656,-0.0353432,-0.9986277,-0.009381903,-0.01949818,-0.9997659,-0.02770753,-0.04546603,-0.9985815,0.003245475,-0.1233239,-0.9923611,1,1,1,1,1,29.74152,61.58747,68.17619,63.1608,50.76597,16.73607,9.560039,9.928393,43.04659,B
1,0.08763672,0,81.00985,56.2351,0,-0.2094374,0.100535,-0.97264,0.05226473,0.0002637159,-0.9986332,0.008458273,0.01254683,-0.9998855,-0.007454453,-0.01170005,-0.9999038,0.03628191,-0.09893061,-0.9944327,1,1,1,1,1,29.1829,61.46982,68.22699,63.40233,51.22,16.71971,9.500583,10.13601,43.43708,B
1,0.572688,0,81.0097,51.49581,0.08098807,0.6797982,-0.615922,-0.3981388,0.5869983,-0.777107,-0.2270192,0.7605518,-0.5704838,-0.3100148,0.7935009,-0.4802492,-0.3737875,0.7961594,-0.4323002,-0.4233753,0,1,1,1,1,25.56728,40.3581,48.09504,47.35042,41.42861,11.2644,8.351156,9.201837,33.551,B
0.7807912,0.9182339,0,81.0097,29.06425,0.7835056,0.4494254,-0.8877915,-0.09921224,0.1291699,-0.5445787,0.8287033,0.5855702,-0.8104244,0.0178811,0.7391657,-0.6727657,-0.03194396,0.8510899,-0.5222458,-0.05390136,1,0,1,1,1,32.33562,29.9755,43.16795,39.56687,34.61556,16.99801,15.62929,27.07637,12.71641,B
