1,0.9929401,0.1172797,78.28372,78.15208,0,-0.8099869,-0.04343523,-0.5848372,-0.1969371,-0.2976015,-0.934157,-0.3494973,-0.4967837,-0.7943914,-0.436849,-0.4434165,-0.7826524,-0.4573734,-0.2034594,-0.865687,1,1,1,1,1,32.72293,52.26393,55.28407,53.18428,46.30154,11.30179,5.981712,8.493871,53.88864,C
1,0.8689433,0.0816471,78.47552,78.9425,0,-0.8169909,-0.02839988,-0.5759509,-0.175052,-0.2393686,-0.955018,-0.3175151,-0.4077696,-0.8561005,-0.4235372,-0.4021792,-0.811707,-0.4358816,-0.1697808,-0.8838449,1,1,1,1,1,33.5553,53.52822,58.13005,54.65685,47.11874,11.9017,6.395319,9.007513,56.33997,C
1,0.9561341,0.1598325,78.41344,79.8515,0,-0.8214612,-0.0705747,-0.5658804,-0.1618894,-0.2713566,-0.9487663,-0.3110203,-0.4824086,-0.8188702,-0.4107449,-0.4874643,-0.770498,-0.4210597,-0.2433612,-0.8737757,1,1,1,1,1,34.05182,52.72791,55.94027,52.60596,46.14912,11.48772,6.667388,8.547121,56.6909,C
1,0.9615697,0.1597814,78.31551,79.18875,0,-0.7845466,-0.1306975,-0.6061393,-0.1443933,-0.2859717,-0.9472966,-0.2962234,-0.5037756,-0.8114566,-0.3960702,-0.4718336,-0.7877191,-0.41257,-0.230781,-0.8812072,1,1,1,1,1,32.91962,52.29009,54.91457,52.22408,45.46096,11.64636,6.071332,8.330904,54.86176,C
1,1.03137,0.1652445,78.18981,79.44505,0,-0.775995,-0.1546395,-0.6114886,-0.1631084,-0.412965,-0.8960221,-0.2848642,-0.5331227,-0.7966383,-0.3877856,-0.5142438,-0.7649677,-0.4201804,-0.2845698,-0.8616661,1,1,1,1,1,31.9013,50.46405,54.13538,51.40629,44.94054,11.24636,6.096996,7.990835,53.17409,C
1,1.498789,0.5122696,78.25083,76.09058,0,-0.8566516,-0.1208016,-0.5015526,-0.3034948,-0.6573538,-0.6897658,-0.4071091,-0.7612215,-0.5047811,-0.4752761,-0.7167549,-0.5102695,-0.5669864,-0.4946241,-0.6586907,1,1,0,1,1,32.35765,44.25042,46.06506,46.01564,42.29561,9.928601,6.681808,7.175607,47.76623,C
1,1.371063,0.4868623,78.26936,76.05672,0,-0.8513449,-0.1369924,-0.5064039,-0.3378187,-0.6097488,-0.7169971,-0.4447587,-0.6785693,-0.5845796,-0.509847,-0.605244,-0.6113393,-0.5825428,-0.4455481,-0.679802,1,1,1,1,1,31.3849,44.10129,48.2615,48.96231,43.4368,10.25399,6.769189,8.002083,48.0943,C
1,1.436182,0.5063154,78.26999,76.02054,0,-0.8499406,-0.1122826,-0.5147754,-0.3516482,-0.5993632,-0.7191017,-0.4535282,-0.6842304,-0.5710874,-0.5146931,-0.6307584,-0.5807192,-0.5951161,-0.4773037,-0.6465431,1,1,1,1,1,31.46223,43.92076,47.76843,47.73755,42.46135,10.1446,6.827834,8.153041,48.01003,C
1,1.438259,0.5128917,78.27003,77.16245,0,-0.8554026,-0.1215852,-0.5034912,-0.3447775,-0.6051278,-0.7175993,-0.4456198,-0.6766866,-0.5861043,-0.5074739,-0.6451487,-0.5711859,-0.5858355,-0.4892697,-0.6460742,1,1,1,1,1,32.13341,44.08421,48.14355,47.55408,42.33744,10.20487,6.827162,8.470155,48.5938,C
1,1.234352,0.333979,78.27003,78.69576,0,-0.8833106,-0.07147085,-0.4633081,-0.2959647,-0.4934121,-0.8178932,-0.4271033,-0.6258965,-0.6525614,-0.5107213,-0.5670005,-0.6462771,-0.5592037,-0.3465102,-0.7531414,1,1,1,1,1,33.78038,47.31811,49.9539,50.23225,44.82799,10.57611,5.891329,7.292348,53.8444,C
1,1.159389,0.3199263,78.27003,79.17858,0,-0.8676352,-0.1061277,-0.4857427,-0.2623414,-0.4412957,-0.858158,-0.3970053,-0.6318576,-0.6656898,-0.4800762,-0.57792,-0.6599511,-0.5254509,-0.3617381,-0.7700954,1,1,1,1,1,34.29818,49.57267,50.5569,50.8523,45.213,10.83186,5.914907,7.529263,56.56892,C
1,0.9981549,0.1838581,78.27003,78.90186,0,-0.8296911,-0.1442742,-0.5392566,-0.2321112,-0.324953,-0.9168041,-0.3646559,-0.5804502,-0.7280822,-0.4402955,-0.51825,-0.7331827,-0.4545425,-0.2964405,-0.8399489,1,1,1,1,1,33.22155,52.333,52.9709,52.7111,46.88759,11.42813,6.143432,8.749352,57.02938,C
1,1.071964,0.2415731,78.27003,78.79746,0,-0.8385343,-0.1236566,-0.5306309,-0.2553538,-0.3060905,-0.9171166,-0.3951067,-0.573066,-0.7179736,-0.4768743,-0.5203121,-0.7084252,-0.502111,-0.2975617,-0.8119985,1,1,1,1,1,33.22348,51.28415,52.60424,51.70797,46.11406,11.02728,5.980951,8.765714,55.69507,C
1,0.8799757,0.08865688,77.87067,77.08788,0,-0.8216392,-0.159781,-0.5471554,-0.2458284,-0.2895118,-0.9250683,-0.3785592,-0.480833,-0.7908809,-0.4704594,-0.4452583,-0.7618484,-0.4880835,-0.2398251,-0.8392011,1,1,1,1,1,32.6549,51.91011,56.15273,53.82258,47.3703,11.39613,5.984211,8.694053,55.60706,C
1,0.9745263,0.1827852,77.59487,76.91564,0,-0.7953385,-0.2243806,-0.5631076,-0.2495555,-0.4188435,-0.8730935,-0.364608,-0.5240407,-0.7697027,-0.4528802,-0.4889488,-0.7455392,-0.4843137,-0.3095394,-0.8183065,1,1,1,1,1,31.37553,49.54172,54.54634,52.46181,45.96352,11.12371,6.095071,8.509867,52.54333,C
1,1.222579,0.3226129,77.62305,79.47325,0,-0.8104819,-0.2037298,-0.5491933,-0.2514102,-0.5394487,-0.8036093,-0.3660967,-0.6273163,-0.6873482,-0.4473326,-0.5843462,-0.6770768,-0.4911016,-0.3816836,-0.7830305,1,1,1,1,1,31.31937,46.64254,50.321,49.62494,44.20235,10.54491,6.099131,7.680535,49.69582,C
1,1.20007,0.2757169,77.62399,78.30482,0,-0.8298371,-0.1771067,-0.5291536,-0.2635144,-0.5325994,-0.8042998,-0.376762,-0.6100925,-0.6970205,-0.457287,-0.5503825,-0.6985469,-0.493631,-0.3569913,-0.793023,1,1,1,1,1,32.17942,46.53074,50.79982,50.32647,44.61296,10.72401,6.070073,8.0344,50.49461,C
1,0.9859172,0.1728444,77.95384,79.19176,0,-0.8335397,-0.1560123,-0.5299732,-0.2248526,-0.3438808,-0.9116948,-0.3592447,-0.5518404,-0.7526058,-0.4496218,-0.492347,-0.7452749,-0.4769874,-0.2825916,-0.8322409,1,1,1,1,1,33.44563,50.99247,54.29026,52.87223,46.38377,11.43301,5.785659,8.421041,55.87786,C
1,1.21315,0.4225869,77.93104,77.50018,0,-0.7859663,-0.1629077,-0.596421,-0.2268455,-0.4390111,-0.8693736,-0.3701775,-0.6074857,-0.7028013,-0.4540021,-0.5416381,-0.7074675,-0.4841644,-0.3496697,-0.8020697,1,1,1,1,1,32.24897,48.85815,50.66533,50.42926,44.23048,11.09114,5.89617,7.279333,51.53296,C
1,0.5371796,0,78.01325,76.90094,0,-0.7836991,-0.1538562,-0.6017841,-0.1872842,-0.1483611,-0.9710374,-0.2950881,-0.2554665,-0.9206845,-0.4149029,-0.295077,-0.8606888,-0.4195954,-0.1495387,-0.8953088,1,1,1,1,1,32.39483,54.81161,61.94788,57.36914,48.59822,12.88178,6.984428,10.13861,57.70506,C
1,0.4833345,0,77.96639,76.89557,0,-0.7779687,-0.155389,-0.6087849,-0.1765806,-0.1288614,-0.9758145,-0.2814919,-0.2226749,-0.9333693,-0.4053015,-0.2623317,-0.8757355,-0.4154405,-0.1328416,-0.899868,1,1,1,1,1,32.29924,54.54551,61.88678,57.35511,48.21978,13.03511,6.915262,10.25386,57.78272,C
1,0.8234291,0.1584961,78.05378,77.61311,0,-0.7598965,-0.1631596,-0.6292347,-0.1746012,-0.2772761,-0.9447923,-0.3048424,-0.3842913,-0.8714306,-0.4144702,-0.3963936,-0.8191987,-0.4359592,-0.2390121,-0.8676478,1,1,1,1,1,31.67261,52.4225,58.05917,54.20202,46.12163,12.3202,6.670073,8.838528,54.52285,C
1,0.9099497,0.2060553,78.08005,78.2036,0,-0.754259,-0.1779071,-0.6320146,-0.1628747,-0.3375167,-0.9271216,-0.2913505,-0.4161241,-0.8613685,-0.4007238,-0.4133896,-0.8176364,-0.4242486,-0.262989,-0.866516,1,1,1,1,1,31.76207,51.27548,56.91785,53.78919,45.5797,12.40793,6.162634,8.672443,53.33418,C
1,1.312909,0.5311726,78.0618,77.64529,0,-0.7377968,-0.1930661,-0.6468241,-0.1988731,-0.4947948,-0.8459478,-0.3442077,-0.5927974,-0.728088,-0.4345824,-0.5998119,-0.6718362,-0.4616897,-0.3877757,-0.7977924,1,1,1,1,1,31.01182,47.35627,50.83418,48.04675,42.58097,10.93223,6.769875,7.258256,47.93013,C
1,1.633623,0.8129428,78.06113,73.71957,0,-0.7290201,-0.1780553,-0.6609281,-0.2111015,-0.6030763,-0.7692432,-0.3492413,-0.7089837,-0.6126767,-0.4265985,-0.7496421,-0.5060143,-0.4882843,-0.5389085,-0.686408,1,1,1,0,1,30.73835,44.56215,46.98763,42.66145,38.89463,9.775896,8.223494,7.029838,43.92575,C
1,1.607155,0.7834975,78.06111,73.64857,0,-0.7284167,-0.1775108,-0.6617395,-0.2114268,-0.6039519,-0.7684665,-0.3506625,-0.6816022,-0.642226,-0.4321855,-0.717557,-0.5461938,-0.4883884,-0.5167332,-0.703181,1,1,1,0,1,30.93094,44.49627,47.54007,43.64075,39.34367,9.972805,7.889207,7.116154,43.71165,C
1,1.778533,0.8800206,78.0611,69.04098,0,-0.7092264,-0.2063623,-0.6741014,-0.2087722,-0.7226877,-0.6588904,-0.335744,-0.7899128,-0.5131411,-0.4068632,-0.789126,-0.460155,-0.4798463,-0.627704,-0.6129725,1,0,0,0,0,30.24978,42.11175,44.38571,41.19351,37.73222,9.278746,7.627851,7.103992,40.61919,C
1,1.884634,0.9649714,78.0611,67.92554,0,-0.7181793,-0.1875614,-0.6701039,-0.1868156,-0.7767914,-0.601411,-0.3079793,-0.8322737,-0.4609439,-0.3734577,-0.8510958,-0.3690057,-0.4710687,-0.707975,-0.5261803,1,0,0,0,0,30.26549,40.77574,43.26786,39.21424,35.79277,9.002645,8.362172,7.584748,39.61229,C
1,1.78062,0.8884865,78.0611,69.99731,0,-0.7075557,-0.1983688,-0.6782439,-0.1821291,-0.7213247,-0.6682213,-0.3062371,-0.8025069,-0.5120563,-0.3795379,-0.8157365,-0.4364915,-0.4697179,-0.6626887,-0.5832742,1,1,0,0,0,30.31781,42.5777,44.75079,40.95756,36.92033,9.27282,7.925563,7.205886,41.21929,C
1,1.771898,0.8916097,78.0611,69.23759,0,-0.7057698,-0.1990221,-0.6799111,-0.1872494,-0.7341984,-0.6526027,-0.3127965,-0.7942758,-0.5208496,-0.3861807,-0.7956972,-0.4666159,-0.4667552,-0.6403628,-0.6099796,1,0,0,0,0,30.20692,42.51263,44.79016,41.41867,37.30449,9.477494,7.632364,6.995064,40.85565,C
1,1.801765,0.8823858,78.0611,67.85046,0,-0.7097416,-0.2220403,-0.6685544,-0.1929474,-0.768344,-0.6102613,-0.3200541,-0.8168384,-0.4799379,-0.3895413,-0.811263,-0.4360161,-0.4676392,-0.6553457,-0.5931573,1,0,0,0,0,30.21016,41.38473,43.9182,40.85364,37.28154,9.239418,7.591616,7.105362,39.9032,C
1,1.936203,1,78.0611,66.42193,0,-0.7040862,-0.2087066,-0.678752,-0.2006026,-0.7831519,-0.5885844,-0.3219707,-0.8461209,-0.4247521,-0.3819803,-0.8551356,-0.3504769,-0.4742525,-0.71654,-0.5115223,1,0,0,0,0,29.85474,40.39316,42.08654,38.53085,35.40562,8.953091,8.282683,7.055784,38.737,C
1,1.940699,1,78.0611,67.28213,0,-0.7187541,-0.1847585,-0.6702662,-0.2013533,-0.7749891,-0.5990399,-0.3232037,-0.8393641,-0.437044,-0.3827801,-0.8583873,-0.3415415,-0.4778098,-0.7171946,-0.5072768,1,0,0,0,0,30.11048,40.48834,42.30834,38.32704,35.20898,8.977534,8.533694,7.157743,39.2095,C
1,1.886626,0.9728603,78.0611,68.39213,0,-0.7137285,-0.1994527,-0.6714241,-0.1809822,-0.7589432,-0.6255003,-0.3032055,-0.8399671,-0.4500242,-0.3673267,-0.8534827,-0.3696464,-0.4624292,-0.703141,-0.5401407,1,0,0,0,0,30.26437,41.22701,42.88882,39.08684,35.90134,8.934871,8.26284,7.078565,39.94889,C
1,1.883687,0.9641277,78.0611,67.48714,0,-0.7219592,-0.2008831,-0.6621336,-0.2114755,-0.7853057,-0.5818702,-0.3328409,-0.8410724,-0.4263967,-0.393127,-0.8394029,-0.3753051,-0.4803052,-0.7010089,-0.5271561,1,0,0,0,0,30.50777,40.79192,42.62095,39.4367,36.02347,9.025088,8.034253,7.06045,39.49958,C
1,1.901909,0.9673536,78.0611,66.78689,0,-0.7291497,-0.1976788,-0.6551822,-0.1928606,-0.8091822,-0.5550035,-0.3171299,-0.8484779,-0.4236907,-0.3763862,-0.8491918,-0.3704142,-0.4681759,-0.7051294,-0.5325446,1,0,0,0,0,30.44669,40.16596,42.40596,39.26599,36.01882,9.002233,8.024818,7.042012,39.05439,C
1,1.892347,0.955485,78.0611,67.97978,0,-0.7534397,-0.169202,-0.6353733,-0.2338153,-0.7749515,-0.5871803,-0.3548024,-0.8355632,-0.4194632,-0.4123674,-0.8423875,-0.3468954,-0.4984702,-0.6870751,-0.5286351,1,0,0,0,0,30.45391,40.44668,42.22289,38.90808,36.20356,8.934679,8.16773,7.020785,40.09296,C
1,1.939458,0.9799642,78.0611,67.74184,0,-0.7658222,-0.1741601,-0.619019,-0.2793576,-0.7766054,-0.5646622,-0.393875,-0.8285118,-0.3980335,-0.4457688,-0.8420463,-0.303724,-0.5290914,-0.7025595,-0.4758913,1,0,0,0,0,30.99458,39.53205,41.46934,38.07028,35.60255,8.91403,8.489612,7.41592,39.83503,C
1,1.910155,0.9366187,78.0611,68.479,0,-0.7800374,-0.1409319,-0.6096555,-0.306527,-0.7625716,-0.5696717,-0.4145443,-0.8241062,-0.3860076,-0.4612979,-0.8324958,-0.306847,-0.5431772,-0.6966351,-0.4686769,1,0,0,0,0,30.85403,39.81023,41.70197,38.46807,35.80703,8.948006,8.499461,7.636076,40.7758,C
1,1.888431,0.9290683,78.0611,69.07088,0,-0.7777138,-0.1310092,-0.6148152,-0.302645,-0.7353537,-0.6063505,-0.4087257,-0.8187426,-0.4032418,-0.4556708,-0.829951,-0.3217847,-0.5358402,-0.6923375,-0.483264,1,0,0,0,0,30.76432,40.54985,42.06705,38.81031,36.12953,8.9853,8.511878,7.563882,41.23399,C
1,1.903219,0.9499037,78.0611,68.16734,0,-0.7724516,-0.1560235,-0.6156096,-0.305109,-0.7617732,-0.5714983,-0.4119302,-0.8288497,-0.3785785,-0.4581868,-0.8389307,-0.2937008,-0.5428025,-0.7116417,-0.4460174,1,0,0,0,0,30.71519,40.24403,41.67803,38.30329,35.45384,8.950335,8.594795,7.34925,40.74612,C
1,1.941551,0.9705593,78.0611,68.0094,0,-0.7622164,-0.1465949,-0.6305045,-0.2791184,-0.7666962,-0.5781608,-0.3898874,-0.844451,-0.3672743,-0.43685,-0.858093,-0.2698862,-0.5275644,-0.7292167,-0.4357967,1,0,0,0,0,30.36315,40.14001,41.20117,37.57106,34.99705,8.750463,8.778879,7.200484,40.42067,C
1,1.970116,1,78.0611,67.80317,0,-0.7747365,-0.09487437,-0.6251258,-0.3040475,-0.7637112,-0.5694739,-0.416439,-0.8383166,-0.3518578,-0.4588208,-0.8535126,-0.2469812,-0.5538197,-0.7194341,-0.4191638,1,0,0,0,0,30.13147,40.00385,40.94329,36.95646,34.52177,8.706951,9.006579,7.136109,40.42008,C
1,1.990284,1,78.0611,67.134,0,-0.7681806,-0.1006714,-0.6322688,-0.3059729,-0.7592838,-0.5743418,-0.4121587,-0.8430714,-0.3454792,-0.4540907,-0.8585706,-0.2380295,-0.5524725,-0.7271323,-0.4074958,1,0,0,0,0,29.96128,39.94147,40.64878,36.67163,34.2552,8.651664,9.031562,7.256458,40.01238,C
1,1.997641,1,78.0611,65.7285,0,-0.7651885,-0.1074534,-0.6347759,-0.2987018,-0.7928348,-0.5312159,-0.4061463,-0.8522121,-0.3298178,-0.4498743,-0.859319,-0.2432778,-0.5459881,-0.7243205,-0.4210185,1,0,0,0,0,29.69026,39.1,40.23453,36.80898,34.60077,8.653676,8.684896,7.117522,39.10664,C
1,2.028163,1,78.0611,65.36028,0,-0.7684283,-0.1073188,-0.6308728,-0.3157866,-0.7982693,-0.512879,-0.4210646,-0.8512409,-0.313199,-0.4621729,-0.8582675,-0.2230989,-0.5613586,-0.7347388,-0.3808352,1,0,0,0,0,29.64541,38.72072,39.86488,36.33788,33.81015,8.721736,8.810472,7.167886,38.92716,C
1,2.034481,1,78.0611,65.79565,0,-0.7706893,-0.101717,-0.6290402,-0.3129414,-0.7900701,-0.5271214,-0.4163627,-0.8531983,-0.3141573,-0.4579322,-0.861157,-0.2206962,-0.5580409,-0.7326472,-0.389639,1,0,0,0,0,29.77657,38.85591,39.75744,36.20797,33.90128,8.686272,8.815903,7.202407,39.1675,C
1,2.026133,1,78.0611,65.06275,0,-0.7657238,-0.1104876,-0.6336084,-0.3117085,-0.8014029,-0.5104815,-0.4157106,-0.857568,-0.3029223,-0.4570408,-0.8611648,-0.2225059,-0.5566922,-0.7274791,-0.4010835,1,0,0,0,0,29.74029,38.72434,39.64642,36.36167,34.28885,8.621664,8.679282,7.107283,38.75507,C
1,2.071067,1,78.0611,63.80625,0,-0.7682462,-0.1076314,-0.6310414,-0.3110291,-0.8267289,-0.4688073,-0.4175663,-0.866344,-0.2740192,-0.4592662,-0.8659565,-0.1979742,-0.5623163,-0.7341201,-0.3806154,1,0,0,0,0,29.70641,37.78511,38.87381,35.7441,33.86925,8.561236,8.625671,7.045803,37.79422,C
1,2.049758,1,78.0611,63.84753,0,-0.7680142,-0.1104418,-0.6308382,-0.308613,-0.8296852,-0.4651672,-0.4177073,-0.8650547,-0.2778506,-0.459451,-0.8629351,-0.2103515,-0.5592028,-0.7278008,-0.3969863,1,0,0,0,0,29.6744,37.91846,39.08455,36.0864,34.17941,8.619204,8.546344,6.936659,37.8563,C
1,1.98719,0.9787365,78.0611,65.03532,0,-0.7726715,-0.1347792,-0.6203332,-0.3288156,-0.7979332,-0.5051563,-0.4282481,-0.8453653,-0.3193135,-0.4707458,-0.8497359,-0.2373757,-0.5608827,-0.7103011,-0.4253033,1,0,0,0,0,30.1137,38.45106,40.01739,36.93312,35.07923,8.821587,8.520299,7.497363,38.79794,C
1,1.97376,1,78.0611,65.41534,0,-0.7728889,-0.1654628,-0.6125885,-0.3314913,-0.8040323,-0.4936048,-0.4354098,-0.8382953,-0.3281453,-0.4752964,-0.8459145,-0.2419132,-0.5688116,-0.7309204,-0.3771056,1,0,0,0,0,30.36934,38.6712,40.55038,37.17358,34.21105,8.898158,8.753923,7.464519,39.08163,C
1,2.011036,1,78.0611,65.60121,0,-0.7717692,-0.169715,-0.612837,-0.3283223,-0.7899522,-0.5178609,-0.4244225,-0.845254,-0.3246711,-0.4678133,-0.8574771,-0.2142051,-0.5648244,-0.7425224,-0.3600471,1,0,0,0,0,30.26912,38.46832,40.03714,36.38835,33.77211,8.844648,8.864287,7.672091,39.03063,C
1,1.951228,1,78.0611,66.15645,0,-0.7722885,-0.1780579,-0.609808,-0.3173432,-0.7954034,-0.5163592,-0.424915,-0.8294961,-0.3624685,-0.4692712,-0.8444705,-0.2581746,-0.5587443,-0.7261034,-0.4007227,1,0,0,0,0,30.59046,39.02863,41.12214,37.45549,34.56521,8.938826,8.812598,7.479643,39.39432,C
1,1.953668,0.9901757,78.0611,63.29189,0,-0.7600811,-0.1593039,-0.6299993,-0.2912736,-0.8309167,-0.4740645,-0.4099571,-0.839111,-0.3575301,-0.4624848,-0.8301488,-0.3113854,-0.5487738,-0.6866848,-0.4767717,1,0,0,0,0,30.38232,37.94556,40.83848,38.33212,35.75222,8.883721,7.944726,7.56697,37.19163,C
1,2.066556,1,78.0611,61.75543,0,-0.7381284,-0.1163494,-0.664552,-0.2414435,-0.8612451,-0.4471711,-0.3640169,-0.8884219,-0.2796396,-0.4223237,-0.8746934,-0.237811,-0.5386326,-0.7267668,-0.4262452,1,0,0,0,0,29.92936,37.41314,39.08771,36.20708,34.27668,8.303342,7.927906,6.842217,35.84017,C
1,1.99083,0.9945281,78.0611,64.86048,0,-0.7354971,-0.1187595,-0.6670384,-0.2207691,-0.82263,-0.5239665,-0.3407902,-0.8803126,-0.3300178,-0.3999435,-0.8750842,-0.2725304,-0.5159413,-0.7269928,-0.4530851,1,0,0,0,0,30.16974,39.22819,40.38788,37.11242,34.68907,8.411265,8.026621,6.785336,38.0043,C
1,2.066913,1,78.0611,62.97878,0,-0.7435744,-0.08865989,-0.6627492,-0.2105845,-0.8507614,-0.4815176,-0.3291326,-0.8963601,-0.2970021,-0.3877335,-0.8879414,-0.2474324,-0.5193621,-0.7488005,-0.4117778,1,0,0,0,0,30.14588,37.97929,39.31526,36.30798,33.9234,8.224568,7.929035,6.759752,36.74473,C
1,2.100128,1,78.0611,62.24326,0,-0.7324204,-0.0565293,-0.6785019,-0.1738931,-0.8816129,-0.4387709,-0.3001313,-0.9163902,-0.264859,-0.3647152,-0.8998547,-0.2392578,-0.5022175,-0.7643468,-0.404415,1,0,0,0,0,30.13852,37.55918,38.85215,36.00323,33.58255,8.123914,7.706059,6.719335,35.87345,C
1,2.153687,1,78.0611,60.11002,0,-0.7225198,-0.050683,-0.6894899,-0.1547609,-0.9108129,-0.3827128,-0.2922874,-0.9213993,-0.256108,-0.3559481,-0.9075982,-0.2226352,-0.4976934,-0.7781057,-0.3832137,1,0,0,0,0,29.77234,36.3027,38.39423,35.41455,33.03955,8.092925,7.800319,6.834152,34.21732,C
1,2.134142,1,78.0611,60.53728,0,-0.728093,-0.04770259,-0.6838165,-0.1595415,-0.9114593,-0.3791946,-0.2959504,-0.921034,-0.2531991,-0.3601468,-0.9033294,-0.2330028,-0.4980484,-0.7789799,-0.3809699,1,0,0,0,0,29.909,36.426,38.5952,35.82618,33.22743,8.114584,7.750848,6.868731,34.56633,C
1,2.085316,0.996004,78.0611,62.34746,0,-0.7367319,-0.05234756,-0.6741555,-0.1914469,-0.874895,-0.4448672,-0.314259,-0.9121116,-0.2632368,-0.3766048,-0.8953524,-0.2377246,-0.5114236,-0.7615072,-0.3981869,1,0,0,0,0,30.13361,37.84493,38.96652,36.14186,33.72022,8.101173,7.778607,6.48571,36.16814,C
1,2.097192,1,78.0611,62.34399,0,-0.7466735,-0.05970726,-0.6625056,-0.2037861,-0.8817508,-0.4254254,-0.3275938,-0.908459,-0.2595853,-0.3862012,-0.8961955,-0.2183625,-0.5215953,-0.7706006,-0.3662147,1,0,0,0,0,30.26091,37.43126,38.91041,35.81408,33.18756,8.125113,7.98334,6.568499,36.21199,C
1,2.079465,1,78.0611,63.47673,0,-0.7580798,-0.1147495,-0.6419872,-0.2340762,-0.8456051,-0.4797502,-0.3394175,-0.9049284,-0.2567108,-0.3934779,-0.9001133,-0.1870059,-0.5244514,-0.778977,-0.3437229,1,0,0,0,0,30.18697,37.887,38.71149,35.42895,33.06644,8.369345,8.178119,6.981793,37.33621,C
1,2.043932,1,78.0611,62.41693,0,-0.7544093,-0.2075905,-0.622714,-0.2835789,-0.8348646,-0.4717881,-0.3906763,-0.8744792,-0.2875035,-0.4380858,-0.8742138,-0.2093586,-0.5442249,-0.7415299,-0.392368,1,0,0,0,0,29.49644,37.31747,38.96554,35.99047,34.24976,8.656533,8.26901,7.136899,36.96582,C
1,2.081881,1,78.0611,61.74538,0,-0.7656103,-0.1940192,-0.6133494,-0.2722574,-0.8638554,-0.4238277,-0.3790455,-0.891813,-0.24697,-0.4268784,-0.8858415,-0.181823,-0.5385306,-0.7530162,-0.378089,1,0,0,0,0,29.6384,36.52011,38.18325,35.40156,34.02677,8.561004,8.213027,7.121358,36.50076,C
1,2.079339,1,78.0611,62.08841,0,-0.7756088,-0.184372,-0.603687,-0.292685,-0.864114,-0.4094418,-0.3984069,-0.8863562,-0.235891,-0.4421251,-0.883228,-0.1563125,-0.5511733,-0.7554434,-0.3542785,1,0,0,0,0,29.87631,36.4001,38.14141,35.10493,33.76371,8.563135,8.447803,7.262738,36.73537,C
1,2.146741,1,78.0611,62.35095,0,-0.7694377,-0.1402528,-0.6231331,-0.2808832,-0.8835148,-0.3748415,-0.3952846,-0.8918636,-0.2198393,-0.438535,-0.887652,-0.1405739,-0.5485564,-0.7664709,-0.334078,1,0,0,0,0,29.71454,36.00998,37.65381,34.39714,32.92939,8.519891,8.646934,7.172858,36.57241,C
1,2.189314,1,78.0611,63.8025,0,-0.7906749,-0.1349201,-0.5971848,-0.2555557,-0.9158441,-0.3097107,-0.3779672,-0.9081736,-0.1798928,-0.4219533,-0.9006384,-0.1039519,-0.5354348,-0.7944158,-0.2867282,1,0,0,0,0,30.48788,35.51257,37.07486,33.60876,31.89001,8.557684,8.72546,6.816802,37.24122,C
1,2.211077,1,78.0611,61.6964,0,-0.7969916,-0.1106176,-0.5937745,-0.2932696,-0.912133,-0.2863672,-0.4165206,-0.8915089,-0.1781075,-0.4553623,-0.8843388,-0.1029085,-0.570953,-0.7820964,-0.2496754,1,0,0,0,0,30.17928,34.65126,36.82847,33.66555,31.57129,8.639742,8.76284,7.071319,36.13175,C
1,2.264127,1,78.0611,59.78756,0,-0.7874392,-0.03924979,-0.6151415,-0.3615404,-0.8771907,-0.3159508,-0.4714153,-0.8633796,-0.1798425,-0.5049185,-0.8590093,-0.08461921,-0.6244267,-0.7581572,-0.1878534,1,0,0,0,0,29.57641,34.61015,36.48539,33.04123,30.4249,8.804595,9.085359,7.325388,35.0095,C
1,2.280704,1,78.0611,60.21836,0,-0.7864991,-0.02309718,-0.6171595,-0.3678424,-0.8685274,-0.3321929,-0.4687648,-0.8673705,-0.1671163,-0.5001523,-0.8634151,-0.06604553,-0.6226804,-0.7675905,-0.151901,1,0,0,0,0,29.47628,35.0701,36.31667,32.5718,29.66016,8.991054,9.255126,7.164048,35.41064,C
1,2.207144,1,78.0611,61.26585,0,-0.7920353,-0.02964034,-0.6097552,-0.3818094,-0.8480819,-0.3673944,-0.4835743,-0.846219,-0.2237616,-0.5148728,-0.8470703,-0.131825,-0.6238378,-0.750049,-0.2196656,1,0,0,0,0,29.60217,35.53095,37.51455,34.08252,31.02669,9.034095,9.129736,7.572657,36.20657,C
1,2.099503,1,78.0611,63.25433,0,-0.8064448,-0.0511325,-0.5890945,-0.4003819,-0.8121612,-0.4243684,-0.4938504,-0.8244596,-0.2763661,-0.5235352,-0.8315198,-0.1857032,-0.6203503,-0.7286645,-0.2901958,1,0,0,0,0,29.97128,36.4939,38.84423,35.61513,32.98339,8.893516,9.015901,7.891604,37.88333,C
1,2.076483,1,78.0611,67.43485,0,-0.8208479,0.006735555,-0.5711071,-0.4367405,-0.7338846,-0.5202607,-0.5245398,-0.780143,-0.3409326,-0.5569829,-0.7869975,-0.2653397,-0.6467284,-0.6849482,-0.3355419,1,0,0,0,0,31.06291,37.54056,39.64825,36.84595,33.23727,9.261755,8.838137,8.062521,40.62058,C
1,2.088327,1,78.0611,63.34108,0,-0.8029003,-0.096358,-0.5882741,-0.416177,-0.7878,-0.4540572,-0.5029161,-0.8228307,-0.2646223,-0.5345922,-0.830855,-0.154568,-0.6407999,-0.7174264,-0.2732669,1,0,0,0,0,30.59615,36.83871,38.74599,35.15291,32.60513,8.65943,8.999175,7.934046,37.8547,C
1,2.086834,1,78.0611,62.03695,0,-0.8015375,-0.08498262,-0.5918747,-0.3583905,-0.848079,-0.3902797,-0.4586876,-0.8567158,-0.235889,-0.4974016,-0.8521488,-0.1625858,-0.6057271,-0.721373,-0.3357316,1,0,0,0,0,30.30362,36.15279,38.20028,35.33058,33.71825,8.622993,8.515576,7.434613,36.94656,C
1,2.142895,1,78.0611,61.24452,0,-0.7994637,-0.07828715,-0.5955911,-0.3474051,-0.8595076,-0.3749085,-0.4521174,-0.864801,-0.2184244,-0.4954408,-0.8566419,-0.143885,-0.6071723,-0.7275933,-0.3192958,1,0,0,0,0,30.33594,35.34109,37.48548,34.6668,33.21357,8.487945,8.397202,7.523351,36.02998,C
1,2.135602,1,78.0611,60.65879,0,-0.7898,-0.09413915,-0.6060972,-0.34981,-0.8556875,-0.3813553,-0.4521769,-0.8624964,-0.2272357,-0.4931846,-0.8557616,-0.1563361,-0.6059382,-0.7373978,-0.2984685,1,0,0,0,0,29.9033,35.60029,37.71835,34.91334,32.84607,8.621726,8.437139,7.486943,35.92512,C
1,2.155002,1,78.0611,60.70344,0,-0.7882609,-0.1181668,-0.6038885,-0.3407707,-0.8674024,-0.3626133,-0.4392495,-0.8763016,-0.1978775,-0.4774563,-0.8716291,-0.1108969,-0.5988842,-0.7635946,-0.2413732,1,0,0,0,0,29.93893,35.53008,37.37312,34.13487,31.87804,8.565687,8.652015,7.429188,36.02417,C
1,2.122545,1,78.0611,61.33599,0,-0.7897661,-0.1242994,-0.6006823,-0.3429808,-0.8549336,-0.3891694,-0.4413714,-0.8697305,-0.2208169,-0.4812895,-0.866479,-0.1325688,-0.598941,-0.748185,-0.2854626,1,0,0,0,0,30.01857,35.84301,37.78603,34.59738,32.68536,8.52366,8.555399,7.493289,36.43464,C
1,2.109378,1,78.0611,60.62819,0,-0.7984764,-0.1195645,-0.5900337,-0.3563914,-0.8606735,-0.3636294,-0.4577612,-0.8605779,-0.2232946,-0.499384,-0.8496804,-0.1692897,-0.6024363,-0.7294091,-0.3240876,1,0,0,0,0,30.0281,35.35881,37.71944,35.3783,33.56643,8.762094,8.300256,7.644644,36.0516,C
1,2.088159,1,78.0611,61.45579,0,-0.7635309,-0.1523324,-0.6275471,-0.3028878,-0.8566348,-0.4176551,-0.4089833,-0.8745582,-0.2605393,-0.4547268,-0.868929,-0.1954121,-0.5582653,-0.7402478,-0.3746639,1,0,0,0,0,29.97484,36.56601,38.56094,35.696,33.88885,8.667165,8.362226,7.425107,36.10778,C
1,2.034303,1,78.0611,61.05233,0,-0.7071913,-0.2296748,-0.6686777,-0.2090378,-0.8933894,-0.3976915,-0.3386915,-0.9032288,-0.2635638,-0.3995802,-0.8832711,-0.2452913,-0.4894637,-0.7274266,-0.4809113,1,0,0,0,0,29.9345,37.13486,39.04709,36.50691,35.1838,8.603981,7.792473,6.876311,35.11081,C
1,2.184186,1,78.0611,59.1888,0,-0.8237855,-0.2286275,-0.5187552,-0.3390757,-0.9160516,-0.2141897,-0.4333998,-0.8978691,-0.07743272,-0.4571645,-0.8892381,0.01600373,-0.5870907,-0.8041061,-0.09347679,1,0,0,0,0,29.81104,33.03704,35.26457,32.26479,30.40714,8.578255,8.768801,7.560826,35.85863,C
1,2.233969,1,78.0611,58.85262,0,-0.8076581,-0.2221301,-0.546211,-0.2773581,-0.9491844,-0.1487328,-0.3900713,-0.9203067,-0.02966441,-0.4199938,-0.9053819,0.06236066,-0.5603731,-0.8223824,-0.09833254,1,0,0,0,0,29.47712,32.51109,34.48659,31.16479,29.99256,8.483637,8.763065,7.131301,34.95079,C
1,2.16108,1,78.0611,59.17882,0,-0.7570585,-0.1964597,-0.62311,-0.2168766,-0.9471899,-0.2362115,-0.3473382,-0.9270604,-0.1411214,-0.3951963,-0.9142365,-0.0893952,-0.5173938,-0.807683,-0.2827576,1,0,0,0,0,28.95104,34.13762,36.63376,33.71782,32.34446,8.441953,8.29988,7.128943,34.46342,C
1,2.033618,0.9784464,78.0611,59.59475,0,-0.7448395,-0.2173913,-0.6308369,-0.2246842,-0.9196174,-0.3222126,-0.3505419,-0.9130735,-0.2083676,-0.4055845,-0.8944681,-0.1882233,-0.5196383,-0.7633905,-0.3836809,1,0,0,0,0,29.34121,35.79694,38.3085,36.0349,34.44372,8.555564,7.849567,6.999797,35.10842,C
1,2.050697,0.9857789,78.0611,58.8584,0,-0.7236872,-0.2647445,-0.6373282,-0.1738663,-0.9071383,-0.3832369,-0.2885335,-0.9265842,-0.2412262,-0.3467843,-0.9136776,-0.2119762,-0.4885718,-0.7557558,-0.43604,1,0,0,0,0,28.91958,35.88103,38.11953,36.02335,35.35357,8.344253,7.716986,6.990675,34.91998,C
1,2.077913,0.9471498,78.0611,59.27424,0,-0.714195,-0.2231271,-0.6634303,-0.1486949,-0.9007456,-0.4081018,-0.253818,-0.9447135,-0.2075884,-0.3074428,-0.9391534,-0.1531985,-0.4733478,-0.780095,-0.4091376,1,0,0,0,0,28.73449,36.71974,37.76514,34.85342,34.62794,8.133546,7.958864,6.400955,35.12984,C
1,1.972671,0.7892186,78.0611,60.11196,0,-0.7041126,-0.1760595,-0.687916,-0.1365011,-0.8979828,-0.4183233,-0.2619747,-0.9219759,-0.2851835,-0.3245577,-0.9054989,-0.2733755,-0.4796849,-0.7292436,-0.4879612,1,0,0,0,0,29.20074,37.6908,39.83854,37.65631,36.08284,7.910846,7.575459,6.572277,35.39881,C
1,2.003119,0.853919,78.0611,60.3172,0,-0.6714241,-0.1022043,-0.7339918,-0.1314187,-0.898169,-0.4195492,-0.2667782,-0.9144694,-0.3042617,-0.330601,-0.8931381,-0.3049711,-0.4622808,-0.7217578,-0.5151332,1,0,0,0,0,28.99535,38.21721,40.23857,37.80124,35.65577,8.054125,7.620893,6.517107,34.65157,C
1,1.967635,0.8853233,78.0611,59.01555,0,-0.5333349,-0.310127,-0.7870039,-0.05632433,-0.9013972,-0.4293142,-0.1944905,-0.9359007,-0.293706,-0.2600128,-0.9241405,-0.2799245,-0.3714644,-0.7741306,-0.5125778,1,0,0,0,0,28.14469,39.3266,40.68013,37.3012,34.97093,8.352994,7.929501,6.423995,33.74281,C
1,2.255503,1,78.0611,51.604,0.1132815,-0.570735,-0.3473206,-0.7440631,0.1333846,-0.983155,-0.1249596,-0.01489383,-0.9990288,-0.04147001,-0.08428686,-0.9949925,-0.053718,-0.2357116,-0.8835094,-0.4047854,1,0,0,0,0,27.12539,32.79726,34.60865,32.24205,33.58681,8.747507,8.146335,6.369846,28.63888,C
1,2.388065,1,78.0611,49.10505,0.1842573,-0.5844721,-0.3709714,-0.7216458,0.175008,-0.9844259,0.01666846,0.0234088,-0.9950777,0.09629288,-0.06969742,-0.997565,0.002496971,-0.2298568,-0.9419782,-0.2446284,1,0,0,0,0,26.88208,30.1202,31.7759,31.12551,30.87854,8.3692,8.499682,6.3327,26.85572,C
1,2.334778,1,78.0611,50.62838,0.1409914,-0.5670927,-0.3425055,-0.7490633,0.1337005,-0.9880924,-0.07614246,-0.0107494,-0.9996653,0.02353084,-0.08929051,-0.9956355,-0.02715025,-0.2431745,-0.9317286,-0.2697183,1,0,0,0,0,27.04363,32.09436,33.39354,31.62102,31.04474,8.169769,8.236641,6.187564,27.87461,C
1,2.167639,0.9694905,78.0611,53.69211,0.05397461,-0.5907588,-0.3279396,-0.7371972,0.04727616,-0.9775622,-0.2052733,-0.09203206,-0.9912766,-0.09434371,-0.1521511,-0.9864916,-0.06069871,-0.2961227,-0.8517767,-0.4321894,1,0,0,0,0,28.02287,34.63497,36.08854,32.78133,34.36277,8.963626,8.337053,6.308134,30.17576,C
1,2.166075,0.9796761,78.0611,53.88206,0.0485795,-0.6088396,-0.3420943,-0.7157415,0.05524709,-0.98002,-0.1910722,-0.08631464,-0.9912924,-0.09944417,-0.147758,-0.9854617,-0.08386099,-0.2924488,-0.8496698,-0.4387881,1,0,0,0,0,27.94809,34.04762,36.02832,33.19905,34.71486,9.03747,8.188807,6.550323,30.54941,C
1,2.319107,1,78.0611,51.63195,0.1124876,-0.667628,-0.3742811,-0.6435733,0.1213244,-0.9912888,-0.05125374,-0.01825248,-0.9990733,0.0389795,-0.105376,-0.9941185,-0.0249877,-0.2751154,-0.9325587,-0.2337645,1,0,0,0,0,27.32135,30.27549,32.46736,31.99777,31.99737,8.569487,8.622889,6.91411,29.65656,C
1,2.282921,1,78.0611,52.44211,0.0894774,-0.6559774,-0.3578989,-0.6645315,0.0388697,-0.9929153,-0.112287,-0.09224088,-0.9957299,-0.003684428,-0.162234,-0.9865572,-0.0196234,-0.3257,-0.9108574,-0.2534922,1,0,0,0,0,27.39023,31.74088,33.58533,31.93973,32.04496,8.479259,8.217366,6.710265,30.34313,C
1,2.235569,1,78.0611,51.9132,0.1044996,-0.7954189,-0.315928,-0.5172023,-0.2008305,-0.9769971,-0.07172015,-0.322367,-0.9461265,0.03039884,-0.3622947,-0.9279696,0.08726394,-0.5516713,-0.8259742,-0.1158685,1,0,0,0,0,28.86101,29.94945,32.5601,30.84834,31.48086,8.512898,8.063293,7.339791,31.16493,C
1,2.213842,1,78.0611,58.41548,0,-0.8696754,-0.2740993,-0.4105293,-0.3940276,-0.8960362,-0.2046008,-0.4101284,-0.9117623,0.02200427,-0.3820263,-0.9061936,0.1812986,-0.4782696,-0.8318828,0.2814768,1,0,0,0,0,31.63034,31.93465,33.03024,29.53894,25.73664,9.113475,9.397986,7.793952,36.40333,C
1,2.331448,1,78.0611,59.15747,0,-0.9175559,-0.1181061,-0.3796605,-0.5160471,-0.8136587,-0.2676845,-0.4149778,-0.9032322,0.1093843,-0.3448248,-0.8825479,0.3196955,-0.4481851,-0.7887644,0.4206909,1,0,0,0,0,31.89353,31.70713,30.60222,26.39507,23.85255,8.517212,10.10736,9.060929,36.96662,C
1,2.318302,1,78.0611,60.51377,0,-0.8989514,-0.1743107,-0.4018734,-0.5133902,-0.8070186,-0.2918072,-0.4442177,-0.8938138,0.06138056,-0.3750627,-0.8812973,0.2874771,-0.4804301,-0.790196,0.3804961,1,0,0,0,0,31.6195,32.43788,31.71972,27.04741,24.18699,8.760746,10.34617,8.832754,37.79211,C
1,2.14965,1,78.0611,55.3736,0.006216682,-0.6664031,-0.4307376,-0.608582,-0.1597035,-0.9558166,-0.2467983,-0.2637879,-0.9597967,-0.09594925,-0.3112996,-0.9499094,-0.02765275,-0.4608343,-0.8486072,-0.2598027,1,0,0,0,0,28.09727,33.40323,35.48153,32.8859,32.89919,8.333711,8.086624,7.376054,32.9933,C
1,2.106579,1,78.0611,55.43317,0.004524716,-0.606635,-0.4795591,-0.6340482,-0.1501512,-0.9548921,-0.2561948,-0.2665372,-0.9562324,-0.1207369,-0.3180048,-0.9467396,-0.05056775,-0.441571,-0.8488589,-0.290609,1,0,0,0,0,27.83223,34.41007,36.56589,33.52604,32.85891,8.408656,8.18182,7.225109,32.81376,C
1,2.140562,1,78.0611,53.23008,0.06709729,-0.5769914,-0.494203,-0.6502648,-0.06666151,-0.9820651,-0.176364,-0.1956985,-0.9749625,-0.1055944,-0.2479799,-0.9655321,-0.07908078,-0.3583659,-0.8926909,-0.2732706,1,0,0,0,0,27.72907,33.71642,36.55108,33.84222,32.10529,8.754572,8.181278,7.513937,31.17169,C
1,2.26128,1,78.0611,50.43173,0.1465765,-0.6082972,-0.4552406,-0.6501772,0.03758995,-0.9981487,0.04781438,-0.1330947,-0.9908674,0.02161945,-0.1979624,-0.9796484,-0.03316767,-0.3134428,-0.9266435,-0.2075704,1,0,0,0,0,27.51891,30.43704,33.94434,32.58118,30.91884,8.971297,8.319642,8.166036,28.32523,C
1,2.203972,1,78.0611,53.81044,0.05061388,-0.6470716,-0.4414453,-0.6216304,-0.05589128,-0.9960522,-0.06896555,-0.2007653,-0.978965,-0.03634464,-0.2503334,-0.968105,-0.01028476,-0.3761507,-0.9062745,-0.1928137,1,0,0,0,0,28.19124,32.21397,35.1684,32.59248,30.91023,8.679272,8.361708,7.567511,31.20957,C
1,2.15256,1,78.0611,54.38123,0.03440214,-0.6418115,-0.4456895,-0.6240503,-0.08397894,-0.9894415,-0.118123,-0.2209269,-0.972538,-0.07321981,-0.2684989,-0.9619794,-0.05003932,-0.3862373,-0.8894037,-0.2445032,1,0,0,0,0,28.08313,32.9768,35.99409,33.48556,31.77561,8.799096,8.341098,7.605479,31.83216,C
1,2.15406,1,78.0611,54.04356,0.04399281,-0.6369689,-0.4536316,-0.623289,-0.07429704,-0.9920921,-0.1011585,-0.2129053,-0.9753109,-0.05865309,-0.2626192,-0.9637558,-0.04696852,-0.3788056,-0.8898998,-0.2541352,1,0,0,0,0,28.08453,32.75172,35.74406,33.41715,31.92713,8.805257,8.291545,7.579737,31.54757,C
1,2.171442,1,78.0611,53.76117,0.05201313,-0.6444436,-0.4593987,-0.6112653,-0.08608479,-0.993609,-0.07301091,-0.2273408,-0.972861,-0.04310024,-0.2753419,-0.9609893,-0.02619811,-0.390496,-0.8964116,-0.2096644,1,0,0,0,0,28.23899,32.39281,35.46171,33.0359,31.2356,8.849432,8.347252,7.69009,31.37293,C
1,2.188125,1,78.0611,53.91915,0.04752617,-0.6581105,-0.4534197,-0.6010833,-0.08668593,-0.9952948,-0.04328577,-0.2295858,-0.973204,-0.01282152,-0.2790622,-0.9602289,-0.009206656,-0.3926367,-0.8996255,-0.1910766,1,0,0,0,0,28.42052,32.01655,34.92363,32.68975,30.90887,8.932881,8.358008,7.57688,31.36055,C
1,2.184426,1,78.0611,54.06528,0.04337582,-0.6627054,-0.4434306,-0.6034824,-0.07638274,-0.996183,-0.04224967,-0.2217483,-0.9749091,-0.01949592,-0.2721114,-0.9619298,-0.02542658,-0.3847166,-0.9005319,-0.2025717,1,0,0,0,0,28.44532,32.00633,35.02677,32.97391,31.10302,8.974582,8.351031,7.672543,31.34395,C
1,2.170907,1,78.0611,54.17098,0.04037363,-0.6553819,-0.4370626,-0.6159958,-0.07682369,-0.9952698,-0.05946558,-0.2229696,-0.9738002,-0.04469598,-0.2729305,-0.960784,-0.04902202,-0.3809258,-0.8964639,-0.2263804,1,0,0,0,0,28.43761,32.36423,35.53606,33.38799,31.3668,8.995779,8.327607,7.766535,31.28547,C
1,2.164868,1,78.0611,54.08846,0.0427175,-0.6540563,-0.4252785,-0.6255785,-0.08909163,-0.9937624,-0.06707565,-0.236268,-0.9699959,-0.05731942,-0.2857292,-0.9562855,-0.06226363,-0.3918759,-0.8882059,-0.2398407,1,0,0,0,0,28.3933,32.59729,35.8001,33.57757,31.46762,8.969062,8.348098,7.748533,31.17244,C
1,2.164147,1,78.0611,53.48617,0.05982368,-0.6474602,-0.4144579,-0.6395467,-0.08887816,-0.9923297,-0.08592058,-0.2363197,-0.9692913,-0.06802581,-0.2870216,-0.9554082,-0.06938151,-0.3988741,-0.8794009,-0.2599104,1,0,0,0,0,28.09452,32.69747,35.91203,33.68394,31.82868,8.834734,8.300677,7.65905,30.8844,C
1,2.107277,1,78.0611,55.60985,0,-0.6429245,-0.4406752,-0.626461,-0.1415574,-0.9705468,-0.1949368,-0.2701298,-0.9556458,-0.1173504,-0.3199226,-0.9449759,-0.06833813,-0.4333089,-0.8500095,-0.2995452,1,0,0,0,0,28.45506,34.11455,36.79189,33.77879,32.71817,8.521814,8.278915,7.413996,32.69553,C
1,2.117908,1,78.0611,55.40618,0.005291339,-0.6343378,-0.4511127,-0.6277841,-0.1602912,-0.9646051,-0.209389,-0.2836609,-0.9526497,-0.1095219,-0.3323393,-0.9419954,-0.04685275,-0.449786,-0.8520753,-0.2676942,1,0,0,0,0,28.34732,34.2099,36.58053,33.40943,32.28428,8.421449,8.380276,7.302341,32.66567,C
1,2.055407,0.9906861,78.0611,56.65696,0,-0.6088792,-0.4906613,-0.6233117,-0.1123994,-0.9627841,-0.2457906,-0.2287913,-0.9638684,-0.1364272,-0.278598,-0.9572208,-0.07817622,-0.3929836,-0.8584611,-0.3295579,1,0,0,0,0,28.22609,34.89363,37.3253,34.18036,33.42378,8.607127,8.229037,7.351589,33.70464,C
1,2.086478,0.9973983,78.0611,52.11893,0.09865642,-0.6255674,-0.4834511,-0.6123238,-0.154688,-0.9754105,-0.1569906,-0.2819729,-0.9542621,-0.09937386,-0.3315423,-0.9411992,-0.06498999,-0.4475074,-0.8430103,-0.2984474,1,0,0,0,0,27.61845,33.04247,36.32639,33.97452,33.39473,8.585354,8.034004,7.939865,31.04567,C
1,2.253253,1,78.0611,49.28644,0.1791054,-0.6761013,-0.4304307,-0.5980105,-0.06818034,-0.997591,0.01279091,-0.2170694,-0.9744188,0.05821282,-0.2726434,-0.9592316,0.07443272,-0.4301543,-0.8941371,-0.1244433,1,0,0,0,0,27.73944,30.08762,32.9098,31.04848,30.90536,8.447422,8.204062,7.542895,28.73906,C
1,2.156681,1,78.0611,52.18393,0.09681014,-0.6501793,-0.4411946,-0.6185582,-0.1327286,-0.9862351,-0.09860828,-0.2643674,-0.9639658,-0.0296608,-0.3109677,-0.9504079,0.004904084,-0.4386842,-0.8706495,-0.2225435,1,0,0,0,0,27.75054,32.45366,35.11992,32.5523,31.99272,8.6242,8.340943,7.360861,30.79693,C
1,2.070506,0.976383,78.0611,53.90813,0.04783928,-0.6506687,-0.2372441,-0.7213498,-0.2969283,-0.9282213,-0.2241397,-0.4328208,-0.8898585,-0.1442848,-0.4896704,-0.8554825,-0.1684417,-0.5602552,-0.7188325,-0.4115749,1,0,0,0,0,27.50712,34.91026,37.3218,35.44573,34.30834,8.658973,7.714386,6.968396,30.87639,C
1,2.22559,1,78.0611,55.43778,0.004393767,-0.7753037,-0.1225661,-0.6195819,-0.3606979,-0.8924282,-0.2710516,-0.4631415,-0.8815244,-0.09173176,-0.5069944,-0.8613397,-0.03241095,-0.6357362,-0.7469495,-0.1946947,1,0,0,0,0,29.28913,33.56879,35.00766,32.62985,31.6754,8.13004,8.349366,6.94203,32.42882,C
1,2.289696,1,78.0611,56.80205,0,-0.7489924,-0.1512101,-0.6450937,-0.3352206,-0.8834261,-0.3273921,-0.4349995,-0.8942228,-0.1055508,-0.4706043,-0.8823141,0.007309791,-0.6105047,-0.7819663,-0.125749,1,0,0,0,0,29.05853,34.29113,34.94123,31.37329,29.81456,7.988897,8.944304,6.684574,33.14054,C
1,2.270552,1,78.0611,57.34738,0,-0.759624,-0.1360407,-0.6359751,-0.3542663,-0.8766395,-0.3255743,-0.4547324,-0.8820099,-0.1235998,-0.489661,-0.8717527,-0.01671625,-0.6206838,-0.769121,-0.1523301,1,0,0,0,0,28.98107,34.32152,35.34391,31.85599,30.25229,8.229538,8.940106,6.891635,33.59607,C
1,2.179645,1,78.0611,54.13086,0.04151306,-0.6046587,-0.2859458,-0.7433861,-0.1700726,-0.9329323,-0.3173527,-0.2951292,-0.9420055,-0.1597641,-0.3562648,-0.925624,-0.1276542,-0.4750377,-0.8047807,-0.3559033,1,0,0,0,0,27.80599,35.35197,36.69016,33.96001,32.99439,8.129604,7.957168,6.803502,30.80439,C
1,2.167019,1,78.0611,50.63642,0.140763,-0.5489408,-0.4331752,-0.7148589,0.07302703,-0.9895766,-0.1241182,-0.07463857,-0.9950938,-0.06494042,-0.1404659,-0.9867352,-0.08138099,-0.2758887,-0.8800129,-0.3866042,1,0,0,0,0,27.13707,33.05122,35.6275,33.5089,33.77328,8.727217,7.956697,6.94404,28.71932,C
1,2.313245,1,78.0611,49.07867,0.1850065,-0.5562444,-0.4152939,-0.7198077,0.1065349,-0.9942792,0.007688446,-0.04991914,-0.9972116,0.05547102,-0.1273175,-0.9915985,-0.0228586,-0.2605738,-0.9302241,-0.2584268,1,0,0,0,0,26.51817,30.84658,33.07608,31.9054,31.16402,8.58734,8.389783,6.836263,27.13082,C
1,2.24017,1,78.0611,50.01203,0.1584969,-0.573856,-0.4234685,-0.7009733,0.03022053,-0.9985663,-0.04418297,-0.1207248,-0.9926859,0.0005186967,-0.1852244,-0.9819988,-0.03701693,-0.3051705,-0.9097462,-0.2814833,1,0,0,0,0,27.04768,31.95759,34.36431,32.48152,31.82833,8.649498,8.30276,7.059484,28.1047,C
1,2.105768,1,78.0611,52.20773,0.09613433,-0.6620972,-0.3863751,-0.6421383,-0.1969697,-0.9678204,-0.1566097,-0.3365404,-0.9366421,-0.09717034,-0.3976715,-0.9110359,-0.1089537,-0.5063046,-0.7849731,-0.3570335,1,0,0,0,0,27.81987,32.8955,35.96197,34.51683,34.03899,8.517503,7.680655,7.531229,30.49501,C
1,2.10958,1,78.0611,54.32273,0.0360636,-0.7339681,-0.2123792,-0.6451246,-0.2860306,-0.9309598,-0.2269368,-0.4030318,-0.9099181,-0.09805322,-0.4602684,-0.8838196,-0.08376133,-0.5905495,-0.7650046,-0.256942,1,0,0,0,0,28.34012,33.7015,35.91592,34.20582,32.95957,8.202472,7.713561,7.006153,32.04142,C
1,2.249363,1,78.0611,55.34904,0.006914243,-0.7722855,-0.1504835,-0.6171952,-0.3756269,-0.8805206,-0.2891155,-0.4607811,-0.8847832,-0.06956679,-0.4875496,-0.8719297,0.0450995,-0.6337773,-0.7693068,-0.08058254,1,0,0,0,0,28.66131,33.77974,34.59604,31.1992,29.99716,7.969415,8.862695,6.786041,32.95697,C
1,2.212331,1,78.0611,55.17226,0.01193517,-0.7374067,-0.1976066,-0.645897,-0.358365,-0.8828814,-0.3034716,-0.441355,-0.8926465,-0.09158584,-0.4727188,-0.8811994,0.004953773,-0.6140254,-0.7821285,-0.1060558,1,0,0,0,0,27.99558,34.05344,35.13511,32.05175,30.31351,7.960683,8.671608,7.017825,32.98709,C
1,2.20296,1,78.0611,54.95902,0.01799156,-0.7473956,-0.1986602,-0.6339826,-0.3437664,-0.8980047,-0.2746129,-0.4340402,-0.8970385,-0.08325306,-0.4681098,-0.8836342,0.007992001,-0.6110255,-0.7840401,-0.10922,1,0,0,0,0,28.36473,33.82017,35.1119,32.12067,30.57291,7.926009,8.540137,6.947825,32.80889,C
1,2.178703,1,78.0611,54.18486,0.03997941,-0.7527573,-0.2283549,-0.6174224,-0.3050885,-0.9316077,-0.1975554,-0.411582,-0.9099685,-0.05057242,-0.4573019,-0.8893079,0.002552999,-0.5968094,-0.7870857,-0.1559316,1,0,0,0,0,28.84017,33.10855,34.88794,32.48165,31.4061,8.093835,8.153857,6.995241,32.07363,C
1,2.157792,1,78.0611,53.61247,0.05623657,-0.7238646,-0.2910145,-0.6255642,-0.2439659,-0.959551,-0.1405082,-0.3670027,-0.9297298,-0.03019218,-0.4221674,-0.906406,-0.01424147,-0.5522611,-0.8046948,-0.2178851,1,0,0,0,0,28.5609,32.78047,34.89264,32.83125,32.1164,8.304527,7.941748,6.979707,31.37208,C
1,2.202746,1,78.0611,50.01104,0.1585251,-0.6293901,-0.4613537,-0.6253166,-0.1540947,-0.9878541,0.01997733,-0.3048331,-0.9517943,0.03412447,-0.3639309,-0.9312335,0.01893624,-0.4650468,-0.85396,-0.2334175,1,0,0,0,0,27.54336,31.01217,34.0009,32.11231,31.66633,8.690668,7.969107,7.632053,28.89078,C
1,2.164326,1,78.0611,51.60061,0.1133777,-0.6403109,-0.4599503,-0.615181,-0.1771295,-0.9818814,-0.06733635,-0.3178388,-0.947443,-0.03647355,-0.3700902,-0.9289166,-0.01213354,-0.4766677,-0.8507994,-0.2211976,1,0,0,0,0,27.98222,32.0904,35.17078,32.82993,31.66275,8.610292,8.091265,7.799859,30.17064,C
1,2.221464,1,78.0611,51.00463,0.1303047,-0.6332213,-0.4132051,-0.6544405,-0.1767355,-0.9796135,-0.09550834,-0.3160836,-0.9484107,-0.02466435,-0.3720634,-0.9282066,-0.001122686,-0.4950505,-0.8424979,-0.21242,1,0,0,0,0,27.45177,32.05054,34.59115,32.18904,31.34466,8.330131,8.057412,7.25913,29.60832,C
1,2.16772,1,78.0611,53.73939,0.0526317,-0.6563835,-0.4085847,-0.6342076,-0.1957574,-0.9674648,-0.1602842,-0.3211814,-0.9460447,-0.04291693,-0.3705711,-0.9287224,0.01232135,-0.5009351,-0.8464096,-0.1807065,1,0,0,0,0,27.84248,33.24764,35.2414,32.24384,31.0721,8.273471,8.28072,6.913715,31.66658,C
1,2.139544,1,78.0611,52.5466,0.0865097,-0.6431717,-0.4514734,-0.6184675,-0.2028833,-0.9680026,-0.1476798,-0.3325867,-0.9404386,-0.07043599,-0.3857731,-0.9213955,-0.04700552,-0.5016022,-0.8280019,-0.2506157,1,0,0,0,0,27.62144,32.79816,35.62201,33.33674,32.20884,8.510746,7.991182,7.528183,31.14585,C
1,2.180727,1,78.0611,52.52904,0.08700837,-0.659598,-0.4307594,-0.6159357,-0.2383463,-0.9627547,-0.1276499,-0.3639126,-0.9305163,-0.04131756,-0.409883,-0.9121031,0.007997287,-0.5291346,-0.8285162,-0.183242,1,0,0,0,0,27.74384,32.45796,35.02993,32.3205,31.30296,8.418246,8.328752,7.482519,31.10181,C
1,2.155416,1,78.0611,56.3361,0,-0.682793,-0.390397,-0.6175628,-0.2357441,-0.9536758,-0.186888,-0.3581217,-0.9305682,-0.07610357,-0.4010653,-0.9159848,-0.01088434,-0.516888,-0.831563,-0.2032971,1,0,0,0,0,28.24912,33.75562,35.84579,32.61476,31.42791,8.464563,8.56497,7.042568,33.47808,C
1,2.070266,1,78.0611,59.94825,0,-0.7188872,-0.3418705,-0.6052485,-0.2598255,-0.9290802,-0.2632502,-0.3750734,-0.9166735,-0.1379479,-0.416496,-0.9055789,-0.0803617,-0.5178118,-0.8143618,-0.2620796,1,0,0,0,0,28.59192,35.23627,37.31563,34.12318,32.39419,8.699583,8.543371,7.078915,35.89011,C
1,2.07714,1,78.0611,57.91327,0,-0.7065225,-0.3778364,-0.5983858,-0.2744005,-0.9285722,-0.2499163,-0.3828857,-0.91842,-0.0995146,-0.4267657,-0.9030793,-0.04815428,-0.5333796,-0.8063743,-0.2554736,1,0,0,0,0,28.32883,34.64597,36.4952,33.62154,32.52505,8.585367,8.352546,7.086468,34.76358,C
1,2.099794,1,78.0611,55.77262,0,-0.7094954,-0.3893148,-0.5874097,-0.3001123,-0.926509,-0.2269662,-0.3987726,-0.9148266,-0.06381857,-0.4433057,-0.8960435,-0.02420646,-0.5600303,-0.7973982,-0.2247713,1,0,0,0,0,28.39541,33.70491,35.53158,33.25877,32.48367,8.497653,8.209532,7.241973,33.49189,C
1,2.165268,1,78.0611,56.77945,0,-0.7396063,-0.3432361,-0.57894,-0.2689464,-0.9391077,-0.2138802,-0.3614354,-0.9319252,-0.02966389,-0.4031055,-0.9142599,0.04043432,-0.5448561,-0.8271995,-0.1373783,1,0,0,0,0,29.15125,33.42908,34.76118,31.85698,31.02044,8.161669,8.393856,7.113989,33.98335,C
1,2.125096,1,78.0611,59.65773,0,-0.7325577,-0.3339765,-0.5931433,-0.2572551,-0.915716,-0.3086811,-0.34302,-0.9338391,-0.1013992,-0.3757316,-0.9264499,0.02272611,-0.5244492,-0.8390976,-0.1444584,1,0,0,0,0,29.19629,34.83795,36.14663,32.14461,31.13186,7.906219,8.900049,7.409665,35.90642,C
1,2.06018,0.9514977,78.0611,56.62274,0,-0.7104236,-0.2475853,-0.6587867,-0.1499646,-0.9358307,-0.3189538,-0.2666409,-0.9508826,-0.1572416,-0.328045,-0.9367639,-0.1219009,-0.5058265,-0.7973564,-0.3291845,1,0,0,0,0,28.23013,34.90278,36.87613,34.74253,34.32772,7.807523,7.483047,6.633715,33.70417,C
1,2.088801,0.8391824,78.0611,58.54434,0,-0.7021983,-0.04185458,-0.7107501,-0.1449804,-0.8966129,-0.4184089,-0.2793259,-0.9310539,-0.234767,-0.3435324,-0.9202924,-0.1872098,-0.5223137,-0.7237148,-0.4510269,1,0,0,0,0,28.00482,36.42481,37.74157,35.33746,35.69289,8.090369,7.361513,5.602436,34.04037,C
1,2.187467,0.9704278,78.0611,56.90215,0,-0.7059388,-0.03764535,-0.7072716,-0.1389402,-0.9343628,-0.3281186,-0.2760431,-0.9451724,-0.1744973,-0.3397977,-0.9310843,-0.1327384,-0.5121275,-0.7773378,-0.3653373,1,0,0,0,0,28.26974,34.91352,36.35743,34.01863,33.87745,7.648989,7.448317,5.758602,32.52477,C
1,2.15199,1,78.0611,58.67587,0,-0.7040237,-0.06739047,-0.7069718,-0.1764069,-0.8955262,-0.4085503,-0.3042949,-0.9306946,-0.2030075,-0.3632469,-0.9214481,-0.1377859,-0.5219404,-0.7866254,-0.3298465,1,0,0,0,0,28.64336,36.37213,37.20198,34.1987,33.20301,7.517706,7.789803,5.973471,33.92883,C
1,2.129334,1,78.0611,57.77974,0,-0.6890951,-0.1617902,-0.7063794,-0.1806944,-0.9147426,-0.36138,-0.3009622,-0.9398773,-0.1614076,-0.3636285,-0.9226438,-0.1284629,-0.5115956,-0.8049189,-0.3006251,1,0,0,0,0,28.54729,36.15192,36.99265,34.34724,32.8199,7.712219,7.678335,6.374889,33.56046,C
1,2.155272,1,78.0611,55.93702,0,-0.673769,-0.2419239,-0.6982179,-0.1734791,-0.9451957,-0.2766046,-0.2969658,-0.9481928,-0.1128789,-0.3552984,-0.9318057,-0.07416983,-0.5008382,-0.8253593,-0.2606591,1,0,0,0,0,28.26892,35.06386,36.34039,33.49657,32.04487,7.916656,7.969624,6.481226,32.38609,C
1,2.127134,1,78.0611,56.41967,0,-0.6994478,-0.2962252,-0.6504025,-0.1825613,-0.9605974,-0.2095806,-0.312158,-0.9456611,-0.09100807,-0.3657942,-0.9295169,-0.04683002,-0.5006802,-0.8337119,-0.2329032,1,0,0,0,0,28.4854,34.29876,36.22894,33.3498,31.7611,8.14339,8.095686,6.657094,32.82537,C
1,2.099551,1,78.0611,56.40905,0,-0.6880567,-0.3288643,-0.6468588,-0.2274166,-0.9514823,-0.2072757,-0.3568081,-0.928775,-0.1003243,-0.4080073,-0.9100658,-0.07287136,-0.5179324,-0.806583,-0.2849032,1,0,0,0,0,28.13554,34.42243,36.55861,33.83601,32.57346,8.46837,8.159427,6.823874,33.07574,C
1,2.113385,1,78.0611,55.88533,0,-0.6893626,-0.3482934,-0.6351936,-0.2486124,-0.9514428,-0.1815172,-0.3764347,-0.923085,-0.0788103,-0.4258055,-0.9037519,-0.04384291,-0.5337269,-0.8061753,-0.2553762,1,0,0,0,0,28.24049,34.05753,36.21005,33.35589,32.19863,8.5001,8.26615,6.910553,32.86794,C
1,2.152176,1,78.0611,55.59979,0,-0.7124143,-0.3395348,-0.6141514,-0.2756198,-0.9478417,-0.1600928,-0.4031668,-0.9119676,-0.0759707,-0.4500456,-0.891986,-0.04266138,-0.5540037,-0.7958419,-0.2443674,1,0,0,0,0,28.33739,33.27149,35.7835,33.17583,32.0351,8.643359,8.269982,7.243308,32.83284,C
1,2.193404,1,78.0611,56.56771,0,-0.7209476,-0.3478056,-0.599388,-0.2859575,-0.9461859,-0.1515267,-0.4086908,-0.9110411,-0.05455225,-0.4480766,-0.8937693,0.02009611,-0.5602689,-0.8132057,-0.157465,1,0,0,0,0,28.6293,33.21112,35.38463,31.95492,30.55778,8.540817,8.765701,7.171845,33.486,C
1,2.149333,1,78.0611,57.92245,0,-0.7295416,-0.3154247,-0.6068577,-0.2788228,-0.9439183,-0.1768501,-0.4045174,-0.9102823,-0.08804423,-0.4457275,-0.8945456,-0.03339355,-0.5500159,-0.807175,-0.2143619,1,0,0,0,0,28.51215,33.75104,36.10275,33.01022,31.47495,8.658298,8.566176,7.131289,34.31529,C
1,2.154915,1,78.0611,58.01167,0,-0.733087,-0.3060099,-0.6074055,-0.2911816,-0.9408632,-0.1731754,-0.4135899,-0.9077317,-0.07047496,-0.454368,-0.8906822,-0.01533016,-0.5590416,-0.8040708,-0.202343,1,0,0,0,0,28.44785,33.79174,35.83462,32.6741,31.26893,8.632038,8.617974,6.976452,34.34464,C
1,2.152152,1,78.0611,58.22655,0,-0.7286946,-0.3155713,-0.6077985,-0.3000923,-0.9347633,-0.1901635,-0.4211303,-0.9021629,-0.09354787,-0.4598744,-0.8875483,-0.02780956,-0.5623777,-0.8044829,-0.1911506,1,0,0,0,0,28.48874,34.0902,36.26807,32.85192,30.93841,8.714403,8.773483,7.148448,34.56067,C
1,2.210407,1,78.0611,57.22545,0,-0.7306756,-0.2854792,-0.6201733,-0.3010835,-0.9393034,-0.1644924,-0.422845,-0.9032865,-0.07263467,-0.4546305,-0.8906774,0.002191457,-0.5722743,-0.8133715,-0.104541,1,0,0,0,0,28.33433,33.68185,35.70769,32.21678,29.41677,8.918223,9.050934,7.012627,33.84991,C
1,2.165528,1,78.0611,58.84291,0,-0.7490019,-0.2726906,-0.603851,-0.3030641,-0.9316897,-0.2002659,-0.4225302,-0.901629,-0.09237637,-0.460001,-0.887524,-0.02646241,-0.56608,-0.7988782,-0.2033397,1,0,0,0,0,28.87168,34.09382,36.05619,32.77395,31.27478,8.644147,8.792792,7.008305,34.88034,C
1,2.11185,1,78.0611,58.95303,0,-0.7400531,-0.2852902,-0.6090409,-0.3038688,-0.9267496,-0.2209051,-0.423351,-0.8979633,-0.120149,-0.4628192,-0.8838478,-0.067907,-0.5604796,-0.7936499,-0.2366063,1,0,0,0,0,28.70006,34.55325,36.83403,33.76467,31.94246,8.72212,8.632586,7.178814,35.0316,C
1,2.147676,1,78.0611,57.80034,0,-0.7537746,-0.2479953,-0.6085411,-0.3154049,-0.9266779,-0.2044205,-0.4355773,-0.8934222,-0.1098597,-0.4738773,-0.8783055,-0.06340215,-0.5776674,-0.7891926,-0.2085075,1,0,0,0,0,28.64792,33.95416,36.36649,33.60618,31.56774,8.761304,8.602413,7.2514,34.30799,C
1,2.138039,1,78.0611,57.35273,0,-0.7534921,-0.249456,-0.6082938,-0.3221321,-0.9219899,-0.2148615,-0.4387575,-0.8930377,-0.09987708,-0.4777203,-0.8772652,-0.0467888,-0.5880426,-0.7817991,-0.2073546,1,0,0,0,0,28.74392,34.02759,36.19695,33.41028,31.70002,8.582221,8.549149,7.086883,34.05467,C
1,2.056808,1,78.0611,57.59216,0,-0.7586899,-0.2333481,-0.6082256,-0.3527822,-0.8975972,-0.264318,-0.4588506,-0.8788878,-0.1304311,-0.505784,-0.854923,-0.1152783,-0.5974435,-0.7402136,-0.3084559,1,0,0,0,0,28.86861,34.57766,36.79827,35.03086,33.91861,8.814984,8.051865,7.361544,34.36518,C
1,2.160446,1,78.0611,57.00014,0,-0.766318,-0.1834518,-0.6157126,-0.3764662,-0.8815407,-0.2848844,-0.4735002,-0.8729117,-0.1175704,-0.5085803,-0.859562,-0.04999404,-0.6201469,-0.7674144,-0.1627667,1,0,0,0,0,28.95649,34.27069,36.14356,33.4058,31.47222,8.453105,8.689456,7.381452,33.82847,C
1,2.179651,1,78.0611,57.73064,0,-0.7580028,-0.2004822,-0.620676,-0.3865862,-0.8668694,-0.3147836,-0.4756879,-0.8716356,-0.1182052,-0.5038406,-0.8636897,-0.01358851,-0.6210802,-0.7779652,-0.09502406,1,0,0,0,0,28.8128,34.77362,36.26818,32.68879,30.10364,8.560616,9.098947,7.409615,34.40164,C
1,2.183414,1,78.0611,57.66552,0,-0.7572306,-0.1974131,-0.6225992,-0.377098,-0.8747878,-0.3042096,-0.4671489,-0.877351,-0.1096684,-0.4945706,-0.8691372,0.0007329525,-0.6159786,-0.7837833,-0.07908349,1,0,0,0,0,28.7843,34.80857,36.20732,32.40217,29.84254,8.436499,9.231207,7.344793,34.34366,C
1,2.181371,1,78.0611,58.05831,0,-0.7600077,-0.1924641,-0.6207623,-0.3828867,-0.8679348,-0.3163652,-0.4708385,-0.87427,-0.118165,-0.4963812,-0.8681047,1.515238E-05,-0.6177025,-0.7830989,-0.07210896,1,0,0,0,0,28.77181,34.95959,36.35548,32.41721,29.72678,8.489626,9.322949,7.384482,34.66589,C
1,2.162981,1,78.0611,57.5164,0,-0.7639572,-0.2317951,-0.6021963,-0.3780492,-0.8780771,-0.2933589,-0.4639399,-0.8798724,-0.1028794,-0.4901066,-0.8716583,0.002726372,-0.6099222,-0.7885957,-0.07817766,1,0,0,0,0,28.90832,34.52472,36.109,32.56406,30.10821,8.505158,9.086105,7.412618,34.49264,C
1,2.120301,1,78.0611,58.4129,0,-0.7038029,-0.1444534,-0.6955534,-0.3958112,-0.8378441,-0.3759666,-0.5043959,-0.8441116,-0.1818249,-0.5489122,-0.8265923,-0.1242605,-0.639174,-0.7097811,-0.2960869,1,0,0,0,0,28.69411,36.51734,37.52245,34.32063,32.05596,8.425551,8.723651,7.26026,33.85907,C
1,2.199576,1,78.0611,60.91439,0,-0.7440871,-0.02434373,-0.667639,-0.4568078,-0.7840521,-0.420225,-0.5657693,-0.8013265,-0.1943733,-0.605735,-0.7878345,-0.1113644,-0.7016111,-0.6849097,-0.1965721,1,0,0,0,0,29.78453,36.59517,37.30378,33.75976,30.08966,9.06945,9.176917,7.374408,35.14507,C
1,2.173337,1,78.0611,58.85302,0,-0.7554665,-0.1792031,-0.6302037,-0.3748569,-0.8767143,-0.3014203,-0.4740711,-0.8754972,-0.09360162,-0.5159166,-0.8559858,-0.03344164,-0.6250843,-0.7588346,-0.1828651,1,0,0,0,0,29.4202,35.08658,35.94354,32.95827,30.92903,8.46805,8.705138,7.062621,34.53473,C
1,2.125323,1,78.0611,50.79385,0.1362915,-0.6833501,-0.4714568,-0.5574596,-0.1355346,-0.9894592,-0.0509997,-0.2729044,-0.9618515,0.01910149,-0.3357203,-0.9417668,0.01916073,-0.4917253,-0.8352887,-0.2459654,1,0,0,0,0,28.01069,30.67252,33.74014,32.6186,33.45632,8.796566,7.732247,7.585454,30.34355,C
1,2.256353,1,78.0611,51.46453,0.1172428,-0.7018505,-0.4969113,-0.5103774,-0.03732328,-0.9993026,-0.0011171,-0.1665126,-0.9824218,0.08438621,-0.2076026,-0.9677229,0.1428764,-0.3873777,-0.9200209,-0.05916247,1,0,0,0,0,28.75542,29.47783,32.13,30.06016,30.53454,8.595094,8.245856,7.597556,30.74606,C
1,2.205742,1,78.0611,51.50139,0.1161959,-0.6761769,-0.4715301,-0.5660779,-0.07364292,-0.9968094,-0.03078729,-0.2074426,-0.977275,0.04360143,-0.2571138,-0.9629982,0.08078935,-0.4168867,-0.895057,-0.1583621,1,0,0,0,0,28.03413,30.57903,33.29378,31.2361,31.6641,8.626058,8.136449,7.527605,30.5771,C
1,2.178992,1,78.0611,51.74611,0.1092454,-0.6839678,-0.4782169,-0.5509053,-0.09836931,-0.9944209,-0.03808761,-0.2235179,-0.9728242,0.06043862,-0.2724928,-0.9569027,0.100423,-0.4415208,-0.8813926,-0.1679479,1,0,0,0,0,28.36469,30.76291,33.13505,30.99018,32.00521,8.77945,8.093998,7.174675,30.85669,C
1,2.187827,1,78.0611,51.5939,0.1135683,-0.6125759,-0.4448112,-0.653371,-0.09992646,-0.9919845,-0.07733957,-0.2393591,-0.9708406,-0.01325165,-0.2948956,-0.9554033,0.01553226,-0.4217113,-0.8745092,-0.239569,1,0,0,0,0,27.12336,32.18179,34.7398,32.14985,31.84942,8.420452,8.093113,7.277949,29.99131,C
1,2.122229,1,78.0611,51.05612,0.1288425,-0.5238971,-0.401576,-0.7511781,-0.1321414,-0.9829735,-0.1276781,-0.2820221,-0.9544601,-0.09731174,-0.3434455,-0.9316048,-0.118986,-0.4283684,-0.8255026,-0.3674861,1,0,0,0,0,26.76208,34.23167,36.73958,34.11638,32.41466,8.442047,7.87173,6.97842,28.57003,C
1,2.156718,1,78.0611,50.5399,0.1435042,-0.5428309,-0.3594438,-0.7590354,-0.1125245,-0.9869357,-0.1153097,-0.2670529,-0.9610717,-0.07088052,-0.3331788,-0.9367742,-0.1069857,-0.4349636,-0.8200854,-0.3718421,1,0,0,0,0,26.85008,33.68524,35.98682,33.82528,32.78774,8.214054,7.659797,6.613946,28.09654,C
1,2.181242,1,78.0611,50.67599,0.139639,-0.5527851,-0.3486112,-0.7569009,-0.1214627,-0.9855894,-0.11773,-0.2735114,-0.959746,-0.06386766,-0.338969,-0.9383616,-0.06765714,-0.4489729,-0.8356231,-0.3164763,1,0,0,0,0,26.85516,33.61505,35.83078,33.10474,32.013,8.197168,7.801274,6.625322,28.22567,C
1,2.186551,1,78.0611,51.11008,0.12731,-0.5941341,-0.3459749,-0.7261584,-0.1318559,-0.9837087,-0.122194,-0.277245,-0.9598245,-0.04326844,-0.3393348,-0.9402003,-0.02958802,-0.4643444,-0.8454296,-0.2638809,1,0,0,0,0,27.08766,33.35743,35.38241,32.65438,31.71483,8.140305,7.924533,6.572093,28.90767,C
1,2.137616,1,78.0611,55.68575,0,-0.6708871,-0.4372235,-0.5989541,-0.1509098,-0.9758483,-0.157944,-0.2739553,-0.9607361,-0.04398486,-0.3234421,-0.9461991,0.009615072,-0.4605006,-0.8587933,-0.224529,1,0,0,0,0,28.31459,33.19162,35.32805,32.45214,31.95209,8.368279,8.148499,6.988949,33.0325,C
1,2.140533,1,78.0611,54.88119,0.02020222,-0.7094549,-0.4369424,-0.5529512,-0.1682072,-0.9818105,-0.08805939,-0.30035,-0.953521,-0.02423869,-0.3527033,-0.9357294,0.003308858,-0.4828697,-0.8491268,-0.2140575,1,0,0,0,0,28.52434,31.78609,34.78468,32.71583,32.14668,8.615989,7.915629,7.670713,32.73665,C
1,2.164422,1,78.0611,53.61784,0.05608402,-0.7168676,-0.4303318,-0.5485576,-0.146647,-0.9889029,-0.02378624,-0.2884839,-0.9571482,0.0253825,-0.3450597,-0.9380095,0.0327397,-0.4770778,-0.8588982,-0.1862545,1,0,0,0,0,28.65599,30.91834,33.95047,32.2561,31.86443,8.651187,7.898174,7.595841,31.69204,C
1,2.157308,1,78.0611,53.61157,0.05626203,-0.7070755,-0.4451191,-0.5494663,-0.1770521,-0.9831207,-0.04610962,-0.3120708,-0.9499566,0.01393889,-0.3644235,-0.9305936,0.03451151,-0.4944585,-0.8501488,-0.180991,1,0,0,0,0,28.38636,31.2068,34.14921,32.2289,31.74396,8.634724,7.955341,7.604891,31.94036,C
1,2.215511,1,78.0611,53.9355,0.04706192,-0.7116051,-0.4221475,-0.5616136,-0.1841638,-0.982113,-0.0392154,-0.3146699,-0.9483746,0.0396032,-0.3657967,-0.9286019,0.06238133,-0.5019454,-0.8537477,-0.1384397,1,0,0,0,0,28.27043,31.08503,33.55771,31.48307,30.70779,8.631327,8.097068,7.292132,31.97972,C
1,2.184402,1,78.0611,54.66668,0.02629478,-0.7156329,-0.421446,-0.5570034,-0.1876198,-0.9813327,-0.04224866,-0.3208013,-0.9469478,0.01940152,-0.3698785,-0.9281427,0.04172614,-0.4966619,-0.8548171,-0.1503816,1,0,0,0,0,28.48474,31.42847,34.15135,31.9685,30.85367,8.702284,8.170073,7.485871,32.36489,C
1,2.21024,1,78.0611,54.66118,0.02645088,-0.7356477,-0.3910023,-0.5531182,-0.2099335,-0.9768054,-0.04217838,-0.3396177,-0.9400384,0.03142526,-0.3862685,-0.920404,0.06044142,-0.5167955,-0.8480999,-0.1168285,1,0,0,0,0,28.75053,31.34593,33.81673,31.53255,30.35879,8.682286,8.255739,7.304668,32.35176,C
1,2.230804,1,78.0611,55.15568,0.01240616,-0.7378886,-0.394639,-0.5475221,-0.2024803,-0.9789418,-0.02597317,-0.3328673,-0.9417005,0.04898714,-0.3766955,-0.9219919,0.08961891,-0.5104908,-0.856185,-0.07966472,1,0,0,0,0,28.87678,31.2015,33.50757,30.96854,29.69657,8.652255,8.380413,7.194789,32.58332,C
1,2.206259,1,78.0611,56.32144,0,-0.7510012,-0.385396,-0.5361596,-0.2388444,-0.9700357,-0.04454384,-0.3651122,-0.9306288,0.0249618,-0.396705,-0.9134802,0.09043754,-0.5246007,-0.8506194,-0.03522424,1,0,0,0,0,29.29992,31.76926,34.16563,31.04976,29.07895,8.797292,8.82393,7.3193,33.48745,C
1,2.23167,1,78.0611,55.93068,0,-0.751239,-0.4053838,-0.5208684,-0.2051277,-0.9787351,0.0003596447,-0.3357609,-0.9404681,0.05276769,-0.366049,-0.9226283,0.1215126,-0.4974548,-0.8671832,-0.02306434,1,0,0,0,0,29.434,31.03217,33.66779,30.48021,28.97945,8.833026,8.975842,7.666253,33.09162,C
1,2.183467,1,78.0611,57.39482,0,-0.7668079,-0.3879337,-0.5113836,-0.2272651,-0.973064,-0.03869159,-0.3506056,-0.9361918,0.02491169,-0.386829,-0.9198043,0.06575216,-0.5070783,-0.8584532,-0.07700425,1,0,0,0,0,29.69338,31.67603,34.19647,31.58601,29.84678,8.917551,8.633445,7.585414,34.1061,C
1,2.175783,1,78.0611,57.33741,0,-0.7574717,-0.3956158,-0.5193503,-0.2271037,-0.9724999,-0.05165029,-0.3490649,-0.9370845,0.005140283,-0.3772361,-0.9238982,0.06407046,-0.4962551,-0.8655718,-0.06720386,1,0,0,0,0,29.3789,31.9341,34.64355,31.61384,29.68851,9.001534,8.96978,7.802792,34.15022,C
1,2.166389,1,78.0611,57.46115,0,-0.7597468,-0.4105058,-0.5042517,-0.2316291,-0.9719731,-0.04020345,-0.3510525,-0.9361849,0.01788765,-0.3804001,-0.9220159,0.07198878,-0.4965387,-0.8658866,-0.06074362,1,0,0,0,0,29.58516,31.80851,34.48295,31.55922,29.70776,9.004996,8.901237,7.847522,34.29976,C
1,2.187762,1,78.0611,57.01125,0,-0.7599059,-0.3907813,-0.5194545,-0.2389344,-0.9700362,-0.04404525,-0.3600148,-0.9328868,0.01055605,-0.3887306,-0.9190072,0.06568362,-0.5051998,-0.8607491,-0.06232202,1,0,0,0,0,29.34329,31.76706,34.49408,31.53338,29.6037,9.0425,8.95603,7.888375,33.96359,C
1,2.167411,1,78.0611,57.36058,0,-0.7573289,-0.3961443,-0.5191557,-0.2302418,-0.9716852,-0.05307112,-0.3532046,-0.9355438,0.002073243,-0.3860551,-0.9211671,0.04911681,-0.5015888,-0.8609335,-0.08486553,1,0,0,0,0,29.39357,31.93943,34.69522,31.91417,29.94889,8.984361,8.76815,7.808014,34.15101,C
1,2.163505,1,78.0611,56.8157,0,-0.7492356,-0.4181553,-0.5136069,-0.2189096,-0.9750699,-0.03629545,-0.3431192,-0.9391714,0.01504564,-0.3748278,-0.9245568,0.0685485,-0.4925576,-0.8673173,-0.07174765,1,0,0,0,0,29.32063,31.69905,34.54761,31.65299,29.88468,8.954215,8.823685,7.904038,33.86201,C
1,2.159749,1,78.0611,57.11755,0,-0.752387,-0.4013063,-0.5223666,-0.2357812,-0.9701838,-0.05613023,-0.3558921,-0.9345269,-0.0006074344,-0.385721,-0.9208161,0.05759384,-0.5014809,-0.8611111,-0.0836934,1,0,0,0,0,29.18305,32.00116,34.83251,31.80707,30.01202,8.993116,8.915145,7.960699,34.09697,C
1,2.172611,1,78.0611,56.71478,0,-0.7588334,-0.3955482,-0.5174104,-0.2429223,-0.9691275,-0.0421988,-0.3639972,-0.9312843,0.01468382,-0.395448,-0.9165195,0.06010737,-0.5106696,-0.8565935,-0.07391968,1,0,0,0,0,29.33116,31.75358,34.47104,31.73824,29.9162,8.99836,8.82625,7.824978,33.82351,C
1,2.184039,1,78.0611,56.45174,0,-0.7579442,-0.3955436,-0.5187155,-0.2449331,-0.968826,-0.03720011,-0.3660966,-0.9304202,0.01707734,-0.3962033,-0.9158944,0.06450069,-0.5115435,-0.8564019,-0.06999257,1,0,0,0,0,29.22315,31.60872,34.36211,31.60274,29.81606,9.04452,8.878146,7.905827,33.67803,C
1,2.17328,1,78.0611,56.95836,0,-0.7575177,-0.3766505,-0.5331992,-0.2423016,-0.9680771,-0.06416013,-0.3653413,-0.9308461,-0.007163061,-0.3991283,-0.9162567,0.03420949,-0.514695,-0.8518223,-0.09740491,1,0,0,0,0,29.18875,32.04597,34.77683,32.09294,30.08022,8.986471,8.733109,7.747306,33.90942,C
1,2.174241,1,78.0611,56.55392,0,-0.7522035,-0.3299683,-0.5703602,-0.2788093,-0.9510577,-0.1332458,-0.4001565,-0.9153367,-0.04509435,-0.4324783,-0.9012799,0.02563642,-0.5548025,-0.8234005,-0.1191876,1,0,0,0,0,28.76653,32.76415,35.23883,32.09081,30.43021,8.602226,8.748429,7.298249,33.81661,C
1,2.193434,1,78.0611,56.56882,0,-0.7440062,-0.2984613,-0.5978091,-0.3128121,-0.9178704,-0.2442589,-0.3867511,-0.9221361,-0.009409314,-0.4145723,-0.9054227,0.09132062,-0.5577202,-0.8285406,-0.04968373,1,0,0,0,0,28.65847,33.99958,34.5156,30.88427,29.45925,8.248464,9.058439,7.158312,33.9148,C
1,2.311269,1,78.0611,54.29669,0.03680329,-0.722544,-0.3035741,-0.6211063,-0.2381411,-0.9529803,-0.1873965,-0.3340882,-0.9425096,0.007792468,-0.3702653,-0.9218199,0.1146809,-0.5290995,-0.848319,-0.02021376,1,0,0,0,0,28.67127,32.59898,33.45264,29.89391,28.6839,7.870343,8.775518,6.869651,31.88618,C
1,2.321412,1,78.0611,52.31626,0.09305185,-0.690982,-0.2921614,-0.6612001,-0.2158213,-0.9578718,-0.1894804,-0.3266102,-0.9448491,-0.02420745,-0.3662125,-0.9271715,0.07900276,-0.5232623,-0.8517227,-0.02765972,1,0,0,0,0,27.84736,32.40147,33.84279,30.40037,28.63955,7.84168,8.570241,6.866771,30.44448,C
1,2.385142,1,78.0611,52.60527,0.08484326,-0.6822739,-0.2427634,-0.6896145,-0.2256105,-0.9403829,-0.254519,-0.3166204,-0.9484796,-0.01174603,-0.3496686,-0.9291042,0.1204044,-0.5145153,-0.8567666,0.03500187,1,0,0,0,0,27.57655,33.0335,33.26431,29.20404,27.43183,7.617079,8.969329,6.791604,30.44016,C
1,2.392989,1,78.0611,51.85135,0.1062561,-0.6774703,-0.2145179,-0.7035738,-0.2142477,-0.9457481,-0.2442511,-0.313083,-0.9495414,-0.01871222,-0.347669,-0.9309857,0.1113189,-0.51593,-0.8565479,0.01191484,1,0,0,0,0,27.38065,32.74007,33.27902,29.24371,27.6932,7.507426,8.877069,6.852136,29.78053,C
1,2.447689,1,78.0611,56.656,0,-0.74928,-0.1224064,-0.6508427,-0.303232,-0.8850291,-0.3532335,-0.3713591,-0.9282881,-0.01932841,-0.3747117,-0.9048944,0.2018846,-0.537435,-0.8260304,0.1698158,1,0,0,0,0,28.9215,33.9446,32.96204,27.36513,25.29617,7.567754,10.51772,7.371993,32.8641,C
1,2.466516,1,78.0611,56.81737,0,-0.7490287,-0.09657215,-0.6554614,-0.3059623,-0.8740376,-0.3774195,-0.3731526,-0.927022,-0.03724765,-0.3758048,-0.9071348,0.1894125,-0.5367512,-0.8263446,0.1704486,1,0,0,0,0,29.01754,33.92901,33.05044,27.58529,25.22715,7.7441,10.53477,7.20749,32.88768,C
1,2.472682,1,78.0611,55.9091,0,-0.7433792,-0.05246151,-0.6668097,-0.3336733,-0.8543337,-0.3984672,-0.3988532,-0.9158419,-0.04636483,-0.3923002,-0.8960246,0.2079436,-0.5576996,-0.8115173,0.1743871,1,0,0,0,0,28.74303,33.89082,33.04033,27.09106,25.29262,7.387289,11.00807,7.521897,32.20537,C
1,2.485905,1,78.0611,55.14138,0.0128123,-0.7429224,-0.1020686,-0.6615499,-0.3391304,-0.8780409,-0.3376904,-0.4094121,-0.9121304,-0.01999641,-0.4052404,-0.8862835,0.2242363,-0.5561272,-0.7957987,0.2396395,1,0,0,0,0,28.55379,33.49494,32.89226,27.03382,24.22541,7.903549,11.04112,7.207375,31.85434,C
1,2.432809,1,78.0611,56.57518,0,-0.7537819,-0.1166832,-0.6466822,-0.3506991,-0.8649048,-0.3590961,-0.4095872,-0.911983,-0.02291876,-0.4030247,-0.887303,0.2241974,-0.551365,-0.7976215,0.2445334,1,0,0,0,0,28.72714,34.43102,33.39177,27.30294,24.15221,8.160125,11.31639,7.743667,33.17179,C
1,2.352161,1,78.0611,55.78679,0,-0.7199996,-0.2144567,-0.6600068,-0.3433255,-0.8679092,-0.3589724,-0.3964817,-0.9177915,-0.0214715,-0.4031566,-0.8958286,0.1869649,-0.5387732,-0.8111292,0.2275805,1,0,0,0,0,28.3311,34.96188,34.05725,28.47216,24.63353,8.561477,10.73078,8.095004,32.92252,C
1,2.397157,1,78.0611,54.55557,0.0294504,-0.7072702,-0.2825342,-0.6480303,-0.2749659,-0.9186083,-0.2838179,-0.3325204,-0.9420564,0.04427079,-0.3444048,-0.9096861,0.2320698,-0.4951117,-0.8379901,0.2294276,1,0,0,0,0,28.11011,34.21366,32.82107,27.4347,24.441,8.174545,10.48145,7.364995,32.10196,C
1,2.409575,1,78.0611,52.2931,0.09370965,-0.7563723,-0.3905677,-0.5247456,-0.09384405,-0.9926816,0.07600378,-0.239765,-0.9593608,0.1487936,-0.2785005,-0.9311163,0.2354995,-0.4573319,-0.8876766,0.0536455,1,0,0,0,0,29.44487,28.70916,30.85523,27.81337,27.76401,8.218981,8.605088,7.069314,30.38421,C
1,2.065095,1,78.0611,65.05858,0,-0.8178879,-0.3139663,-0.4821665,-0.3511693,-0.892707,-0.2824081,-0.4010168,-0.9140974,-0.06009604,-0.3984915,-0.9093944,0.1191907,-0.5408998,-0.8410504,0.007848237,1,0,0,0,0,30.4417,35.13724,36.1058,30.91077,28.90322,8.399013,10.12495,7.893922,40.11266,C
1,2.19882,1,78.0611,64.17584,0,-0.8267371,-0.3048235,-0.4728514,-0.3979849,-0.8680025,-0.2969506,-0.4219096,-0.9066073,-0.007443352,-0.4014103,-0.8885453,0.2221642,-0.521746,-0.8091863,0.2701824,1,0,0,0,0,30.40292,34.83395,34.71111,28.79864,24.99393,8.8031,10.90716,8.204852,39.82304,C
1,2.241715,1,78.0611,64.30581,0,-0.8284137,-0.2957219,-0.4756882,-0.3924177,-0.8777543,-0.2748743,-0.4225081,-0.9062448,0.01439237,-0.398588,-0.8796768,0.2594155,-0.5199807,-0.7970105,0.3072366,1,0,0,0,0,30.39878,34.7561,34.41723,28.03287,24.05485,9.086513,11.25859,8.015407,39.68106,C
1,2.243351,1,78.0611,62.09887,0,-0.7931433,-0.3509572,-0.4977477,-0.2784458,-0.9388654,-0.2024838,-0.3417464,-0.9393758,0.02797529,-0.3413919,-0.9116289,0.2288763,-0.4929951,-0.8577213,0.1458425,1,0,0,0,0,30.16044,33.75351,34.05577,28.41167,26.29274,8.386238,10.5662,7.432003,37.67431,C
1,2.234295,1,78.0611,56.48662,0,-0.6730852,-0.5080663,-0.5374244,-0.1197923,-0.9924897,0.02478054,-0.2584154,-0.9614095,0.09440999,-0.311204,-0.9391235,0.1455989,-0.4253258,-0.8914431,-0.156292,1,0,0,0,0,28.74559,30.85335,32.97198,29.77469,30.30899,8.765757,8.398253,7.172657,33.05712,C
1,2.107358,1,78.0611,62.1035,0,-0.6290309,-0.286042,-0.7228416,-0.2864121,-0.9021488,-0.3226383,-0.4132808,-0.8975027,-0.1539091,-0.4673299,-0.88257,-0.05170029,-0.5437247,-0.7989492,-0.2569895,1,0,0,0,0,27.8173,37.84695,38.0338,32.52238,29.806,8.713763,10.00296,7.186482,35.4792,C
1,2.051198,1,78.0611,66.08794,0,-0.6327133,-0.00979842,-0.7743242,-0.3934748,-0.7108083,-0.5830344,-0.5341796,-0.7536007,-0.3830642,-0.581172,-0.7395065,-0.3396603,-0.6628032,-0.6576706,-0.3579963,1,0,0,0,0,29.69188,41.41242,41.53591,37.33617,30.63866,11.1203,9.203598,7.619747,37.40804,C
1,2.152039,1,78.0611,63.28656,0,-0.6532087,-0.02231957,-0.7568489,-0.4174634,-0.7716185,-0.4799263,-0.549586,-0.7766195,-0.3079242,-0.5990272,-0.7604637,-0.2507219,-0.6794078,-0.6662002,-0.3075425,1,0,0,0,0,29.37935,38.86708,39.76453,35.48701,30.158,10.14385,9.207613,7.413568,35.632,C
1,2.101223,1,78.0611,64.44283,0,-0.6647164,-0.07926401,-0.742879,-0.3899852,-0.7768601,-0.4943683,-0.5195472,-0.8046804,-0.2873327,-0.5688318,-0.7923895,-0.220339,-0.6481357,-0.6961728,-0.308648,1,0,0,0,0,29.26124,39.76077,39.80963,35.37549,30.48578,9.759192,9.347805,7.448996,36.80764,C
1,2.110064,1,78.0611,62.9905,0,-0.7023312,-0.2694199,-0.6588959,-0.3258306,-0.8828103,-0.3383493,-0.441579,-0.8825924,-0.1613648,-0.4871113,-0.8689236,-0.0877175,-0.5746692,-0.7879981,-0.2209395,1,0,0,0,0,29.10727,37.32457,37.93566,33.6679,30.19049,9.191134,9.261928,7.097699,36.76814,C
1,2.139541,1,78.0611,56.76391,0,-0.6842768,-0.4875922,-0.5422353,-0.1681605,-0.9843281,-0.05310667,-0.2991352,-0.9539045,0.02417208,-0.3501832,-0.9350001,0.05609448,-0.4619894,-0.8674085,-0.1848466,1,0,0,0,0,28.46985,31.96811,34.38387,31.75243,31.1174,8.756478,8.145311,7.284657,33.70332,C
1,2.153664,1,78.0611,55.35626,0.006709082,-0.6744084,-0.5582476,-0.4832523,-0.1026689,-0.9939212,0.03974669,-0.2366012,-0.9694862,0.06415842,-0.2845466,-0.9540685,0.09373615,-0.4014646,-0.9129887,-0.07264946,1,0,0,0,0,29.16897,30.65474,33.72264,31.42399,29.7516,8.835389,8.160574,8.18119,32.84073,C
1,2.142064,1,78.0611,56.21749,0,-0.6945761,-0.5095397,-0.5078714,-0.1334657,-0.991052,-0.001708766,-0.2637343,-0.9628303,0.05832747,-0.3152599,-0.9464241,0.06994762,-0.4298924,-0.8900863,-0.1514562,1,0,0,0,0,28.87687,31.14915,33.80283,31.73064,30.90033,8.885914,8.087007,7.607472,33.34183,C
1,2.132839,1,78.0611,55.40123,0.00543204,-0.6665192,-0.5249788,-0.5292915,-0.1474685,-0.9886279,-0.02946137,-0.2749763,-0.960453,0.04379673,-0.3296784,-0.942234,0.05922113,-0.4486852,-0.8764694,-0.1745937,1,0,0,0,0,28.09197,31.39748,33.97351,31.82092,31.19734,8.786016,7.943137,7.551532,33.06078,C
1,2.114303,1,78.0611,55.11061,0.01368615,-0.6602079,-0.532138,-0.5300516,-0.1665109,-0.985803,-0.02159926,-0.2952067,-0.9547381,0.03644573,-0.3497875,-0.9352702,0.05402175,-0.4528351,-0.872146,-0.1852074,1,0,0,0,0,28.06401,31.5294,34.23289,31.98362,31.37319,8.776603,7.938891,7.71157,32.89328,C
1,2.129708,1,78.0611,54.38166,0.03439001,-0.6488306,-0.5281401,-0.547802,-0.1621236,-0.9865251,-0.02200517,-0.2916443,-0.9553675,0.04708024,-0.3472769,-0.9363185,0.05202306,-0.4589041,-0.8695159,-0.1826176,1,0,0,0,0,27.67421,31.47442,34.02538,31.94739,31.21906,8.833348,7.931906,7.477984,32.39867,C
1,2.150149,1,78.0611,54.20626,0.03937152,-0.6534167,-0.5333604,-0.5371901,-0.1518972,-0.9883376,-0.01076794,-0.2836124,-0.9577528,0.04768369,-0.3395704,-0.9387889,0.05802976,-0.4561628,-0.8736436,-0.1692999,1,0,0,0,0,27.86158,31.07231,33.83039,31.79156,31.01702,8.754989,7.909127,7.716785,32.31517,C
1,2.14022,1,78.0611,54.45223,0.03238565,-0.6474947,-0.5328096,-0.5448527,-0.1558712,-0.9874778,-0.02432742,-0.2870349,-0.9572814,0.03497444,-0.3431599,-0.9380426,0.04813948,-0.4539449,-0.8705555,-0.1899138,1,0,0,0,0,27.87897,31.38909,34.11287,31.9462,31.25302,8.755947,7.909008,7.685282,32.44465,C
1,2.161695,1,78.0611,54.31918,0.03616456,-0.652675,-0.5175331,-0.5533307,-0.1545893,-0.98789,-0.01324971,-0.2861208,-0.9566088,0.05508588,-0.3406133,-0.937726,0.06820969,-0.4576505,-0.8745466,-0.1603875,1,0,0,0,0,27.75776,31.33726,33.79418,31.5214,30.71024,8.740698,8.014276,7.410595,32.2173,C
1,2.163506,1,78.0611,54.75232,0.02386248,-0.6640546,-0.5040041,-0.5522783,-0.167683,-0.9856595,-0.01891355,-0.2985243,-0.9530597,0.05060193,-0.3508863,-0.9335504,0.07322796,-0.4651705,-0.8718272,-0.1534071,1,0,0,0,0,27.89557,31.47459,33.88424,31.40623,30.58568,8.719635,8.103696,7.389759,32.45971,C
1,2.152604,1,78.0611,55.13292,0.01305253,-0.6575286,-0.5181663,-0.5469549,-0.162962,-0.9857503,-0.04170909,-0.2907288,-0.9562358,0.03301328,-0.3422511,-0.937525,0.06253775,-0.4557674,-0.8744093,-0.1663862,1,0,0,0,0,27.99855,31.69435,34.16777,31.60611,30.8326,8.748157,8.121787,7.485825,32.86826,C
1,2.163976,1,78.0611,54.34229,0.03550812,-0.6572125,-0.5032273,-0.5611007,-0.169309,-0.9848502,-0.03747617,-0.2991095,-0.9536925,0.03168855,-0.3523637,-0.9346215,0.04819233,-0.4689234,-0.8682694,-0.1619233,1,0,0,0,0,27.79498,31.63072,34.14563,31.8234,30.69227,8.720453,8.05177,7.479276,32.2964,C
1,2.126156,1,78.0611,57.13449,0,-0.6789547,-0.4905989,-0.5461989,-0.2030449,-0.9739978,-0.1005042,-0.3190241,-0.947711,0.008216076,-0.3614786,-0.9295387,0.07273918,-0.4715894,-0.8688303,-0.150789,1,0,0,0,0,28.51485,32.85936,34.79584,31.44959,30.71988,8.682374,8.604292,7.252556,34.25018,C
1,2.13424,1,78.0611,56.54686,0,-0.685348,-0.4805118,-0.5471805,-0.2130176,-0.9713851,-0.1050445,-0.3257951,-0.945291,0.01680186,-0.367963,-0.9264569,0.0792526,-0.4844981,-0.8630782,-0.1426797,1,0,0,0,0,28.55404,32.77289,34.58553,31.36616,30.6693,8.638569,8.562829,7.177002,33.90529,C
1,2.160036,1,78.0611,57.52171,0,-0.6860681,-0.4675716,-0.5573934,-0.1967784,-0.9729587,-0.1209529,-0.3061837,-0.9516663,0.02414222,-0.3474916,-0.9323173,0.1001695,-0.4723707,-0.874117,-0.1130729,1,0,0,0,0,28.67454,33.04073,34.4391,30.86926,30.06872,8.46704,8.736881,7.012753,34.34526,C
1,2.152105,1,78.0611,58.67535,0,-0.6946778,-0.459542,-0.5533931,-0.1998633,-0.9711589,-0.1300198,-0.3028932,-0.9524947,0.0317747,-0.341353,-0.9323633,0.1190671,-0.4683699,-0.8782033,-0.09689493,1,0,0,0,0,28.71118,33.32803,34.43218,30.58648,29.69829,8.470314,8.914814,7.057709,35.01784,C
1,2.119974,1,78.0611,57.76867,0,-0.6331284,-0.3785848,-0.6751458,-0.2452198,-0.9342374,-0.2589742,-0.3600479,-0.9280156,-0.09566878,-0.4102759,-0.9115068,-0.028792,-0.5137836,-0.8303319,-0.2158133,1,0,0,0,0,27.7718,35.63346,36.6857,32.81755,30.75813,8.412495,8.836068,7.230812,33.85295,C
1,2.239425,1,78.0611,59.83624,0,-0.6922829,-0.1970752,-0.6941943,-0.2905984,-0.8629138,-0.4134396,-0.3930681,-0.9081587,-0.1440322,-0.4235385,-0.9045669,0.04872196,-0.5623917,-0.8264458,-0.02651131,1,0,0,0,0,28.37827,36.76206,36.64856,30.77328,27.87089,8.18017,10.6114,7.342458,34.97855,C
1,2.325982,1,78.0611,57.98258,0,-0.7029278,-0.2081443,-0.6801239,-0.2677673,-0.8858277,-0.3789592,-0.3627684,-0.9299178,-0.06043177,-0.3903107,-0.9088911,0.146883,-0.5457448,-0.8377125,0.02000963,1,0,0,0,0,28.70813,35.54239,34.73801,28.84518,27.00347,7.734832,10.76721,7.489888,33.33393,C
1,2.43707,1,78.0611,57.43195,0,-0.7147366,-0.1642976,-0.6798219,-0.3255205,-0.8639003,-0.3843341,-0.4042929,-0.9131818,-0.05144055,-0.4011725,-0.883405,0.24219,-0.560077,-0.8038759,0.2002428,1,0,0,0,0,28.81341,34.80917,33.95884,26.688,24.37568,7.659737,12.50407,7.78102,32.94345,C
1,2.423373,1,78.0611,55.75327,0,-0.6798319,-0.2285622,-0.6968414,-0.2835393,-0.8830836,-0.3738567,-0.3561333,-0.9343875,-0.009442616,-0.3633995,-0.8986745,0.2456113,-0.5210112,-0.8274913,0.2092974,1,0,0,0,0,27.71712,35.18861,33.5346,26.72456,24.21066,7.761965,11.71221,7.842724,32.25838,C
1,2.381629,1,78.0611,54.73785,0.02427327,-0.6261377,-0.2906188,-0.7235276,-0.2486556,-0.900269,-0.3573321,-0.3189825,-0.9474947,-0.02244915,-0.3318008,-0.9179961,0.2172356,-0.4875358,-0.8544689,0.1794204,1,0,0,0,0,26.6511,36.07813,34.21583,27.42416,24.31415,8.33158,11.29146,7.638547,32.24774,C
1,2.439867,1,78.0611,53.24626,0.06663778,-0.6152929,-0.3134841,-0.7232858,-0.2209769,-0.9397182,-0.2609574,-0.3162375,-0.9486546,-0.006948333,-0.3383343,-0.9194381,0.2004082,-0.483185,-0.8468885,0.2220631,1,0,0,0,0,26.81689,34.51546,33.89434,27.55825,23.46807,8.924677,10.90945,7.10195,30.90669,C
1,2.398122,1,78.0611,55.32986,0.007459004,-0.6147899,-0.3294185,-0.7166008,-0.2709483,-0.9094409,-0.3154431,-0.3561856,-0.9337949,-0.03404038,-0.3827285,-0.9094285,0.162661,-0.5237632,-0.8335276,0.1757954,1,0,0,0,0,26.66714,35.22832,34.46901,28.42887,24.30959,8.985105,10.49875,7.34278,32.5513,C
1,2.373195,1,78.0611,54.32503,0.03599825,-0.6209835,-0.3366809,-0.7078314,-0.24437,-0.9359629,-0.2534891,-0.3446961,-0.9381548,-0.032406,-0.3774798,-0.9162529,0.1341258,-0.5235781,-0.8489576,0.0716727,1,0,0,0,0,26.64818,34.26654,34.40474,28.97784,25.98338,8.385454,9.992367,6.981925,31.77412,C
1,2.314815,1,78.0611,53.68482,0.05418165,-0.6224993,-0.3622609,-0.6937302,-0.2448433,-0.9480895,-0.2029236,-0.3570687,-0.9330951,-0.04284173,-0.3970227,-0.9143059,0.08011028,-0.5334355,-0.8454514,-0.02566485,1,0,0,0,0,26.68535,33.74376,34.77496,30.18015,27.53337,8.398658,9.337501,7.011265,31.4289,C
1,2.28973,1,78.0611,53.21968,0.06739273,-0.6149937,-0.3849624,-0.6881763,-0.2262093,-0.9599648,-0.1652178,-0.3453499,-0.9381387,-0.02508521,-0.3901181,-0.917756,0.07437742,-0.5236089,-0.8491873,-0.06866268,1,0,0,0,0,26.87149,33.50561,34.66776,30.38885,28.16356,8.285343,9.103373,6.936201,31.02472,C
1,2.321236,1,78.0611,52.57428,0.0857236,-0.6156661,-0.3844253,-0.6878753,-0.2223087,-0.9655366,-0.1353435,-0.3452648,-0.9385031,-0.00203325,-0.3886137,-0.9155368,0.1037875,-0.5262839,-0.8489209,-0.04856522,1,0,0,0,0,26.82774,32.98683,34.17778,29.77361,27.77849,8.162186,9.224963,6.888547,30.49303,C
