1,2.170659,0,85.01327,70.46148,1,0.288924,-0.7011632,-0.6518382,-0.01473243,-0.2807061,-0.9596807,-0.2274609,-0.7004572,0.6764771,-0.3636565,-0.5354809,0.7622429,-0.5656438,-0.488817,0.6641575,0,1,0,0,0,26.6944,66.69509,25.99888,21.09807,18.30992,7.368667,12.88407,61.25698,59.7417,D
1,2.135689,0,85.01327,71.81989,1,0.2618567,-0.7258493,-0.6360613,-0.01757933,-0.2865455,-0.9579053,-0.2421592,-0.713187,0.6578169,-0.3705502,-0.5531223,0.7461557,-0.5654241,-0.5046617,0.6523895,0,1,0,0,0,26.62631,66.57988,26.64138,21.48647,18.58377,7.583213,12.99259,60.45985,60.81001,D
1,2.12287,0,85.01327,71.28436,1,0.2638588,-0.7203359,-0.6414785,-0.02252785,-0.2821257,-0.9591129,-0.2407094,-0.7300228,0.6396292,-0.3770363,-0.5669557,0.7323966,-0.5718401,-0.5131825,0.6400332,0,1,0,0,0,26.6343,66.7368,26.93802,21.57176,18.61409,7.640696,14.20915,58.38596,60.55306,D
1,2.126374,0,85.01327,70.39346,1,0.2730163,-0.7174373,-0.6408945,-0.0236298,-0.2873368,-0.9575381,-0.2333125,-0.7640418,0.6015026,-0.3711172,-0.5469455,0.750415,-0.5715961,-0.4886386,0.659174,0,1,0,0,0,26.52145,66.78147,27.59941,21.37464,18.40617,7.627141,15.28024,58.36859,60.30302,D
1,2.094361,0,85.01327,70.68866,1,0.2757212,-0.7198628,-0.637005,-0.01957329,-0.2772605,-0.9605954,-0.2318816,-0.785587,0.5736584,-0.3641905,-0.548391,0.75275,-0.565159,-0.4911092,0.6628777,0,1,0,0,0,26.47267,66.78017,28.71113,21.50503,18.47711,7.643534,15.54493,59.24065,60.66582,D
1,2.067652,0,85.01327,72.20464,1,0.2512641,-0.7367319,-0.6277679,-0.01967532,-0.2753428,-0.9611447,-0.2369719,-0.7519921,0.6151035,-0.3607385,-0.57322,0.7357218,-0.5584342,-0.5237166,0.643329,0,1,0,0,0,26.76262,66.73688,28.10247,22.18736,19.00996,7.699147,13.85748,60.55322,61.37456,D
1,2.08232,0,85.01327,72.25499,1,0.2533526,-0.7395102,-0.6236482,-0.02156393,-0.2660897,-0.963707,-0.2401997,-0.7546185,0.6106187,-0.3696006,-0.5480013,0.7503932,-0.5687596,-0.491821,0.6592606,0,1,0,0,0,26.51279,66.78053,28.07356,21.85447,18.75001,7.657831,15.09142,59.5199,61.78639,D
1,2.085624,0,85.01327,72.37687,1,0.2478851,-0.7376829,-0.6279944,-0.02132494,-0.258189,-0.9658591,-0.2337655,-0.7281194,0.6443569,-0.3630411,-0.5580618,0.746169,-0.5642824,-0.5111557,0.6483095,0,1,0,0,0,26.64619,66.84615,27.19937,22.02504,18.92482,7.589471,13.18436,61.56676,61.78714,D
1,2.08255,0,85.01327,71.71097,1,0.2530935,-0.7328973,-0.6315103,-0.0265447,-0.2597714,-0.9653052,-0.227763,-0.7681127,0.598437,-0.3582057,-0.5408446,0.761036,-0.5641235,-0.4812691,0.6709284,0,1,0,0,0,26.5846,66.8715,28.28413,21.77754,18.6329,7.625062,15.23765,60.2605,61.42578,D
1,2.117152,0,85.01327,71.39541,1,0.2383535,-0.7245012,-0.64675,-0.01478675,-0.2400423,-0.9706498,-0.2187571,-0.7029359,0.6767765,-0.3561247,-0.5221578,0.7749364,-0.5659747,-0.4760529,0.6730871,0,1,0,0,0,26.95988,67.09013,26.41772,21.59853,18.61782,7.371753,12.88713,63.57167,60.89862,D
1,2.02154,0,85.01327,71.05833,1,0.1919665,-0.7133959,-0.6739548,-0.02086107,-0.2273278,-0.9735948,-0.1981658,-0.7248544,0.659785,-0.3279205,-0.6231319,0.7100527,-0.532373,-0.5834601,0.6133134,0,1,0,0,0,27.85447,67.255,27.07749,23.07644,19.66192,7.640339,11.18567,64.09319,59.80098,D
1,2.103008,0,85.01327,70.31921,1,0.2544329,-0.7155719,-0.6505542,-0.01128059,-0.278474,-0.9603775,-0.2164125,-0.7046104,0.6757883,-0.3526673,-0.5692936,0.742651,-0.559807,-0.5174391,0.647204,0,1,0,0,0,26.95579,66.96404,26.44397,21.87075,18.79411,7.568534,11.58837,63.22003,60.00486,D
1,2.008812,0,85.01327,69.22775,1,0.1993718,-0.7184668,-0.6663755,0.0004513593,-0.2937452,-0.9558836,-0.234516,-0.7246398,0.6479964,-0.3597226,-0.6568123,0.6627197,-0.5561144,-0.6073719,0.5673061,0,1,0,0,0,27.67272,67.10883,27.22834,23.38639,19.92733,8.022902,10.19119,62.55521,58.55946,D
1,2.1044,0,85.01327,70.47852,1,0.2708311,-0.7039807,-0.6565529,-0.005105489,-0.2610193,-0.9653201,-0.2311872,-0.7033911,0.6721559,-0.3616613,-0.5771502,0.7321876,-0.5708973,-0.5223032,0.6334632,0,1,0,0,0,27.07527,67.18346,26.41455,22.07055,18.84836,7.548796,11.50359,63.7914,59.81361,D
1,2.097569,0,85.01327,72.20643,1,0.2778934,-0.7161839,-0.6401999,0.007816566,-0.2252944,-0.9742594,-0.2084747,-0.6758552,0.7069357,-0.3528086,-0.5216278,0.7768079,-0.5617186,-0.4858144,0.6696691,0,1,0,0,0,26.83205,67.36301,26.38887,22.53205,19.24914,7.217619,12.49947,66.70885,61.65306,D
1,2.084651,0,85.01327,71.97243,1,0.3016005,-0.700031,-0.6472972,0.001604371,-0.2242909,-0.9745209,-0.215779,-0.7212683,0.658188,-0.3619527,-0.556317,0.7479984,-0.5701112,-0.5028484,0.6497051,0,1,0,0,0,26.48423,67.30627,27.09173,22.50058,19.11907,7.372498,13.02891,64.5789,61.3424,D
1,2.126931,0,85.01327,71.14796,1,0.3485395,-0.6732613,-0.6521038,0.01221171,-0.2179926,-0.975874,-0.2233808,-0.6990528,0.6792837,-0.3795154,-0.5667714,0.731258,-0.5869392,-0.5085762,0.6299626,0,1,0,0,0,25.93287,67.49605,25.84982,22.34276,18.82447,7.498445,11.90974,64.87992,61.0645,D
1,2.114174,0,85.01327,71.86694,1,0.3220634,-0.6997097,-0.6377158,0.003803944,-0.23857,-0.9711179,-0.2216263,-0.6708552,0.707697,-0.3727507,-0.5519205,0.7459494,-0.5831383,-0.4962288,0.6432003,0,1,0,0,0,26.03497,67.25324,25.69435,22.53059,19.02073,7.450711,11.59824,65.25493,61.66927,D
1,2.058411,0,85.01327,72.92145,1,0.3423583,-0.7029657,-0.6234019,-0.01023881,-0.2036277,-0.9789948,-0.2235913,-0.7251612,0.6512666,-0.3685761,-0.5843145,0.7229994,-0.565568,-0.5152459,0.6439366,0,1,0,0,0,25.72867,67.33538,27.15229,23.05236,19.26742,7.874208,13.50726,63.10563,62.63224,D
1,2.058433,0,85.01327,73.50272,1,0.342911,-0.7026183,-0.6234898,0.01105049,-0.1732884,-0.9848092,-0.2627654,-0.7094073,0.6539844,-0.3864422,-0.5894648,0.7093615,-0.5803356,-0.5168204,0.6293705,0,1,0,0,0,25.34532,67.39499,26.93846,22.67663,19.10812,7.784639,11.80468,64.50786,63.4425,D
1,2.011998,0,85.01327,71.69762,1,0.3591174,-0.7061467,-0.6102389,-0.008336209,-0.2237848,-0.9746029,-0.2674939,-0.7563839,0.5969341,-0.395404,-0.6078645,0.6885902,-0.5737614,-0.5501307,0.606757,0,1,0,0,0,24.78404,67.22845,28.07941,23.22436,19.74092,7.726205,13.75691,60.91681,63.10073,D
1,2.009208,0,85.01327,72.11401,1,0.3291139,-0.6913447,-0.6432158,0.0008088642,-0.1899212,-0.981799,-0.2258297,-0.7348058,0.6395791,-0.3623447,-0.6243094,0.6920579,-0.5519176,-0.5649995,0.6133208,0,1,0,0,0,26.54911,67.61128,27.71616,24.18839,20.12307,7.824733,11.65223,66.6619,61.51072,D
1,2.016351,0,85.01327,72.70769,1,0.3146997,-0.6900535,-0.6517594,-0.002861423,-0.1688455,-0.9856383,-0.2095449,-0.7020044,0.6806473,-0.3487959,-0.5927793,0.725916,-0.5446331,-0.5708838,0.614383,0,1,0,0,0,27.0519,67.69141,27.05086,24.07425,20.22045,7.404553,11.43829,68.19139,61.59319,D
1,2.111647,0,85.01327,70.24769,1,0.3372887,-0.6709372,-0.6603632,0.0106708,-0.2188803,-0.9756933,-0.202553,-0.6515131,0.7310972,-0.3781309,-0.5166852,0.7681493,-0.5884706,-0.5238874,0.6158283,0,1,0,0,0,27.05938,67.79075,25.64816,23.07183,19.53749,7.082683,11.39011,69.18114,59.91668,D
1,2.147917,0,85.01327,67.70064,1,0.3578914,-0.6483395,-0.6719893,0.007465609,-0.253125,-0.9674047,-0.2166025,-0.6225033,0.7520459,-0.3814862,-0.5233911,0.7619252,-0.5966482,-0.5341021,0.598954,0,1,0,0,0,26.81743,67.79066,24.95631,22.43728,19.24757,6.872511,9.980676,69.6155,58.7233,D
1,2.115482,0,85.01327,65.34523,1,0.4070999,-0.6211832,-0.6696277,0.02438727,-0.2880559,-0.957303,-0.2527707,-0.6777123,0.6905165,-0.4081279,-0.5987801,0.6891255,-0.6177967,-0.5837724,0.5268178,0,1,0,0,0,26.953,67.84627,25.60794,22.66346,19.43084,6.944203,9.963405,66.84486,57.07995,D
1,2.135162,0,85.01327,63.65492,1,0.4413573,-0.5764488,-0.6876849,0.02696957,-0.3642884,-0.9308956,-0.2092699,-0.7266445,0.6543653,-0.361497,-0.6578281,0.6607437,-0.5763025,-0.6369002,0.5120873,0,1,0,0,0,27.17072,66.82417,26.16353,22.82491,19.39397,7.108009,10.09715,63.29329,54.35257,D
1,2.107046,0,85.01327,64.8241,1,0.4456314,-0.5916141,-0.6718672,0.02488279,-0.3419903,-0.939374,-0.2248229,-0.7330028,0.6419981,-0.3708327,-0.6649714,0.6483026,-0.5848125,-0.638579,0.5002111,0,1,0,0,0,26.73146,67.21609,26.48439,22.89606,19.52297,7.184222,10.32119,63.16929,55.95948,D
1,2.14321,0,85.01327,63.81246,1,0.4456869,-0.5892929,-0.6738672,0.02747777,-0.3625472,-0.9315602,-0.2214904,-0.7145691,0.6635759,-0.3752852,-0.638508,0.6719141,-0.5963346,-0.614332,0.5167022,0,1,0,0,0,26.95444,66.9166,25.94794,22.63546,19.276,6.996257,10.16807,63.80334,55.04992,D
1,2.144985,0,85.01327,63.85772,1,0.4190486,-0.6112704,-0.6713768,0.009868792,-0.3879588,-0.9216239,-0.2276622,-0.7079416,0.6685721,-0.3825399,-0.6001967,0.7024437,-0.5968699,-0.6096399,0.5216181,0,1,0,0,0,26.91067,66.5914,26.06357,22.36364,19.39542,6.975316,10.97817,63.47623,54.86602,D
1,2.166728,0,85.01327,63.73219,1,0.3697342,-0.6241336,-0.6882978,0.002839155,-0.3780039,-0.9257997,-0.226952,-0.6797052,0.6974909,-0.3817744,-0.5594767,0.7356862,-0.6018952,-0.5623965,0.5669501,0,1,0,0,0,27.19197,66.45199,25.66838,22.22078,19.21105,6.79059,10.84765,64.75162,54.32945,D
1,2.166369,0,85.01327,64.30032,1,0.3524497,-0.6422361,-0.6806703,-0.0003727601,-0.3637834,-0.9314834,-0.2352127,-0.6861603,0.6883742,-0.3874017,-0.5422745,0.745559,-0.6120989,-0.5217058,0.5942709,0,1,0,0,0,27.15432,66.59985,25.90316,22.1096,19.01181,6.732337,11.68681,64.2754,55.03399,D
1,2.159155,0,85.01327,65.87119,1,0.3405792,-0.6578632,-0.6717305,0.00532067,-0.3455296,-0.9383928,-0.2283601,-0.6819634,0.6948219,-0.3752993,-0.5333561,0.7580776,-0.6016427,-0.4983633,0.6242276,0,1,0,0,0,26.95865,66.72713,25.86619,22.10638,18.86526,6.945751,12.2173,64.02609,56.30844,D
1,2.218855,0,85.01327,67.04324,1,0.3605407,-0.6695018,-0.6494442,0.02018068,-0.3449936,-0.938388,-0.2389024,-0.6684939,0.7043021,-0.3916344,-0.4780901,0.7861631,-0.6169997,-0.4353451,0.6555806,0,1,0,0,0,26.58175,66.71401,25.22119,21.20639,18.25278,6.880991,13.01995,63.57708,57.56504,D
1,2.196411,0,85.01327,68.37578,1,0.3467654,-0.6734574,-0.6528468,0.02597319,-0.3250901,-0.9453263,-0.22868,-0.6668342,0.7092513,-0.3801612,-0.4836348,0.7884002,-0.6044996,-0.4359377,0.6667373,0,1,0,0,0,26.66767,66.78018,25.41765,21.83126,18.58604,6.918355,12.92327,64.85868,58.25582,D
1,2.134242,0,85.01327,71.89497,1,0.3423294,-0.7034187,-0.6229067,0.03764416,-0.2485814,-0.9678792,-0.2633426,-0.7154466,0.6471374,-0.397382,-0.4970002,0.7714132,-0.6042712,-0.4300933,0.670728,0,1,0,0,0,26.08087,67.16564,27.1767,21.74885,18.62191,7.260019,14.44089,63.79651,61.48199,D
1,2.120931,0,85.01327,71.44643,1,0.3496588,-0.7014906,-0.621007,0.02861253,-0.2614417,-0.9647951,-0.2699175,-0.7323778,0.6251138,-0.4036541,-0.5024202,0.7646158,-0.6104728,-0.4340873,0.6624887,0,1,0,0,0,25.99998,67.09871,27.63303,21.9937,18.74437,7.266477,15.18994,62.76249,61.27189,D
1,2.126583,0,85.01327,71.60209,1,0.3618257,-0.691933,-0.6247487,0.02852926,-0.257134,-0.9659545,-0.2652304,-0.7579536,0.5959523,-0.3983159,-0.4932474,0.7733379,-0.6034273,-0.4324576,0.6699671,0,1,0,0,0,26.05804,67.06167,28.12891,21.83281,18.68238,7.150323,16.72511,61.55734,61.0946,D
1,2.164752,0,85.01327,71.40311,1,0.3817302,-0.6735062,-0.6329861,0.04271561,-0.2596506,-0.9647574,-0.2758813,-0.7181091,0.6389121,-0.4032317,-0.490005,0.7728513,-0.610825,-0.4317122,0.6637149,0,1,0,0,0,25.96152,67.00229,26.96139,21.70287,18.51634,7.079253,14.97714,63.32473,60.54054,D
1,2.156485,0,85.01327,71.2711,1,0.3683921,-0.6755511,-0.6386846,0.03515503,-0.2570282,-0.9657642,-0.2683961,-0.7135271,0.6471804,-0.4026076,-0.4876366,0.7746726,-0.6120598,-0.4321378,0.6622988,0,1,0,0,0,26.08489,66.95538,26.91442,21.90977,18.66329,6.987683,14.75493,63.78373,60.39345,D
1,2.190653,0,85.01327,70.57559,1,0.3997007,-0.6625431,-0.6334635,0.04774972,-0.2842513,-0.95756,-0.2760743,-0.6764002,0.6828365,-0.4030319,-0.490653,0.7725444,-0.616931,-0.4286075,0.6600696,0,1,0,0,0,25.77171,66.763,26.02347,21.79266,18.46932,7.04954,13.11209,64.87242,59.87849,D
1,2.194222,0,85.01327,70.86476,1,0.4021915,-0.6669932,-0.6271858,0.04524832,-0.2885454,-0.9563964,-0.2766913,-0.6623887,0.6961918,-0.406923,-0.4813243,0.7763637,-0.6200119,-0.4211792,0.6619617,0,1,0,0,0,25.74974,66.72655,25.79911,21.83783,18.53068,6.994514,12.8231,65.30441,60.1698,D
1,2.173189,0,85.01327,70.81784,1,0.3928661,-0.6652307,-0.6349208,0.04968485,-0.284723,-0.9573213,-0.2697229,-0.6734218,0.6882969,-0.4012831,-0.4929679,0.771981,-0.6125049,-0.4382492,0.6578566,0,1,0,0,0,25.97099,66.7996,26.13775,22.0638,18.7006,7.039303,13.07146,65.29559,59.95397,D
1,2.2126,0,85.01327,69.80927,1,0.4087066,-0.6528269,-0.6377898,0.06194992,-0.3098198,-0.948775,-0.2591235,-0.6174552,0.7427005,-0.4018577,-0.4709733,0.785299,-0.6207186,-0.4219514,0.6608068,0,1,0,0,0,25.95794,66.54876,24.94287,22.08461,18.67671,6.836176,11.49708,67.02878,59.11258,D
1,2.222666,0,85.01327,70.1892,1,0.4270646,-0.638374,-0.6403862,0.07284797,-0.3012793,-0.9507492,-0.254572,-0.614225,0.746941,-0.3962938,-0.4773076,0.7843013,-0.6181524,-0.433597,0.6556534,0,1,0,0,0,25.9336,66.58329,24.72936,22.1055,18.67926,6.761644,10.99316,67.81757,59.23536,D
1,2.235891,0,85.01327,69.84473,1,0.433854,-0.6258798,-0.648109,0.08454235,-0.3132662,-0.9458948,-0.2371202,-0.6020449,0.7624408,-0.4059902,-0.4745529,0.7810068,-0.631227,-0.4338382,0.642913,0,1,0,0,0,25.88449,66.42889,24.18207,22.15398,18.66774,6.626277,10.26118,68.17593,58.90315,D
1,2.245232,0,85.01327,70.19437,1,0.4314005,-0.6327496,-0.6430564,0.07823073,-0.3142475,-0.9461122,-0.2518331,-0.5916064,0.7658864,-0.4000351,-0.4680929,0.7879474,-0.6246891,-0.4243617,0.6555004,0,1,0,0,0,25.91305,66.41342,24.21199,22.12427,18.66308,6.66192,10.27633,68.49939,59.07098,D
1,2.265475,0,85.01327,69.31393,1,0.4439681,-0.6098823,-0.6564572,0.09143514,-0.3224549,-0.9421584,-0.2264162,-0.5974166,0.7693043,-0.3986904,-0.4657817,0.7899958,-0.6235693,-0.4264638,0.6552023,0,1,0,0,0,25.9438,66.23161,23.9201,21.90595,18.46634,6.587634,10.31333,68.10201,58.18826,D
1,2.300652,0,85.01327,70.32548,1,0.4417841,-0.6314019,-0.6373056,0.07230353,-0.3318982,-0.9405402,-0.2719693,-0.5656387,0.778515,-0.4273473,-0.4390115,0.7903438,-0.6510706,-0.3813802,0.656244,0,1,0,0,0,25.76859,66.22668,23.21902,21.25545,17.9935,6.620484,9.925597,67.52841,58.91849,D
1,2.308421,0,85.01327,70.1078,1,0.4520594,-0.619462,-0.6418015,0.07326021,-0.3382336,-0.9382063,-0.2624291,-0.5631553,0.7835733,-0.4265314,-0.4449403,0.7874638,-0.6546867,-0.3874482,0.6490525,0,1,0,0,0,25.7543,66.07609,23.04704,21.25117,17.87158,6.62587,9.659926,67.44481,58.63671,D
1,2.296082,0,85.01327,70.00351,1,0.4428412,-0.6228319,-0.644959,0.07287674,-0.3336692,-0.939869,-0.2612949,-0.5741974,0.7759009,-0.4211645,-0.4504462,0.7872221,-0.6451322,-0.3940568,0.6546171,0,1,0,0,0,25.80612,66.11875,23.29589,21.27761,17.96986,6.648975,9.886889,67.22938,58.61535,D
1,2.304037,0,85.01327,69.93494,1,0.4444381,-0.6178811,-0.6486122,0.07333656,-0.3304994,-0.9409527,-0.2523026,-0.570098,0.7818769,-0.4190437,-0.445713,0.7910388,-0.6423678,-0.3911094,0.659088,0,1,0,0,0,25.77019,66.10886,23.15878,21.21881,17.90883,6.644659,9.859021,67.39666,58.61094,D
1,2.299849,0,85.01327,69.74007,1,0.4467188,-0.6057158,-0.6584456,0.0767383,-0.3205715,-0.9441108,-0.2470132,-0.5826547,0.7742726,-0.4146453,-0.4594171,0.7854968,-0.6383008,-0.4043937,0.6550097,0,1,0,0,0,25.89665,66.1346,23.24776,21.23292,17.90515,6.619792,9.873973,67.30719,58.27505,D
1,2.317589,0,85.01327,69.46398,1,0.4491273,-0.5971357,-0.6646155,0.07831218,-0.3268656,-0.9418206,-0.2455406,-0.5808693,0.7760803,-0.4145784,-0.4608245,0.7847072,-0.6405924,-0.402787,0.6537615,0,1,0,0,0,25.96584,66.02676,22.99159,20.97887,17.69468,6.58735,9.75902,66.95245,57.82259,D
1,2.341158,0,85.01327,69.22021,1,0.4452331,-0.5926161,-0.6712478,0.07433932,-0.3250959,-0.9427547,-0.2614914,-0.5573699,0.7880108,-0.4221064,-0.4537733,0.7848032,-0.6484789,-0.3942257,0.6512,0,1,0,0,0,26.03462,66.05558,22.57247,20.92927,17.50674,6.706735,9.111214,67.83139,57.53296,D
1,2.346693,0,85.01327,68.96612,1,0.4320197,-0.6054091,-0.66846,0.07291428,-0.3343833,-0.9396124,-0.2642953,-0.5481076,0.7935528,-0.4215709,-0.442056,0.7917477,-0.6474768,-0.3831697,0.6587524,0,1,0,0,0,26.09635,66.05074,22.41735,20.812,17.55561,6.617974,9.227367,67.64434,57.46666,D
1,2.280199,0,85.01327,69.51806,1,0.4201794,-0.6227946,-0.659982,0.07167222,-0.3278819,-0.941996,-0.2858687,-0.5792716,0.7633633,-0.434648,-0.4692485,0.7686917,-0.6563663,-0.4080141,0.6345925,0,1,0,0,0,25.99364,66.07071,23.46099,21.70747,18.17587,6.737869,9.486095,67.43917,57.9138,D
1,2.290514,0,85.01327,69.68491,1,0.4282197,-0.6139134,-0.6631277,0.08122087,-0.3119604,-0.946617,-0.2782661,-0.5815218,0.7644609,-0.4267867,-0.4703205,0.7724323,-0.6461664,-0.4115924,0.6426979,0,1,0,0,0,26.08156,66.2045,23.28675,21.3945,18.00271,6.736849,9.550728,67.46323,57.98932,D
1,2.292322,0,85.01327,69.36469,1,0.4358673,-0.612783,-0.6591789,0.0805214,-0.3243068,-0.9425186,-0.2795939,-0.5781245,0.7665503,-0.4312297,-0.4675458,0.7716488,-0.6523793,-0.4083851,0.6384535,0,1,0,0,0,26.00598,66.08733,23.31377,21.53733,18.04777,6.724845,9.455552,67.55815,57.85466,D
1,2.271628,0,85.01327,70.40759,1,0.4348343,-0.6268109,-0.6465503,0.08100764,-0.3201256,-0.9439054,-0.2896646,-0.5748377,0.7652817,-0.4380313,-0.4603164,0.7721642,-0.6570044,-0.4063351,0.6350095,0,1,0,0,0,26.12445,66.14804,23.66871,21.976,18.36058,6.763417,9.515845,68.31342,58.32059,D
1,2.284205,0,85.01327,70.19194,1,0.4452054,-0.6238285,-0.642363,0.07805773,-0.3315071,-0.940218,-0.2813386,-0.5707377,0.7714319,-0.4367066,-0.4558206,0.7755738,-0.6603081,-0.3995729,0.6358732,0,1,0,0,0,25.9982,66.05957,23.45944,21.80871,18.21628,6.726492,9.557909,67.94228,58.16843,D
1,2.269268,0,85.01327,69.35561,1,0.4229489,-0.6401178,-0.6413761,0.07658461,-0.3539886,-0.9321088,-0.279936,-0.576605,0.7675693,-0.430988,-0.4566408,0.7782856,-0.6530865,-0.4022156,0.6416389,0,1,0,0,0,25.94205,65.9405,23.75503,21.80155,18.40317,6.669515,9.848416,67.20339,58.03105,D
1,2.267683,0,85.01327,69.6429,1,0.4290332,-0.6324892,-0.6448938,0.07734997,-0.3292929,-0.9410543,-0.2990398,-0.579354,0.7582375,-0.4525456,-0.4616715,0.7629299,-0.6725247,-0.4002141,0.6225265,0,1,0,0,0,25.96846,66.25278,23.64405,21.71275,18.26211,6.703973,9.804268,67.1851,58.22178,D
1,2.267922,0,85.01327,68.6205,1,0.439601,-0.6397217,-0.6304817,0.06219564,-0.3586423,-0.9314008,-0.2725965,-0.5759829,0.7706717,-0.4211149,-0.450985,0.7869401,-0.6574397,-0.3977366,0.6399833,0,1,0,0,0,25.76672,66.08276,23.89006,22.07081,18.53454,6.571637,10.66261,67.03382,58.04326,D
1,2.257183,0,85.01327,69.134,1,0.4218252,-0.6546739,-0.6272684,0.04897588,-0.3727098,-0.9266546,-0.2714021,-0.5617602,0.7815154,-0.4130986,-0.4342582,0.8004807,-0.6445916,-0.3889746,0.6581796,0,1,0,0,0,25.68202,65.91224,24.23505,22.52754,18.88489,6.670225,10.36258,68.25053,58.27552,D
1,2.264736,0,85.01327,68.83602,1,0.4102305,-0.6669739,-0.621978,0.04186554,-0.3754551,-0.9258946,-0.2916018,-0.5364702,0.7919396,-0.4203697,-0.4189165,0.8048592,-0.6418273,-0.3749245,0.6689465,0,1,0,0,0,25.73384,66.1268,24.04051,22.24284,18.73344,6.829767,10.03131,68.78305,58.37574,D
1,2.301277,0,85.01327,66.67608,1,0.370376,-0.6723368,-0.640925,0.04264121,-0.408136,-0.9119247,-0.2677415,-0.5372952,0.7997677,-0.4219989,-0.3681543,0.8284801,-0.6458511,-0.328448,0.6892011,0,1,0,0,0,26.56922,65.83675,23.56567,21.91881,18.52376,6.668232,11.85243,66.85297,56.2391,D
1,2.302675,0,85.01327,65.37148,1,0.3593619,-0.6707391,-0.6488206,0.03956006,-0.4304467,-0.9017487,-0.2526658,-0.5660452,0.7846992,-0.4109664,-0.3612744,0.837011,-0.6432556,-0.3239654,0.6937354,0,1,0,0,0,26.67724,65.56242,23.96499,21.83009,18.464,6.595255,12.87593,65.61583,55.10532,D
1,2.304505,0,85.01327,64.55055,1,0.375158,-0.6688805,-0.6417596,0.04681951,-0.4380773,-0.8977172,-0.2574762,-0.5868514,0.7676663,-0.4145087,-0.3669719,0.8327751,-0.6459209,-0.3289188,0.6889112,0,1,0,0,0,26.46722,65.51488,24.21041,21.53822,18.37679,6.563853,12.97706,64.99425,54.95723,D
1,2.266872,0,85.01327,64.75062,1,0.3681403,-0.6834193,-0.6304053,0.04076761,-0.4421877,-0.8959956,-0.2669874,-0.618384,0.7391339,-0.4167714,-0.3893125,0.821424,-0.6458201,-0.3431172,0.6820462,0,1,0,0,0,26.35577,65.49986,24.9276,21.62681,18.46851,6.703172,13.76332,63.46864,55.44317,D
1,2.25443,0,85.01327,64.8096,1,0.3655577,-0.6891542,-0.6256468,0.04087286,-0.4459831,-0.8941076,-0.2672056,-0.607766,0.7478113,-0.4149425,-0.4025795,0.8159366,-0.641589,-0.3546244,0.6801508,0,1,0,0,0,26.31196,65.47692,24.78401,21.71564,18.56712,6.803154,13.45916,63.15859,55.57617,D
1,2.272814,0,85.01327,64.31628,1,0.372583,-0.6881042,-0.6226513,0.03669608,-0.4603249,-0.8869917,-0.2664543,-0.5776355,0.7715824,-0.4142307,-0.3992343,0.8179395,-0.6429228,-0.3543992,0.6790077,0,1,0,0,0,26.19901,65.31619,24.20407,21.60153,18.52427,6.762201,12.59712,63.53957,55.31281,D
1,2.273291,0,85.01327,63.21423,1,0.3763439,-0.6863323,-0.6223449,0.03175731,-0.4849564,-0.8739615,-0.2678906,-0.5901164,0.7615755,-0.415212,-0.4020638,0.8160538,-0.6482078,-0.362399,0.6696967,0,1,0,0,0,26.17203,64.98959,24.46557,21.56338,18.55062,6.687971,12.59531,62.9376,54.4718,D
1,2.276969,0,85.01327,61.29139,1,0.3713103,-0.6572706,-0.6558384,0.03014718,-0.49041,-0.8709702,-0.2481428,-0.5734527,0.7807543,-0.4001438,-0.4311963,0.8086746,-0.6394796,-0.4012925,0.6557668,0,1,0,0,0,26.52872,64.9189,24.24584,21.75299,18.62481,6.630558,10.80014,64.66833,52.51111,D
1,2.328441,0,85.01327,60.54144,1,0.4149318,-0.6426772,-0.6440479,0.02708014,-0.542043,-0.8399143,-0.259245,-0.5399505,0.800778,-0.4167044,-0.4265123,0.8027731,-0.6618794,-0.3919406,0.6389822,0,1,0,0,0,26.23598,64.08355,23.37794,21.22183,18.19201,6.527106,9.807414,63.62159,51.65465,D
0.09694757,2.290819,0,85.01327,62.14024,1,0.4856312,-0.632852,-0.6030429,0.0858401,-0.5575248,-0.8257103,-0.1717978,-0.5486192,0.8182313,-0.3452043,-0.4426996,0.8275573,-0.5893828,-0.4210653,0.6894433,0,1,0,0,0,25.25111,63.39492,24.07647,22.58587,19.02264,6.790945,10.20909,64.18759,53.55943,D
0.876765,2.208931,0,85.01327,66.32976,1,0.4849517,-0.6398163,-0.5962021,0.1074386,-0.450498,-0.8862892,-0.1754764,-0.5680999,0.8040339,-0.3306257,-0.4821324,0.8113168,-0.5595178,-0.4698216,0.682794,0,1,0,0,0,25.07747,64.89629,24.846,22.81249,19.37701,6.927728,9.638588,67.08179,57.6547,D
1,2.223823,0,85.01327,66.42358,1,0.4858194,-0.6450398,-0.5898331,0.1116462,-0.4390293,-0.891509,-0.2160705,-0.5494436,0.8071092,-0.3742405,-0.4687515,0.8001351,-0.6041053,-0.4484668,0.6587369,0,1,0,0,0,25.10357,65.01972,24.44201,22.6652,19.13889,6.87861,9.276876,67.4331,58.08113,D
1,2.211713,0,85.01327,66.94923,1,0.4638661,-0.6713353,-0.5780459,0.09287146,-0.4548158,-0.8857299,-0.2446126,-0.5684103,0.7855408,-0.3967884,-0.4744657,0.7857743,-0.6239373,-0.436496,0.648208,0,1,0,0,0,25.33945,65.12558,24.80891,22.96196,19.35907,6.957723,10.06352,66.51344,57.90544,D
1,2.221336,0,85.01327,65.47459,1,0.4054082,-0.6958624,-0.5928068,0.07877942,-0.4676446,-0.880399,-0.2586962,-0.5768306,0.7748179,-0.4053827,-0.4308221,0.8062612,-0.6224067,-0.398361,0.6737347,0,1,0,0,0,25.86991,65.1106,24.99876,22.42367,19.40627,6.696228,11.2675,65.56676,56.65345,D
1,2.222938,0,85.01327,63.21379,1,0.39677,-0.6723229,-0.6249444,0.07751151,-0.4819553,-0.8727606,-0.2313668,-0.5799761,0.781087,-0.3860857,-0.4406098,0.8104325,-0.6149328,-0.4135038,0.6714703,0,1,0,0,0,26.33171,64.76448,25.10005,22.90705,19.39505,6.787251,11.25836,65.63766,54.23667,D
1,2.270921,0,85.01327,62.43153,1,0.4140432,-0.6651951,-0.6213564,0.06775981,-0.5240399,-0.848994,-0.2304782,-0.5725342,0.7868192,-0.3911533,-0.4218251,0.8179625,-0.6350465,-0.3892935,0.6672079,0,1,0,0,0,26.19021,64.20428,24.64731,22.2384,18.78626,6.687593,11.21979,64.42175,53.37721,D
1,2.277051,0,85.01327,61.02706,1,0.4016176,-0.6619401,-0.6328812,0.05622148,-0.5419313,-0.8385401,-0.2112534,-0.5852019,0.7828861,-0.37407,-0.4269206,0.8232924,-0.6246721,-0.3924661,0.6750965,0,1,0,0,0,26.13649,63.80756,24.60674,21.82938,18.52212,6.7061,11.34255,62.9367,52.2736,D
1,2.301216,0,85.01327,59.36956,1,0.4206412,-0.6402596,-0.6427508,0.04555583,-0.5768306,-0.8155925,-0.2075454,-0.5678976,0.7965031,-0.372561,-0.4469782,0.8132704,-0.6287848,-0.4162949,0.6567559,0,1,0,0,0,26.09068,63.16536,24.03513,21.69271,18.39336,6.636583,10.26957,62.21478,50.61402,D
1,2.284845,0,85.01327,58.9082,1,0.4227763,-0.64165,-0.6399575,0.03406933,-0.5992459,-0.7998398,-0.2220165,-0.5845089,0.7804217,-0.3811783,-0.4789089,0.7907903,-0.635374,-0.4471093,0.6295977,0,1,0,0,0,26.10637,62.85387,24.23799,21.7349,18.5041,6.678044,10.0617,60.82146,49.99712,D
1,2.276448,0,85.01327,58.85279,1,0.4130694,-0.6534071,-0.6343759,0.03222268,-0.6006458,-0.7988656,-0.2243644,-0.5789173,0.7839103,-0.3802347,-0.4742929,0.79402,-0.6332721,-0.4397295,0.6368708,0,1,0,0,0,25.88931,62.86994,24.30139,21.74352,18.57327,6.718496,10.08772,60.8578,50.23586,D
1,2.26078,0,85.01327,60.60244,1,0.4124297,-0.6512812,-0.636973,0.03827397,-0.5556873,-0.8305099,-0.2211022,-0.6006128,0.7683607,-0.3764267,-0.4708729,0.7978606,-0.6264245,-0.427764,0.6516213,0,1,0,0,0,25.93445,63.66398,24.70343,22.01228,18.65401,6.729697,10.79983,62.09714,51.83765,D
1,2.313417,0,85.01327,64.48869,1,0.4286422,-0.6631996,-0.6135407,0.02589319,-0.497736,-0.866942,-0.2055655,-0.5131689,0.833307,-0.3591291,-0.3531692,0.8638853,-0.6061385,-0.3377434,0.7200871,0,1,0,0,0,25.72365,64.53893,23.85054,22.64763,19.00701,6.571629,11.35677,66.98662,55.55501,D
1,2.314233,0,85.01327,66.09136,1,0.3937819,-0.6867947,-0.6109409,0.0198867,-0.5012268,-0.8650873,-0.1968898,-0.5080085,0.8385474,-0.346287,-0.3613406,0.8657473,-0.5838715,-0.3334526,0.7402049,0,1,0,0,0,26.03524,64.36995,23.44428,22.39038,18.94945,6.644163,11.71411,65.59535,56.18812,D
1,2.248032,0,85.01327,69.28947,1,0.3421753,-0.7418542,-0.5766875,0.005136579,-0.4474382,-0.8943001,-0.2279337,-0.5029716,0.833706,-0.358791,-0.356568,0.8626287,-0.5703457,-0.3299566,0.7522196,0,1,0,0,0,25.63378,64.87248,24.17361,22.26241,19.09144,6.982149,11.43473,66.30243,59.73901,D
1,2.158623,0,85.01327,72.49126,1,0.316795,-0.7607273,-0.5665112,-0.0145265,-0.3303971,-0.9437302,-0.208438,-0.604933,0.7685114,-0.3665552,-0.3883167,0.8454865,-0.5618904,-0.3641707,0.7427374,0,1,0,0,0,25.60359,65.94199,24.65858,21.96331,18.98628,7.18282,18.98646,57.52068,63.28749,D
1,1.946506,0,85.01327,71.17448,1,0.322049,-0.7635125,-0.5597617,0.01450425,-0.4412521,-0.897266,-0.2753335,-0.9595785,-0.05831419,-0.3386092,-0.338723,0.8778443,-0.537226,-0.3149915,0.7824121,0,1,0,0,0,25.63681,64.37606,45.8726,21.9607,18.86086,7.218258,50.53617,25.85401,61.32376,D
1,1.634194,0,85.01327,71.78207,1,0.3074318,-0.7676576,-0.5623055,-0.00408984,-0.4032621,-0.9150753,-0.1956825,-0.7641858,-0.6145961,-0.3500522,-0.4131523,0.8406953,-0.5209132,-0.38767,0.7605007,0,1,1,0,0,25.48403,65.04822,61.93883,22.4308,19.51282,7.361894,66.33237,14.51355,62.07826,D
1,2.252815,0,85.01327,69.04891,1,0.3733665,-0.73344,-0.5680345,0.01679531,-0.445895,-0.8949277,-0.2543373,-0.4820913,0.8383917,-0.3965941,-0.3600054,0.844458,-0.5940193,-0.3235097,0.7365342,0,1,0,0,0,25.65889,65.06828,23.9045,22.38523,19.16629,7.106736,10.87412,66.69669,59.65845,D
1,2.357945,0,85.01327,61.86794,1,0.4234575,-0.6717976,-0.6077596,0.02420531,-0.5693305,-0.8217523,-0.2257269,-0.5159681,0.8263318,-0.396272,-0.3224346,0.8596537,-0.6517626,-0.303138,0.6952071,0,1,0,0,0,25.87892,63.49168,23.60712,22.07878,18.47848,6.49643,11.88941,64.3801,53.01733,D
1,2.31673,0,85.01327,61.11163,1,0.4113055,-0.6668022,-0.6214521,0.02967923,-0.5544221,-0.8317062,-0.2301486,-0.5382088,0.8107792,-0.3947374,-0.355085,0.8474061,-0.6429431,-0.3394685,0.6865751,0,1,0,0,0,25.89939,63.78914,24.17283,22.19149,18.72561,6.509963,11.8604,64.39165,52.54393,D
1,2.332305,0,85.01327,62.16267,1,0.4161748,-0.6649953,-0.620145,0.0350801,-0.5347431,-0.8442861,-0.221887,-0.5202355,0.8246946,-0.3896025,-0.3451451,0.8538646,-0.6362769,-0.3286574,0.6979513,0,1,0,0,0,25.87193,64.10374,23.67696,22.09332,18.62561,6.536217,11.73008,65.07556,53.45682,D
1,2.33413,0,85.01327,61.63633,1,0.422454,-0.6645774,-0.6163356,0.03302159,-0.5505962,-0.8341184,-0.2349018,-0.5126234,0.8258562,-0.398059,-0.3478566,0.8488491,-0.6477244,-0.3302949,0.6865554,0,1,0,0,0,25.78359,63.86685,23.7226,22.09884,18.63443,6.474827,11.34386,65.01595,53.06298,D
1,2.337905,0,85.01327,62.17124,1,0.4200859,-0.6755868,-0.6058963,0.02283281,-0.550423,-0.8345736,-0.2428793,-0.4847729,0.8402409,-0.3942078,-0.3448732,0.8518584,-0.6388006,-0.3255412,0.6971059,0,1,0,0,0,25.61429,63.82467,23.37397,22.08141,18.72491,6.525546,10.84303,65.23161,53.67318,D
1,2.337251,0,85.01327,62.1579,1,0.4145817,-0.6722717,-0.6133292,0.02460955,-0.5411708,-0.8405525,-0.2302632,-0.4909215,0.8402232,-0.3856343,-0.3485963,0.854264,-0.6304855,-0.3289779,0.7030374,0,1,0,0,0,25.73185,63.92107,23.38702,22.04546,18.70212,6.529934,10.87523,65.3596,53.56953,D
1,2.338846,0,85.01327,61.23521,1,0.4138134,-0.6663303,-0.6202921,0.02433838,-0.5541735,-0.8320453,-0.2286303,-0.4939627,0.8388856,-0.3885124,-0.3503467,0.8522413,-0.6361732,-0.3343711,0.6953269,0,1,0,0,0,25.81178,63.70967,23.39844,22.07219,18.69282,6.489651,10.93655,64.92754,52.68362,D
1,2.332286,0,85.01327,60.76923,1,0.4181934,-0.6619326,-0.6220607,0.02197761,-0.5618255,-0.8269638,-0.2228644,-0.5038281,0.834559,-0.3831616,-0.3641506,0.8488707,-0.6300213,-0.3499291,0.6932697,0,1,0,0,0,25.8111,63.54534,23.53421,22.13552,18.74566,6.5318,10.80449,64.61414,52.26283,D
1,2.334545,0,85.01327,61.48709,1,0.4099303,-0.6677598,-0.6213325,0.02771645,-0.5410987,-0.8405023,-0.2218345,-0.49432,0.8404982,-0.3828877,-0.3460737,0.856522,-0.6297727,-0.3321833,0.7021686,0,1,0,0,0,25.81072,63.92914,23.47197,22.13797,18.7429,6.522826,10.9444,65.53052,53.03521,D
1,2.339684,0,85.01327,61.58537,1,0.4122074,-0.6665073,-0.6211707,0.02860558,-0.5414087,-0.8402728,-0.2248331,-0.4883517,0.8431861,-0.3864322,-0.3422945,0.8564489,-0.6336915,-0.3286105,0.7003216,0,1,0,0,0,25.79288,63.94842,23.36341,22.1079,18.69921,6.515526,10.89064,65.63879,53.08162,D
1,2.340887,0,85.01327,61.70615,1,0.4114438,-0.6682412,-0.6198127,0.02807895,-0.5437467,-0.8387795,-0.2220378,-0.4845031,0.8461418,-0.3832432,-0.339583,0.8589576,-0.6314662,-0.3251861,0.7039208,0,1,0,0,0,25.74338,63.86964,23.34764,22.1407,18.70011,6.525108,10.87634,65.64662,53.16483,D
1,2.337713,0,85.01327,61.33445,1,0.4112489,-0.6641237,-0.6243508,0.02695147,-0.5465849,-0.8369699,-0.219909,-0.493303,0.841601,-0.3810701,-0.347329,0.8568245,-0.630034,-0.3338623,0.701137,0,1,0,0,0,25.80869,63.81466,23.45817,22.16624,18.72308,6.509812,10.88021,65.48547,52.78091,D
1,2.3406,0,85.01327,61.68193,1,0.4142057,-0.6637636,-0.6227772,0.02788651,-0.5430105,-0.8392628,-0.222518,-0.4925576,0.8413518,-0.381146,-0.3498722,0.8557553,-0.6293017,-0.333222,0.7020987,0,1,0,0,0,25.80595,63.88608,23.33627,22.09133,18.65722,6.525921,10.95372,65.34256,53.05294,D
0.8061084,2.131425,0,76.83701,64.393,1,0.3878508,-0.7112165,-0.5862959,0.02448124,-0.3124357,-0.9496234,-0.2019202,-0.6227483,0.7559185,-0.3207805,-0.5186993,0.7924966,-0.5308455,-0.473805,0.7026464,0,1,0,0,0,22.50994,60.46315,23.23624,20.60221,17.41205,7.000308,9.037805,61.2517,56.3859,D
0.9847645,2.167014,0,76.11092,63.4823,1,0.3661679,-0.7188803,-0.5908741,0.01064558,-0.339804,-0.940436,-0.2144804,-0.6016544,0.7694221,-0.3485147,-0.5153894,0.7828865,-0.5672718,-0.4665385,0.6786343,0,1,0,0,0,22.9396,59.78288,22.37855,19.8512,16.85693,6.733935,8.97867,59.33484,55.52637,D
1,2.120034,0,76.07054,63.61271,1,0.3369084,-0.7331194,-0.5907865,0.008008357,-0.3351233,-0.9421402,-0.2041698,-0.6152592,0.7614269,-0.3434544,-0.5168632,0.7841502,-0.5622628,-0.4787575,0.6742787,0,1,0,0,0,23.33546,59.81673,22.87545,20.34309,17.31713,6.599184,9.335403,59.59173,55.60933,D
1,2.082745,0,76.06881,64.01869,1,0.2965535,-0.7527986,-0.5876651,0.00437557,-0.3171285,-0.9483725,-0.2102756,-0.6133304,0.7613212,-0.3412494,-0.5252069,0.7795553,-0.5568632,-0.4881582,0.6720156,0,1,0,0,0,23.52867,59.91752,23.16087,20.67917,17.60992,6.680158,9.142355,60.10321,56.02328,D
1,2.092158,0,76.06869,64.23869,1,0.3177562,-0.7500916,-0.5799944,-0.009672482,-0.3196233,-0.9474953,-0.2226735,-0.6222858,0.7504512,-0.354444,-0.5114316,0.7828201,-0.5701693,-0.4723105,0.6721829,0,1,0,0,0,23.40294,60.05561,23.35091,20.59079,17.50972,6.647203,9.497896,60.30968,56.37732,D
1,2.100852,0,76.06868,61.90139,1,0.2965605,-0.7454416,-0.5969661,-0.01069116,-0.367676,-0.9298925,-0.2114321,-0.596729,0.7740871,-0.3522568,-0.5054229,0.7876947,-0.5755571,-0.4686638,0.6701406,0,1,0,0,0,23.39174,59.63624,23.27052,20.87005,17.7309,6.548473,9.165801,60.37714,54.18552,D
1,2.092846,0,76.06868,61.12149,1,0.3022469,-0.7434057,-0.596653,-0.015135,-0.3976982,-0.9173915,-0.212241,-0.6021931,0.7696216,-0.349447,-0.5172182,0.7812632,-0.5719875,-0.4771195,0.6672236,0,1,0,0,0,23.30943,59.34661,23.44141,21.10451,17.86147,6.649462,9.038316,59.8462,53.43331,D
1,2.088022,0,76.06868,60.76084,1,0.2982143,-0.7423813,-0.5999485,-0.01378632,-0.4003393,-0.9162633,-0.2158129,-0.6071998,0.7646784,-0.3518572,-0.5251651,0.7748537,-0.5740463,-0.4837616,0.6606402,0,1,0,0,0,23.38136,59.35497,23.53693,21.13479,17.88972,6.674504,8.990988,59.7047,53.10278,D
1,2.07754,0,76.06868,60.51765,1,0.2949165,-0.7372608,-0.6078411,-0.02105169,-0.3941672,-0.9187976,-0.2168435,-0.6156644,0.7575859,-0.3537919,-0.535653,0.7667511,-0.5766002,-0.4926565,0.6517836,0,1,0,0,0,23.33705,59.42947,23.59398,21.25225,17.95976,6.671367,9.096842,59.41968,52.91968,D
1,2.09221,0,76.06868,61.2052,1,0.3264041,-0.7174541,-0.6154022,-0.01536063,-0.3592151,-0.9331284,-0.2049787,-0.6372874,0.742865,-0.3477594,-0.5339167,0.7707117,-0.5721368,-0.4932054,0.6552923,0,1,0,0,0,23.19636,59.784,23.5591,20.89497,17.66057,6.58594,9.632134,59.44323,53.56395,D
1,2.110237,0,76.06868,63.41616,1,0.3255555,-0.7329167,-0.5973665,-0.01713905,-0.3293478,-0.9440531,-0.1992151,-0.6302134,0.7504294,-0.3490577,-0.5035936,0.7902862,-0.5722601,-0.4688238,0.6728467,0,1,0,0,0,23.27845,59.92603,23.23313,20.47883,17.4338,6.415318,10.24352,59.38103,55.54127,D
1,2.031776,0,76.06868,65.29483,1,0.269782,-0.7813597,-0.5627563,-0.03447936,-0.3410178,-0.9394243,-0.2108332,-0.6857427,0.6966393,-0.3461085,-0.4990426,0.7944592,-0.5387616,-0.4475951,0.7137188,0,1,0,0,0,23.26629,59.30604,24.96606,21.76093,18.16986,7.000404,13.18509,56.85828,56.85714,D
1,2.020797,0,76.06868,64.01807,1,0.3198511,-0.7759383,-0.5437049,-0.02709611,-0.3678972,-0.9294717,-0.2180161,-0.6334627,0.7424244,-0.3746492,-0.502682,0.7790691,-0.546203,-0.4962583,0.674826,0,1,0,0,0,22.3451,59.17319,23.75316,22.10474,18.74673,6.92732,14.58111,54.03176,56.46362,D
1,2.042026,0,76.06868,64.25208,1,0.3175714,-0.7756393,-0.545465,-0.03459989,-0.3638485,-0.9308152,-0.2147514,-0.6102538,0.7625431,-0.3747862,-0.4903522,0.7868227,-0.5493177,-0.4711864,0.6900967,0,1,0,0,0,22.47925,59.24875,23.33948,21.96335,18.59421,6.875012,13.75956,55.18617,56.63776,D
1,2.02867,0,76.06868,64.18823,1,0.2954487,-0.7642149,-0.5733111,-0.03898574,-0.3489935,-0.9363139,-0.2246502,-0.6890012,0.6890643,-0.3595931,-0.5295891,0.7682632,-0.5530735,-0.4714657,0.6868986,0,1,0,0,0,23.0674,59.49177,25.01785,21.95287,18.29786,7.026818,11.99668,57.72953,56.10141,D
1,2.053508,0,76.06868,63.33015,1,0.2858175,-0.7491446,-0.5975708,-0.0330904,-0.3399772,-0.9398513,-0.2045357,-0.688251,0.6960429,-0.3440611,-0.5271186,0.7770251,-0.5542683,-0.4654587,0.6900253,0,1,0,0,0,23.46952,59.64118,24.5509,21.58219,17.94361,6.930973,12.06838,57.59767,55.06163,D
1,2.04196,0,76.06868,63.5044,1,0.2846349,-0.7584246,-0.5863234,-0.03002724,-0.3453139,-0.9380068,-0.2125587,-0.7015399,0.6801916,-0.349948,-0.5100133,0.7857627,-0.5549281,-0.4548056,0.6965678,0,1,0,0,0,23.32116,59.57057,25.10334,21.56725,18.02096,6.89222,12.72936,57.49369,55.38417,D
1,2.035826,0,76.06868,63.28054,1,0.2904789,-0.7562383,-0.5862811,-0.03257141,-0.3453494,-0.9379088,-0.2171161,-0.6925421,0.6879287,-0.3551042,-0.5152372,0.7800204,-0.5608711,-0.4610451,0.6876489,0,1,0,0,0,23.27437,59.62,25.04315,21.66383,18.1001,6.870422,12.44827,57.71303,55.29213,D
1,2.033505,0,76.06868,63.46669,1,0.2891564,-0.7635776,-0.5773541,-0.03473276,-0.3558848,-0.9338841,-0.2229168,-0.6798235,0.698676,-0.360696,-0.5171292,0.7761931,-0.564,-0.4624887,0.6841114,0,1,0,0,0,23.30971,59.56025,24.79653,21.88865,18.27081,6.909676,12.30892,57.59083,55.43093,D
1,2.012733,0,76.06868,62.71605,1,0.3109182,-0.7513709,-0.5820408,-0.03430304,-0.3522408,-0.9352806,-0.2354028,-0.6985474,0.6757345,-0.3684492,-0.5393323,0.7572092,-0.5826624,-0.4828601,0.6537207,0,1,0,0,0,23.2272,59.78537,25.36086,21.96507,18.37069,6.767091,11.67214,58.40871,55.14097,D
1,2.031717,0,76.06868,62.38152,1,0.312566,-0.7464784,-0.5874287,-0.03373097,-0.3566997,-0.93361,-0.2323436,-0.6747379,0.700532,-0.3677617,-0.5240238,0.7682124,-0.5861481,-0.4741593,0.6569652,0,1,0,0,0,23.27126,59.77899,24.98271,21.89851,18.27888,6.695194,11.28076,59.23418,54.80089,D
1,2.031933,0,76.06868,61.66155,1,0.2996,-0.7407113,-0.6013207,-0.04311584,-0.3598529,-0.9320123,-0.2133999,-0.6709844,0.7100989,-0.3569166,-0.5248314,0.772763,-0.5789936,-0.4836725,0.6563745,0,1,0,0,0,23.44534,59.68945,24.84801,21.8931,18.25098,6.65105,11.24999,59.12026,54.04947,D
1,2.037838,0,76.06868,60.76788,1,0.3059263,-0.7423703,-0.5960667,-0.04291501,-0.3905848,-0.9195661,-0.2153929,-0.6583283,0.7212556,-0.3562173,-0.5223194,0.7747849,-0.5770634,-0.4873213,0.6553745,0,1,0,0,0,23.3601,59.44769,24.80758,21.86656,18.26685,6.680332,10.87444,59.07246,53.50212,D
1,2.064946,0,76.06868,58.42208,1,0.3279299,-0.7283725,-0.6016107,-0.04951843,-0.4341684,-0.8994697,-0.2200217,-0.6551578,0.7227439,-0.3655329,-0.5236043,0.7695611,-0.5873125,-0.4979898,0.6380205,0,1,0,0,0,23.02159,59.02937,24.3719,21.4599,18.11537,6.542086,10.5965,57.56348,52.07465,D
1,2.022172,0,76.06868,58.62166,1,0.3116559,-0.7387055,-0.5976495,-0.04114239,-0.4357546,-0.8991247,-0.2328842,-0.675967,0.6991664,-0.3733833,-0.5419999,0.7528752,-0.5843486,-0.5208908,0.6222617,0,1,0,0,0,23.27151,59.14213,24.98356,21.90798,18.54535,6.622006,10.75401,57.6105,51.98707,D
1,2.049831,0,76.06868,55.85398,1,0.326407,-0.7236332,-0.6081229,-0.02763153,-0.5208605,-0.8531945,-0.2357765,-0.6961529,0.6780713,-0.3757876,-0.5508854,0.7451905,-0.5862213,-0.5317801,0.6111911,0,1,0,0,0,23.38497,58.10617,25.22449,21.64738,18.37039,6.658691,10.93409,55.11361,49.00209,D
1,2.078463,0,76.06868,54.39803,1,0.3606545,-0.7010644,-0.6151723,-0.02874016,-0.534577,-0.844631,-0.2480208,-0.6562654,0.7126018,-0.3855715,-0.5584025,0.7345212,-0.5976735,-0.5405584,0.5921004,0,1,0,0,0,23.19728,57.8922,24.37186,21.68021,18.33239,6.641678,9.445183,55.85256,47.99391,D
1,2.088706,0,76.06868,53.63392,1,0.3728339,-0.6883553,-0.6222233,-0.02803778,-0.5433307,-0.8390504,-0.2455098,-0.6597995,0.7102039,-0.3820245,-0.5747657,0.7236723,-0.5943838,-0.5599638,0.5771901,0,1,0,0,0,23.30163,57.81061,24.13379,21.50153,18.32181,6.540301,9.161397,55.35991,47.32159,D
1,2.081899,0,76.06868,54.20624,1,0.379346,-0.6897221,-0.6167496,-0.02651742,-0.5182732,-0.8548039,-0.252533,-0.6530564,0.7139639,-0.3861632,-0.5800267,0.7172496,-0.5998144,-0.5605825,0.5709377,0,1,0,0,0,23.14838,58.18192,24.01717,21.48573,18.33407,6.549166,8.918014,55.94017,48.13297,D
1,2.0705,0,76.06868,54.3667,1,0.3772064,-0.6923463,-0.6151195,-0.02722658,-0.514942,-0.8567925,-0.2499738,-0.661694,0.7068763,-0.3831028,-0.5862777,0.7138001,-0.5959277,-0.5683218,0.5673451,0,1,0,0,0,23.15042,58.21669,24.19418,21.5526,18.40305,6.570559,9.022202,55.78841,48.31364,D
1,2.060912,0,76.06868,54.46193,1,0.3719046,-0.6986747,-0.6111797,-0.02898961,-0.5142285,-0.8571631,-0.2565822,-0.6617368,0.7044643,-0.3883541,-0.5860156,0.7111728,-0.6008161,-0.5654961,0.5650081,0,1,0,0,0,23.1057,58.25018,24.2971,21.6458,18.47398,6.597719,9.042583,55.80703,48.47961,D
1,2.059053,0,76.06868,54.50784,1,0.3708284,-0.6967155,-0.6140633,-0.03014641,-0.5118685,-0.8585347,-0.2523907,-0.6679956,0.7000577,-0.3844625,-0.5902333,0.709798,-0.5968875,-0.5699656,0.5646809,0,1,0,0,0,23.14127,58.26348,24.3579,21.63937,18.46986,6.60166,9.103274,55.67369,48.45026,D
1,2.061077,0,76.06868,54.63128,1,0.3735524,-0.6976486,-0.611347,-0.02895541,-0.5093002,-0.8601016,-0.2568035,-0.6588391,0.7070947,-0.3887379,-0.5862599,0.7107617,-0.6016789,-0.5651041,0.5644819,0,1,0,0,0,23.09181,58.32471,24.24369,21.66262,18.46653,6.601956,8.92372,56.08693,48.64045,D
1,2.063186,0,76.06868,54.47323,1,0.3717698,-0.6970212,-0.6131465,-0.03014199,-0.5134705,-0.8575777,-0.2547802,-0.6579652,0.7086387,-0.3868695,-0.5858131,0.7121481,-0.6002157,-0.5656254,0.5655165,0,1,0,0,0,23.10338,58.23832,24.21974,21.64904,18.46157,6.589303,8.905176,55.97338,48.4572,D
1,2.070699,0,76.06868,54.71351,1,0.3965359,-0.6888391,-0.6068444,-0.03169367,-0.5260645,-0.8498539,-0.263939,-0.665548,0.6981275,-0.3978884,-0.5993277,0.6946158,-0.6156083,-0.563869,0.5505253,0,1,0,0,0,22.94924,58.15198,24.22896,21.69887,18.4025,6.6222,8.806738,55.36313,48.56968,D
1,2.067444,0,76.06868,55.61009,1,0.3432722,-0.7008352,-0.6252953,-0.03703437,-0.4774446,-0.8778811,-0.2562146,-0.6884422,0.6785288,-0.3951134,-0.5642213,0.7249413,-0.6114579,-0.5372648,0.5809181,0,1,0,0,0,23.34146,58.6307,24.68251,21.35268,18.22156,6.404591,10.35632,55.55352,49.01257,D
1,2.07864,0,76.06868,57.33696,1,0.3285622,-0.710387,-0.6224125,-0.03958758,-0.4235437,-0.9050103,-0.2350931,-0.6513892,0.7214037,-0.380703,-0.5252884,0.7610107,-0.602993,-0.4967896,0.6241791,0,1,0,0,0,22.94017,59.21455,24.09017,21.28419,18.02467,6.430472,10.09598,58.07259,51.18914,D
1,2.076311,0,76.06868,58.14286,1,0.3107902,-0.7133437,-0.6281324,-0.03978546,-0.4131206,-0.9098068,-0.2153993,-0.6747653,0.7059001,-0.3590313,-0.5287844,0.7690797,-0.5845714,-0.491382,0.6456161,0,1,0,0,0,23.09846,59.20391,24.38062,21.22932,17.87922,6.521733,10.9198,57.36829,51.39845,D
1,2.076471,0,76.06868,59.82409,1,0.2912891,-0.7182918,-0.6318288,-0.03044861,-0.3682458,-0.9292297,-0.2034565,-0.6929999,0.6916332,-0.346487,-0.5233006,0.7785264,-0.5719213,-0.4729962,0.6702093,0,1,0,0,0,23.31057,59.58995,24.63665,20.96311,17.59131,6.636731,11.94917,57.21711,52.44358,D
1,2.092356,0,76.06868,60.11433,1,0.3014931,-0.7222812,-0.6224241,-0.02577646,-0.3743901,-0.9269129,-0.2037181,-0.6705119,0.7133811,-0.3494338,-0.5075342,0.7875945,-0.5791088,-0.4573654,0.6748703,0,1,0,0,0,23.21618,59.51434,24.27493,20.97506,17.5747,6.579591,11.66567,57.7651,52.77041,D
1,2.109257,0,76.06868,60.68932,1,0.3109821,-0.7249756,-0.6145735,-0.02275457,-0.3728358,-0.9276183,-0.2103935,-0.6567644,0.7241513,-0.3566009,-0.4997148,0.7893801,-0.5839438,-0.4438997,0.6796784,0,1,0,0,0,23.16359,59.55841,23.89503,20.84027,17.47618,6.5983,11.60473,57.70433,53.22419,D
1,2.102437,0,76.06868,60.59931,1,0.3083278,-0.7282897,-0.6119869,-0.02333948,-0.3815551,-0.9240514,-0.2110185,-0.6370397,0.741385,-0.3547887,-0.5087072,0.7844373,-0.5799276,-0.4518776,0.6778573,0,1,0,0,0,23.17824,59.4868,23.66058,21.08116,17.66749,6.646873,11.18497,57.83019,53.12011,D
1,2.102068,0,76.06868,60.33696,1,0.3185112,-0.7254068,-0.610193,-0.02211202,-0.3907191,-0.9202443,-0.2169932,-0.6338362,0.7424053,-0.3582243,-0.5086216,0.78293,-0.5810859,-0.4532225,0.675965,0,1,0,0,0,23.15542,59.42727,23.6945,21.14905,17.75402,6.615447,11.06945,57.92574,52.9173,D
1,2.14803,0,76.06868,60.65181,1,0.3554075,-0.7150994,-0.6019289,-0.01142507,-0.3880765,-0.9215564,-0.2106423,-0.6334083,0.7445963,-0.360667,-0.4726051,0.8040919,-0.5884449,-0.4174409,0.6924418,0,1,0,0,0,22.81697,59.38473,23.33975,20.45329,17.26203,6.451574,11.63246,57.50228,53.44147,D
1,2.143979,0,76.06868,61.60695,1,0.3473261,-0.7179405,-0.6032628,-0.004192712,-0.359483,-0.9331422,-0.2039188,-0.6329232,0.746877,-0.3511954,-0.4802714,0.803742,-0.5742235,-0.4196393,0.7029725,0,1,0,0,0,22.88775,59.57241,23.27945,20.36487,17.1852,6.558115,11.62177,57.67621,54.1672,D
1,2.127359,0,76.06868,61.97561,1,0.337073,-0.7202365,-0.6063343,-0.00363914,-0.3434962,-0.9391471,-0.2065205,-0.6403217,0.7398225,-0.3485144,-0.4883748,0.8000174,-0.5695943,-0.4282122,0.7015673,0,1,0,0,0,22.98214,59.69633,23.47694,20.55956,17.31942,6.595671,11.52501,58.13971,54.36079,D
1,2.121776,0,76.06868,62.50665,1,0.3250082,-0.7289845,-0.6024543,-0.003657205,-0.3415798,-0.9398457,-0.2184934,-0.6490235,0.7287175,-0.3412832,-0.4850305,0.8051528,-0.5604112,-0.4239638,0.7114731,0,1,0,0,0,23.00723,59.62029,23.80947,20.53989,17.31723,6.645786,11.08187,58.88713,54.72245,D
1,2.10995,0,76.06868,62.86732,1,0.3065664,-0.7459791,-0.5912126,-0.002263434,-0.3610004,-0.9325629,-0.2293704,-0.6403291,0.7330537,-0.3474745,-0.4838735,0.8031985,-0.5616184,-0.4245232,0.7101865,0,1,0,0,0,23.05854,59.43517,23.94255,20.78288,17.53501,6.707204,10.75018,59.08892,54.90814,D
1,2.114703,0,76.06868,63.16887,1,0.3055407,-0.7408665,-0.5981318,-0.000639985,-0.3500256,-0.9367399,-0.2351388,-0.6596755,0.7138193,-0.3507378,-0.4830846,0.8022546,-0.5623266,-0.4207079,0.7118945,0,1,0,0,0,23.16913,59.55408,24.04407,20.55579,17.35426,6.72224,11.45693,58.25861,54.88068,D
1,2.1616,0,76.06868,62.20045,1,0.3084653,-0.7356031,-0.6031063,-0.001542815,-0.3666376,-0.9303626,-0.2209931,-0.6301395,0.7443697,-0.3418641,-0.4483382,0.8259067,-0.5633727,-0.3875661,0.72966,0,1,0,0,0,23.08492,59.34425,23.26162,20.20819,17.05634,6.604327,11.62314,58.06199,54.22628,D
1,2.152456,0,76.06868,62.08472,1,0.3100739,-0.7344415,-0.6036968,-0.0007760875,-0.3622483,-0.9320813,-0.2222005,-0.6466624,0.729695,-0.3384689,-0.4681154,0.8162761,-0.55537,-0.4065739,0.7254391,0,1,0,0,0,22.96002,59.36395,23.32956,20.101,17.05831,6.658545,11.77222,57.12171,54.31842,D
0.6705053,2.150213,0,76.06868,65.50877,1,0.3497261,-0.7377089,-0.577475,0.01837051,-0.2873415,-0.957652,-0.2347634,-0.6396614,0.7319286,-0.3562999,-0.4521313,0.8176966,-0.5679147,-0.4170357,0.7096155,0,1,0,0,0,22.48831,59.39341,23.71225,20.18992,16.98639,6.895453,11.25955,58.37404,56.4533,D
0.9721695,2.135743,0,76.06868,61.35829,1,0.2689731,-0.739445,-0.6171503,-0.008398637,-0.360753,-0.9326236,-0.3113022,-0.6564277,0.6871634,-0.4199607,-0.496601,0.7596186,-0.6322377,-0.3792268,0.6756201,0,1,0,0,0,23.09401,59.6006,23.93248,20.34921,17.0202,6.868801,11.66523,56.30112,53.36598,D
1,1.830188,0.3585328,76.06868,58.15837,0,0.2659455,-0.9230477,-0.2779494,0.58184,-0.7192545,0.3796515,0.5529565,-0.810661,0.1925302,0.5832781,-0.7815223,0.2213813,0.2894719,-0.7846547,0.5481997,1,0,1,1,0,31.25949,33.03005,36.29408,32.2416,19.62079,20.25004,11.56127,8.879638,25.39692,D
1,1.049333,0,76.06868,46.66468,0.2188541,0.5957419,-0.7987154,-0.08453062,0.4704578,-0.8487885,0.2413038,0.4636009,-0.8580492,0.2209658,0.5685821,-0.797861,0.2003301,0.9102311,-0.4019926,-0.09940556,1,1,1,1,1,28.54296,36.65187,36.94854,34.7876,31.24044,15.06708,12.8787,9.132311,19.89952,D
1,0.9605649,0,76.06868,48.23081,0.08595799,0.3796473,-0.9007798,0.2108641,0.2605279,-0.4665472,0.8452567,0.4000901,-0.8021605,0.4432454,0.5426167,-0.7466854,0.3847442,0.6420287,-0.6680001,0.3762645,1,0,1,1,1,32.29673,39.7747,39.78176,36.17734,31.52954,14.03456,13.81041,18.90841,21.42661,D
