0.8701432,3.064354,1,82.30008,2.46582,0.9282751,0.2944758,-0.251118,-0.9220758,0.3944102,-0.4445374,0.8042557,0.1790686,-0.4820763,0.8576344,-0.02861447,-0.5368774,0.8431748,-0.3028815,-0.932,0.1990949,0,0,0,0,0,27.1244,16.02308,15.71699,14.89776,26.21786,22.28966,5.560606,5.540968,19.01709,I
1,2.387285,0,82.30008,9.537464,1,0.02348864,-0.4895775,-0.8716434,0.4043896,-0.5994036,0.6907853,0.135563,-0.6928679,0.7082067,0.002762523,-0.6344642,0.7729473,-0.07529211,-0.1354471,-0.9879196,0,0,0,0,1,26.1214,18.37938,20.07159,16.83673,53.94192,48.60607,8.025258,6.253328,14.09939,I
1,2.471827,0,82.30008,11.43016,1,0.002309402,-0.5715496,-0.8205643,0.4693268,-0.5018705,0.7265387,0.235812,-0.5054374,0.8300155,0.07298911,-0.5076988,0.8584372,-0.07371097,-0.3171656,-0.9455013,0,0,0,0,1,25.35636,18.15229,17.42028,15.65031,54.04507,51.54604,7.15274,4.837404,14.54219,I
1,2.506529,0,82.30008,13.05163,1,0.04632933,-0.5954409,-0.8020622,0.4178036,-0.4929725,0.7631633,0.2229937,-0.4157384,0.881723,0.05847004,-0.4116757,0.9094528,-0.006576179,-0.3748717,-0.9270533,0,0,0,0,1,24.4719,18.41476,16.70656,14.94434,53.69054,52.977,6.986134,5.125245,15.11525,I
1,2.497031,0,82.30008,13.32016,1,0.04810774,-0.5953242,-0.8020441,0.3773814,-0.5023692,0.7779515,0.1734024,-0.4308518,0.8856061,0.003422568,-0.4373797,0.8992705,-0.006213542,-0.3657691,-0.9306849,0,0,0,0,1,24.41092,18.26343,16.79206,15.30335,53.30386,52.32505,6.903992,5.102186,15.05838,I
1,2.514563,0,82.30008,13.48346,1,0.0728182,-0.5871052,-0.8062289,0.3971638,-0.4904923,0.7756792,0.189594,-0.4128859,0.8908307,0.02600597,-0.4142661,0.9097842,-0.00310845,-0.3703309,-0.9288947,0,0,0,0,1,24.55406,18.16382,16.62027,15.01721,53.19119,52.77649,6.887019,5.174807,15.29856,I
1,2.463427,0,82.30008,11.26806,1,0.02761498,-0.5764712,-0.8166507,0.392559,-0.5179842,0.7599933,0.1656846,-0.4896783,0.8560163,-0.002719652,-0.493215,0.8699032,0.001415267,-0.2889986,-0.9573284,0,0,0,0,1,25.25161,18.33052,17.24635,15.54902,53.67625,51.8284,7.010028,4.86408,14.16401,I
1,2.45879,0,82.30008,11.74689,1,0.04264697,-0.5799485,-0.8135361,0.4138499,-0.5000093,0.7607358,0.1831212,-0.4765973,0.8598382,0.01151887,-0.4806779,0.8768215,-0.001904142,-0.261923,-0.9650869,0,0,0,0,1,25.43369,18.17811,17.14427,15.46536,53.88364,52.49799,6.950738,4.843859,14.39589,I
1,2.465561,0,82.30008,9.751822,1,0.03627814,-0.5781145,-0.8151487,0.4377561,-0.456332,0.7746811,0.1976109,-0.4631458,0.8639709,0.01661097,-0.4698494,0.8825902,0.01154725,-0.2736666,-0.9617553,0,0,0,0,1,25.30533,17.80687,17.15742,15.50273,53.92508,53.07515,6.812679,4.616752,14.71275,I
1,2.487104,0,82.30008,10.35689,1,0.05341581,-0.5714049,-0.8189281,0.4501756,-0.4308248,0.7821329,0.2077914,-0.4506685,0.8681709,0.0241467,-0.4560395,0.8896319,0.01519738,-0.308857,-0.950987,0,0,0,0,1,25.0057,17.60198,17.0128,15.3472,53.80151,52.94618,6.790812,4.627317,15.35717,I
1,2.477117,0,82.30008,10.36336,1,0.05070803,-0.5749194,-0.8166373,0.4505203,-0.4454657,0.7736872,0.2124126,-0.4541052,0.8652568,0.03131005,-0.4591205,0.8878221,0.01603688,-0.3048182,-0.9522756,0,0,0,0,1,25.023,17.81618,17.07983,15.3924,53.88597,52.90979,6.837987,4.688972,14.94713,I
1,2.465983,0,82.30008,10.07872,1,0.03897943,-0.5693634,-0.8211613,0.4387485,-0.4659554,0.7683654,0.2006786,-0.4754358,0.8565564,0.02126979,-0.4859084,0.8737509,0.005880905,-0.2862011,-0.9581515,0,0,0,0,1,25.23482,17.90179,17.21945,15.57661,53.89587,52.42794,6.887968,4.717153,14.71181,I
1,2.473017,0,82.30008,10.73057,1,0.03248034,-0.5747144,-0.8177092,0.4211087,-0.4794862,0.7699094,0.1897057,-0.475257,0.8591522,0.01096782,-0.4819203,0.8761464,-0.007580569,-0.2953057,-0.9553727,0,0,0,0,1,25.29617,17.97206,17.1591,15.51991,53.72442,52.24324,6.893332,4.772588,14.72156,I
1,2.506361,0,82.30008,10.17564,1,0.0555583,-0.5636842,-0.8241198,0.4232584,-0.4829189,0.7665778,0.1873592,-0.4437981,0.8763217,0.01277296,-0.4540553,0.8908819,-0.007346091,-0.3620923,-0.9321133,0,0,0,0,1,24.97068,17.9744,16.8717,15.2621,53.16043,52.03961,6.817557,4.71212,14.86197,I
1,2.533577,0,82.30008,11.82295,1,0.06490709,-0.5760319,-0.8148462,0.4224008,-0.4434645,0.7905167,0.2031418,-0.4147817,0.8869552,0.02880082,-0.4154536,0.9091583,-0.007457212,-0.3900751,-0.9207528,0,0,0,0,1,24.53712,17.56927,16.60547,15.07404,53.09464,52.81841,6.746244,4.726616,15.98717,I
1,2.55855,0,82.30008,14.9879,1,0.09395327,-0.5919533,-0.8004774,0.4395241,-0.4152345,0.7964917,0.2397875,-0.365946,0.8992138,0.06289785,-0.3674258,0.9279236,-0.01417187,-0.437728,-0.8989958,0,0,0,0,1,24.30755,17.59089,16.2725,14.73085,53.05493,53.03913,6.745606,5.005183,16.71745,I
1,2.519428,0,82.30008,14.03551,1,0.06439886,-0.5929754,-0.8026412,0.4094081,-0.411175,0.8144448,0.2257476,-0.382304,0.8960367,0.05372786,-0.4167943,0.9074116,-0.03654614,-0.418895,-0.9072989,0,0,0,0,1,24.33329,17.92075,16.44914,15.06662,53.30519,51.42001,7.041016,5.092392,16.58855,I
1,2.461468,0,82.30008,13.7253,1,0.01985048,-0.6282595,-0.7777506,0.3035484,-0.3561319,0.8837581,0.1466744,-0.374712,0.9154658,-0.03437759,-0.4232233,0.905373,-0.07810064,-0.3630877,-0.928476,0,0,0,0,1,23.28886,18.00945,16.76176,15.60985,53.13102,50.86457,7.315793,5.595527,16.81925,I
1,2.54667,0,82.30008,14.84229,1,-0.01520372,-0.6172464,-0.7866229,0.2932895,-0.3228409,0.8998639,0.1569846,-0.3441141,0.9257113,-0.02454719,-0.3321662,0.9429014,-0.15161,-0.3797667,-0.9125742,0,0,0,0,1,22.76568,17.52716,16.14133,14.81979,52.71304,53.13128,6.816988,5.749971,18.71151,I
1,2.523706,0,82.30008,15.64338,1,0.1098559,-0.6117834,-0.7833599,0.3806837,-0.3193218,0.8678211,0.2038528,-0.3368496,0.919226,0.0214406,-0.3947741,0.918528,-0.02791774,-0.3996779,-0.9162304,0,0,0,0,1,23.85753,17.45391,16.18053,15.02309,53.25066,51.70602,7.054931,5.250348,17.85435,I
1,2.475345,0,82.30008,14.02477,1,0.09341408,-0.6099029,-0.7869512,0.3610061,-0.5284077,0.768414,0.1610043,-0.4351476,0.8858466,6.523775E-06,-0.4424231,0.8968064,0.02175436,-0.3806748,-0.924453,0,0,0,0,1,24.67844,18.87861,17.1713,15.42351,52.81923,51.68531,7.018187,5.404142,14.15119,I
1,2.284191,0,82.30008,10.6321,1,-0.009111177,-0.6100195,-0.792334,0.3481751,-0.5915222,0.7272384,0.1108313,-0.6178466,0.7784484,-0.02860904,-0.6032726,0.7970219,0.07015229,-0.1669127,-0.9834729,0,0,0,0,1,26.4578,20.15744,20.36303,17.31135,52.97272,49.73308,7.837244,5.299798,8.514165,I
1,2.346637,0,82.30008,10.78989,1,0.01629961,-0.583122,-0.8122211,0.3161866,-0.5661011,0.7612855,0.0753003,-0.6018286,0.7950674,-0.05685276,-0.5605994,0.8261331,0.1296295,-0.1447071,-0.9809465,0,0,0,0,1,26.9153,19.32801,19.51412,16.29443,52.59185,49.99848,7.827276,5.306153,9.915136,I
1,2.385924,0,82.30008,11.15279,1,0.04359177,-0.5841281,-0.8104901,0.3293868,-0.5234671,0.7858032,0.09010137,-0.5591759,0.8241384,-0.05025696,-0.517876,0.8539782,0.1406651,-0.143967,-0.979534,0,0,0,0,1,26.71602,18.58362,18.53875,15.68468,52.68684,51.02524,7.620363,5.355943,11.16142,I
1,2.399517,0,82.30008,10.31908,1,0.0424099,-0.5783882,-0.8146585,0.330789,-0.5149966,0.7907953,0.09461267,-0.5415906,0.8353012,-0.05144107,-0.5114918,0.857747,0.1331791,-0.1483167,-0.9799314,0,0,0,0,1,26.64262,18.38167,18.23269,15.60224,52.72988,51.24421,7.444591,5.271444,11.51657,I
1,2.411992,0,82.30008,10.31902,1,0.0463113,-0.5793354,-0.8137726,0.3290365,-0.5088387,0.7954986,0.09672293,-0.5284797,0.8434179,-0.05903185,-0.5038956,0.8617449,0.12255,-0.1430329,-0.9821013,0,0,0,0,1,26.59249,18.23679,17.97585,15.47114,52.77715,51.46487,7.308557,5.256135,11.9386,I
1,2.40185,0,82.30008,9.98982,1,0.03247599,-0.5794598,-0.8143535,0.3437195,-0.5123981,0.7869595,0.1153991,-0.5230845,0.8444322,-0.04901389,-0.511622,0.8578115,0.1123425,-0.1429446,-0.9833341,0,0,0,0,1,26.7211,18.41331,17.9372,15.64626,52.88464,51.70393,7.149864,5.30552,11.561,I
1,2.377037,0,82.30008,9.46871,1,-0.01467093,-0.5802524,-0.8143046,0.3557898,-0.5192946,0.7770113,0.1355275,-0.5192983,0.8437782,-0.01680084,-0.4988,0.8665543,0.1081132,-0.1332967,-0.9851617,0,0,0,0,1,27.27077,18.85643,18.22865,15.70303,52.8896,52.48341,7.267844,5.410921,10.65567,I
1,2.370956,0,82.30008,9.727232,1,-0.0147198,-0.5766017,-0.8168928,0.3545162,-0.5247474,0.773924,0.1344703,-0.5315804,0.8362656,-0.01810746,-0.5124055,0.8585527,0.1089595,-0.125179,-0.9861329,0,0,0,0,1,27.32272,18.90719,18.36243,15.77316,52.87048,52.07859,7.314703,5.347959,10.45467,I
1,2.369418,0,82.30008,9.755465,1,-0.01354813,-0.5780386,-0.815897,0.3545299,-0.526242,0.7729023,0.1346778,-0.5341681,0.8345816,-0.01838975,-0.5137168,0.8577627,0.108851,-0.1306932,-0.9854292,0,0,0,0,1,27.2953,18.93991,18.41025,15.79502,52.85951,52.00135,7.332085,5.358185,10.38702,I
1,2.363652,0,82.30008,9.227387,1,-0.002641959,-0.5773006,-0.8165274,0.3504687,-0.5394807,0.7655927,0.1333842,-0.5379158,0.8323793,-0.01849855,-0.5179797,0.8551928,0.09669221,-0.1369168,-0.9858521,0,0,0,0,1,27.08006,19.10355,18.47126,15.83428,52.91925,51.78263,7.356678,5.362308,10.29534,I
1,2.367624,0,82.30008,9.459328,1,-0.009844841,-0.5978773,-0.8015273,0.3505271,-0.5278695,0.7736179,0.1294035,-0.5269952,0.8399588,-0.01519734,-0.5041064,0.8635078,0.0750617,-0.160235,-0.9842207,0,0,0,0,1,26.64422,18.90986,18.44016,15.81066,53.15455,51.90748,7.428482,5.317107,10.6822,I
1,2.360306,0,82.30008,7.66861,1,0.0166293,-0.5855182,-0.8104886,0.3446649,-0.5291395,0.7753822,0.1173405,-0.5384466,0.8344498,-0.03132022,-0.5291022,0.84798,0.076842,-0.1998836,-0.9768019,0,0,0,0,1,26.44162,19.11852,18.77527,16.26214,52.80317,51.3345,7.322443,5.041752,10.63622,I
1,2.362757,0,82.30008,8.718617,1,-0.005595817,-0.5797892,-0.8147473,0.3406479,-0.5405931,0.7692321,0.1145358,-0.5626761,0.8187045,-0.0292726,-0.545908,0.8373336,0.05406046,-0.2070326,-0.9768392,0,0,0,0,1,26.75988,19.14264,18.99174,16.2951,52.6969,50.49203,7.471939,5.120652,10.3786,I
1,2.381822,0,82.30008,9.079522,1,0.01530431,-0.5821483,-0.8129385,0.347477,-0.5305254,0.7731769,0.1101888,-0.58974,0.8000407,-0.03118297,-0.5669097,0.8231896,0.03160962,-0.2268459,-0.9734175,0,0,0,0,1,26.36984,18.73805,19.26641,16.51377,52.71848,49.89082,7.552068,5.164036,11.33918,I
1,2.438364,0,82.30008,8.816144,1,0.08405878,-0.5705782,-0.81693,0.3719288,-0.459315,0.806659,0.1318918,-0.5150838,0.8469317,-0.04353426,-0.5300959,0.8468193,0.03069835,-0.2317399,-0.9722933,0,0,0,0,1,25.55136,17.8993,17.87508,16.05801,52.96787,51.21438,6.949643,4.737004,13.96563,I
1,2.515515,0,82.30008,10.04463,1,0.1468864,-0.5422219,-0.8272967,0.3999548,-0.3975858,0.8258097,0.1823463,-0.4387786,0.8798995,-0.007204281,-0.438117,0.8988891,0.05985976,-0.3176965,-0.946301,0,0,0,0,1,24.86294,17.24509,16.83088,15.09216,52.76549,52.89438,6.599468,4.691103,15.5362,I
1,2.472232,0,82.30008,8.297341,1,0.08846017,-0.5652469,-0.820165,0.3854439,-0.4309281,0.8159252,0.1745455,-0.4616602,0.8697147,-0.003260532,-0.4684043,0.8835082,0.0369743,-0.3135292,-0.9488584,0,0,0,0,1,25.24341,17.88132,17.31716,15.52109,52.89373,52.25608,6.782745,4.775973,14.40629,I
1,2.455007,0,82.30008,8.101446,1,0.06438511,-0.5750058,-0.815612,0.4035119,-0.4417718,0.8012589,0.165015,-0.4884324,0.8568569,-0.01091478,-0.5057129,0.8626329,0.03568551,-0.3022849,-0.9525495,0,0,0,0,1,25.39703,17.92587,17.71499,15.89038,52.97662,51.2744,6.938166,4.701561,13.76606,I
1,2.5225,0,82.30008,10.04216,1,0.08698082,-0.5706938,-0.8165433,0.3953661,-0.4378262,0.8074614,0.1762398,-0.4446334,0.8782032,-0.007558937,-0.4443914,0.8958008,0.001792303,-0.3876722,-0.9217955,0,0,0,0,1,24.94928,17.65175,16.85764,15.17464,52.3395,51.48018,6.72785,4.755939,14.79458,I
1,2.522995,0,82.30008,9.641932,1,0.09984448,-0.5564332,-0.8248715,0.3909939,-0.4910997,0.7784246,0.1641232,-0.4373616,0.8841823,-0.007184626,-0.4541416,0.8909006,0.006715135,-0.4108578,-0.9116747,0,0,0,0,1,24.71156,18.10973,16.78496,15.32665,52.0895,50.96278,6.745451,4.901988,14.44423,I
1,2.542394,0,82.30008,11.14735,1,0.1140049,-0.5640564,-0.8178284,0.3862225,-0.4700525,0.7936516,0.1712801,-0.4284801,0.8871685,0.006676702,-0.4467698,0.894624,0.001426787,-0.4324867,-0.9016392,0,0,0,0,1,24.55261,17.88406,16.69581,15.25577,51.94513,50.8183,6.80211,4.845688,15.19399,I
1,2.534859,0,82.30008,11.25898,1,0.1111503,-0.570016,-0.8140807,0.3873746,-0.4633538,0.7970221,0.1652712,-0.4297768,0.8876809,-0.000245743,-0.4480089,0.8940291,0.001603666,-0.427008,-0.9042464,0,0,0,0,1,24.53762,17.84001,16.78942,15.31826,52.0388,50.89658,6.813376,4.761529,15.25914,I
1,2.548061,0,82.30008,11.57787,1,0.1123525,-0.5774977,-0.8086243,0.3925977,-0.4379266,0.8087566,0.172587,-0.411047,0.895128,0.005563911,-0.4293192,0.9031357,-0.006632818,-0.4510269,-0.8924857,0,0,0,0,1,24.35196,17.67557,16.66841,15.2265,51.83241,50.89465,6.791282,4.773408,15.48996,I
1,2.523506,0,82.30008,11.67653,1,0.1100916,-0.5830984,-0.8049075,0.3866408,-0.4682052,0.7945394,0.1700851,-0.4189355,0.8919439,0.00927986,-0.4371093,0.8993605,0.001196149,-0.433866,-0.9009767,0,0,0,0,1,24.39639,18.09726,16.86307,15.35498,52.05563,51.04726,6.875415,4.91706,14.93937,I
1,2.519725,0,82.30008,11.22978,1,0.1069084,-0.5823719,-0.805862,0.3847761,-0.4622592,0.7989141,0.1670993,-0.4213364,0.8913773,0.005551477,-0.4429598,0.8965242,0.004039641,-0.4233607,-0.9059522,0,0,0,0,1,24.41863,18.04983,16.88461,15.40102,52.12861,51.06559,6.872791,4.853357,14.93599,I
1,2.523305,0,82.30008,11.11901,1,0.1078838,-0.5872191,-0.8022063,0.3896756,-0.4369392,0.8107016,0.1698852,-0.4100269,0.8961121,0.007899553,-0.4364674,0.8996854,0.001496866,-0.4285967,-0.9034947,0,0,0,0,1,24.33933,17.88755,16.8753,15.40797,52.08577,51.12598,6.871477,4.775079,15.2081,I
1,2.499986,0,82.30008,11.16353,1,0.097477,-0.5860821,-0.8043668,0.3847463,-0.4682671,0.795422,0.1669504,-0.4231225,0.8905588,0.009892522,-0.450413,0.8927655,0.005340911,-0.4009038,-0.9161046,0,0,0,0,1,24.51034,18.22826,17.02158,15.5104,52.40563,51.22817,6.952873,4.898463,14.77171,I
1,2.494506,0,82.30008,11.84469,1,0.09941612,-0.5911599,-0.8004039,0.3737351,-0.4930846,0.7856142,0.1612404,-0.4203143,0.8929375,0.006501745,-0.4407367,0.8976129,0.01042574,-0.4117237,-0.9112491,0,0,0,0,1,24.57783,18.50676,17.05301,15.45307,52.33979,51.322,6.964876,5.106694,14.5228,I
1,2.542079,0,82.30008,12.20543,1,0.119586,-0.5830609,-0.803579,0.3799672,-0.439836,0.8137378,0.1609126,-0.4089215,0.8982707,-0.004126712,-0.4312212,0.9022368,0.001651425,-0.4403163,-0.8978412,0,0,0,0,1,24.40074,17.71326,16.65512,15.22681,51.91842,50.89912,6.82036,4.772125,15.53421,I
1,2.533473,0,82.30008,12.58083,1,0.1079833,-0.5851579,-0.8036976,0.3700892,-0.4713582,0.8005345,0.1535424,-0.4146555,0.8969312,-0.009310359,-0.4286171,0.9034383,0.0007891128,-0.4342463,-0.9007939,0,0,0,0,1,24.47825,17.94962,16.69425,15.20966,51.99424,51.07048,6.84818,4.988027,15.14505,I
1,2.541192,0,82.30008,12.27497,1,0.1127679,-0.5879185,-0.8010213,0.3775356,-0.4468896,0.8110219,0.1598211,-0.4066463,0.8994976,-0.003077845,-0.4221475,0.9065219,0.002000861,-0.4508425,-0.8926013,0,0,0,0,1,24.41371,17.81406,16.69366,15.21765,51.81831,51.00349,6.830618,4.842021,15.3945,I
1,2.531889,0,82.30008,12.3258,1,0.1134547,-0.5836743,-0.8040226,0.3762267,-0.465497,0.801103,0.1603934,-0.4144006,0.8958493,0.0003535971,-0.4296508,0.9029951,0.006089701,-0.4386505,-0.8986371,0,0,0,0,1,24.47367,17.99178,16.74741,15.25375,51.94633,51.04212,6.863506,4.941486,15.16517,I
1,2.533049,0,82.30008,12.2115,1,0.1043283,-0.5845912,-0.8045923,0.3774292,-0.4617699,0.8026928,0.1632478,-0.4140203,0.8955095,0.005210273,-0.434457,0.9006776,-0.008064885,-0.4444643,-0.8957602,0,0,0,0,1,24.53532,17.96221,16.78623,15.26924,51.94862,50.7706,6.906182,4.909447,15.29679,I
1,2.530392,0,82.30008,12.86941,1,0.1045447,-0.5919544,-0.7991623,0.3746569,-0.4483423,0.8115548,0.1635516,-0.4002507,0.9016929,0.007719098,-0.4187227,0.9080814,-0.01271448,-0.44764,-0.8941235,0,0,0,0,1,24.45996,17.95611,16.78899,15.20915,52.02462,50.99467,6.948817,4.935968,15.57111,I
1,2.535699,0,82.30008,13.4607,1,0.1105307,-0.5933719,-0.7973034,0.3721845,-0.4496784,0.8119532,0.163716,-0.390611,0.9058809,0.006007459,-0.4115637,0.9113612,-0.01495966,-0.4512917,-0.8922511,0,0,0,0,1,24.41086,17.95339,16.66842,15.13333,51.96395,51.01931,6.925557,5.050887,15.6149,I
1,2.537636,0,82.30008,13.72323,1,0.1254324,-0.5927849,-0.795533,0.3781162,-0.4007499,0.8345224,0.1688092,-0.3822842,0.9084945,0.009190727,-0.4161802,0.9092357,-0.02803175,-0.4491252,-0.893029,0,0,0,0,1,24.13336,17.61911,16.61279,15.21799,52.06269,50.80677,6.949703,4.846645,16.32465,I
1,2.56388,0,82.30008,15.08933,1,0.1244398,-0.5892915,-0.7982795,0.3688071,-0.3655564,0.854605,0.1721708,-0.3623361,0.9160076,-0.003348476,-0.4024745,0.915425,-0.04142325,-0.4569365,-0.8885342,0,0,0,0,1,23.9959,17.255,16.14818,14.89527,52.14028,50.74573,6.869045,4.916239,17.46198,I
1,2.579849,0,82.30008,16.10959,1,0.1058393,-0.5985537,-0.7940602,0.340103,-0.3089054,0.8882046,0.162136,-0.3305161,0.9297693,-0.0252321,-0.3742675,0.9269775,-0.06393787,-0.4563769,-0.8874864,0,0,0,0,1,23.70728,16.95837,15.78768,14.65028,52.16298,50.91709,6.855101,5.185266,18.63227,I
1,2.600703,0,82.30008,16.93364,1,0.09630842,-0.6054472,-0.790037,0.3189591,-0.2826509,0.90464,0.1547263,-0.3071399,0.9390021,-0.03628565,-0.3467171,0.9372677,-0.07970344,-0.481665,-0.8727234,0,0,0,0,1,23.65388,16.9149,15.64869,14.4708,51.83937,50.9504,6.814291,5.289937,19.32805,I
1,2.562258,0,82.30008,15.09523,1,0.09692319,-0.5900173,-0.8015519,0.3547565,-0.3717345,0.8578818,0.1643473,-0.3601221,0.9183148,-0.01398833,-0.38953,0.9209076,-0.06166322,-0.4524994,-0.8896302,0,0,0,0,1,24.07,17.29616,16.07643,14.74446,52.2603,50.998,6.873354,4.926592,17.81268,I
1,2.5354,0,82.30008,14.53476,1,0.1109397,-0.5909821,-0.7990198,0.3581243,-0.4802094,0.8007159,0.1564635,-0.3982018,0.9038554,-0.006433002,-0.4093088,0.9123732,-0.0331077,-0.4384654,-0.898138,0,0,0,0,1,24.33363,18.06732,16.56429,15.0069,52.14687,51.287,6.889105,5.201581,15.66817,I
1,2.50425,0,82.30008,12.82999,1,0.1033327,-0.572618,-0.8132841,0.3530965,-0.537872,0.7655173,0.1405523,-0.4561165,0.8787507,-0.006330136,-0.4624999,0.8865967,-0.004867394,-0.4268196,-0.9043237,0,0,0,0,1,24.7372,18.61794,17.17478,15.4891,51.95542,50.49149,7.013453,5.335196,14.53278,I
1,2.385522,0,82.30008,9.303626,1,0.04846569,-0.5821379,-0.8116443,0.3449956,-0.5456821,0.7636813,0.1018355,-0.5755001,0.8114365,-0.05016461,-0.5647007,0.8237698,0.01452754,-0.2284116,-0.9734563,0,0,0,0,1,25.99337,18.97254,18.91383,16.4894,52.71935,49.95115,7.39626,4.935302,12.03479,I
1,2.290031,0,82.30008,10.37656,1,-0.007387915,-0.5811086,-0.8137925,0.2807398,-0.6790535,0.6782857,0.05285265,-0.6727158,0.7380109,-0.0713606,-0.646734,0.7593699,0.03301601,-0.227035,-0.9733267,0,0,0,0,1,26.50696,21.02395,21.13463,17.74942,52.23064,46.69363,8.298309,5.351299,8.118312,I
1,2.354153,0,82.30008,9.888696,1,-0.001670809,-0.5794336,-0.8150178,0.304096,-0.6214401,0.7220374,0.07045387,-0.6271053,0.7757417,-0.0669358,-0.6082335,0.7909309,0.01621953,-0.2572123,-0.9662188,0,0,0,0,1,26.46614,19.7813,19.97543,17.14206,52.25487,48.04941,7.738415,5.344267,10.04323,I
1,2.35198,0,82.30008,9.524867,1,0.006935968,-0.582867,-0.812538,0.3050054,-0.6227046,0.7205628,0.055596,-0.6234187,0.7799091,-0.0801938,-0.6035044,0.7933167,0.01575249,-0.2683684,-0.9631876,0,0,0,0,1,26.30519,20.0657,19.72817,17.08202,52.22389,48.11914,7.64146,5.056438,10.1565,I
1,2.338888,0,82.30008,10.08521,1,0.00109695,-0.5821126,-0.8131074,0.2993484,-0.6400824,0.7075911,0.07149087,-0.6255537,0.7768987,-0.06702187,-0.6064813,0.792268,0.02190507,-0.2408473,-0.9703158,0,0,0,0,1,26.3713,20.18826,19.98278,17.12281,52.37616,48.28127,7.757926,5.350897,9.654955,I
1,2.35444,0,82.30008,9.392743,1,0.01744481,-0.5913301,-0.8062409,0.3211685,-0.5914707,0.7396034,0.07191895,-0.5945885,0.8008073,-0.0628809,-0.5778073,0.8137473,0.01580289,-0.2558597,-0.9665847,0,0,0,0,1,26.19232,19.71671,19.43594,16.81643,52.43237,49.11702,7.602896,5.065499,10.76434,I
1,2.325433,0,82.30008,10.5698,1,-0.006222199,-0.5961894,-0.8028196,0.3134566,-0.6328336,0.7080019,0.07293765,-0.6235303,0.7783893,-0.05513827,-0.6035627,0.7954067,0.003459808,-0.2591314,-0.9658359,0,0,0,0,1,26.27449,20.41212,20.01905,17.19742,52.42847,48.16051,7.852069,5.340019,9.525757,I
1,2.36959,0,82.30008,10.83855,1,0.01869389,-0.5821847,-0.8128416,0.3155302,-0.6010125,0.7343192,0.08142129,-0.6339927,0.7690408,-0.05985504,-0.6169423,0.7847289,-0.002274219,-0.2591899,-0.9658237,0,0,0,0,1,26.37565,19.34901,19.94923,17.20697,52.31206,47.98781,7.674441,5.365915,10.76521,I
1,2.398332,0,82.30008,10.91065,1,0.03420772,-0.5535734,-0.8320976,0.2766586,-0.6378118,0.718788,0.0541697,-0.6758471,0.7350485,-0.08577254,-0.6513634,0.7539024,-0.04614749,-0.2650449,-0.9631311,0,0,0,0,1,26.21916,19.37476,20.08228,17.54829,52.06471,46.84251,7.55754,5.387296,11.25826,I
1,2.42816,0,82.30008,10.69375,1,0.08800491,-0.5512093,-0.8297129,0.2799299,-0.621439,0.7317464,0.06197342,-0.6469786,0.7599856,-0.07989914,-0.6096392,0.7886419,-0.02658454,-0.2770149,-0.9604977,0,0,0,0,1,25.60962,19.10744,19.47831,16.85214,52.02098,48.06908,7.447989,5.198072,11.8752,I
1,2.42189,0,82.30008,10.87107,1,0.06261277,-0.5584696,-0.8271586,0.2552781,-0.6549743,0.7112255,0.03590497,-0.6528533,0.756633,-0.1025219,-0.6163759,0.7807497,-0.04693492,-0.3227682,-0.9453136,0,0,0,0,1,25.72251,19.57937,19.69242,17.09344,51.65865,47.24206,7.468655,5.165695,11.71046,I
1,2.440417,0,82.30008,10.3082,1,0.07759342,-0.5534521,-0.8292586,0.2802143,-0.610559,0.7407412,0.06147201,-0.6332933,0.7714666,-0.08313204,-0.6018994,0.794233,-0.01502866,-0.2615668,-0.9650684,0,0,0,0,1,25.81104,18.86433,19.17048,16.67724,52.0401,48.27617,7.374078,5.132895,11.90531,I
1,2.353423,0,82.30008,11.52741,1,0.06335016,-0.5564508,-0.828462,0.2426536,-0.6717111,0.6999454,0.0196787,-0.7042871,0.7096424,-0.1154227,-0.6681105,0.7350551,-0.009369511,-0.2431235,-0.9699501,0,0,0,0,1,26.0688,20.02721,20.88403,17.99749,52.06982,46.71972,7.710012,5.436533,10.82566,I
1,2.312555,0,82.30008,10.56161,1,0.0679196,-0.5591375,-0.8262882,0.2395679,-0.6723389,0.7004054,-0.01076933,-0.7602951,0.6494886,-0.1157821,-0.6936778,0.7109188,0.0417817,-0.2388439,-0.9701587,0,0,0,0,1,26.53306,20.21168,22.64737,18.50692,51.727,44.60132,8.59354,6.14221,9.887493,I
1,2.252229,0,82.30008,10.55207,1,0.06781924,-0.5633151,-0.8234541,0.2249265,-0.6883451,0.6896296,-0.02922179,-0.7694523,0.6380355,-0.1350898,-0.7040201,0.6972134,0.09110794,-0.1823004,-0.9790127,0,0,0,0,1,26.6692,20.70051,23.30881,18.74737,51.81647,44.93373,8.834249,6.137401,9.083257,I
1,2.320249,0,82.30008,13.07185,1,0.02850779,-0.5721787,-0.8196334,0.2777278,-0.7034312,0.6542566,0.05940539,-0.7232975,0.6879765,-0.0632152,-0.6684839,0.7410352,0.003412288,-0.2153653,-0.9765276,0,0,0,0,1,26.36144,20.7442,21.42729,17.97714,52.43944,46.01148,8.219103,5.508545,9.191131,I
1,2.511556,0,82.30008,12.19465,1,0.1107729,-0.5930723,-0.7974927,0.3810588,-0.4514256,0.8068514,0.1657269,-0.4572998,0.8737342,-0.02444611,-0.5108783,0.8593054,-0.07853926,-0.4059178,-0.9105286,0,0,0,0,1,24.76567,17.74617,17.21163,16.04152,52.08323,49.9039,6.863775,4.728096,15.31039,I
1,2.587473,0,82.30008,16.28182,1,0.1579114,-0.5948746,-0.788155,0.3782459,-0.3814588,0.8434567,0.1768236,-0.4009089,0.8988912,-0.005447649,-0.4127289,0.9108376,-0.1156167,-0.443101,-0.888985,0,0,0,0,1,23.89772,17.07547,16.31751,14.93412,52.00414,51.48733,6.671622,4.890594,17.49866,I
1,2.508252,0,82.30008,14.29826,1,0.104587,-0.6004618,-0.7927845,0.3478068,-0.4519383,0.8214512,0.1579001,-0.4433811,0.8823156,-0.01736561,-0.464828,0.8852307,-0.1305127,-0.3886304,-0.9121035,0,0,0,0,1,24.03727,17.96328,16.97586,15.55871,52.46976,50.71836,6.968173,5.011911,16.12274,I
1,2.499636,0,82.30008,14.03712,1,0.06865471,-0.6099468,-0.7894627,0.3035241,-0.432958,0.8487759,0.1198119,-0.4286791,0.8954772,-0.056543,-0.4586305,0.8868263,-0.1681578,-0.3862496,-0.9069367,0,0,0,0,1,23.5835,17.92784,16.96751,15.66734,52.09714,49.79577,7.143842,5.190803,16.32281,I
1,2.466472,0,82.30008,13.35489,1,0.06236,-0.6282137,-0.7755377,0.3019912,-0.4360599,0.8477341,0.1202411,-0.4295035,0.8950244,-0.0612841,-0.4749356,0.8778841,-0.1476899,-0.3810915,-0.9126648,0,0,0,0,1,23.55552,18.26121,17.1879,16.02728,52.2064,49.1125,7.359965,5.263994,15.57249,I
1,2.403118,0,82.30008,13.82591,1,0.0621574,-0.6191255,-0.7828282,0.2691682,-0.5703892,0.7760184,0.09511354,-0.5097511,0.855048,-0.09100328,-0.5669167,0.8187331,-0.1316412,-0.3455469,-0.9291221,0,0,0,0,1,23.89246,19.35666,18.10656,17.23514,52.51667,48.22351,7.511159,5.111044,13.87487,I
1,2.487796,0,82.30008,14.26513,1,0.1160694,-0.5989146,-0.7923567,0.3176476,-0.4920149,0.8105686,0.1215664,-0.4829058,0.867193,-0.05500939,-0.5026249,0.8627526,-0.09855354,-0.3667013,-0.925104,0,0,0,0,1,24.13363,18.14209,17.33276,15.90193,52.6069,49.98616,7.068123,4.976097,15.60958,I
1,2.559007,0,82.30008,14.71919,1,0.1324413,-0.5901136,-0.7963825,0.3688265,-0.4375949,0.8200474,0.1585344,-0.4390414,0.8843695,-0.0172295,-0.4437076,0.896006,-0.1075289,-0.4361288,-0.8934367,0,0,0,0,1,24.29553,17.4676,16.71516,15.18211,51.94511,50.83046,6.781306,4.764267,16.67765,I
1,2.550355,0,82.30008,14.59278,1,0.1288425,-0.58748,-0.798916,0.3586107,-0.4508219,0.8174093,0.1512718,-0.449888,0.8801805,-0.024121,-0.4541423,0.8906026,-0.102576,-0.4187193,-0.9023039,0,0,0,0,1,24.35353,17.55086,16.7783,15.23007,52.09068,50.74986,6.812478,4.802794,16.49684,I
1,2.486283,0,82.30008,14.10333,1,0.09860069,-0.6062031,-0.789174,0.3126385,-0.4962929,0.8099077,0.1168868,-0.4736889,0.8729011,-0.05467169,-0.5020554,0.8631057,-0.07363095,-0.3775866,-0.9230422,0,0,0,0,1,24.60331,18.22092,17.33913,15.91017,52.46132,49.40948,7.204634,4.95575,15.31041,I
1,2.516989,0,82.30008,14.19419,1,0.1028564,-0.6097965,-0.7858554,0.3276533,-0.4622686,0.8239849,0.1280651,-0.4442457,0.8867046,-0.04254119,-0.4653556,0.8841009,-0.07629312,-0.406871,-0.9102941,0,0,0,0,1,24.59304,17.89678,17.02353,15.46363,52.18933,49.92572,7.088542,4.884867,15.74405,I
1,2.516824,0,82.30008,13.82758,1,0.1030549,-0.6057004,-0.788991,0.3354176,-0.4642797,0.8197191,0.1348797,-0.4470335,0.8842899,-0.03693509,-0.4749701,0.8792264,-0.07847747,-0.4045825,-0.911128,0,0,0,0,1,24.61034,17.91428,17.01622,15.53358,52.20595,49.76807,7.098459,4.875642,15.63472,I
1,2.519685,0,82.30008,14.10285,1,0.09950239,-0.6092377,-0.7867202,0.3333217,-0.4600204,0.822969,0.1356623,-0.4420305,0.8866819,-0.03936575,-0.4687595,0.8824483,-0.08266723,-0.4083245,-0.9090859,0,0,0,0,1,24.57294,17.89248,16.94682,15.5083,52.23516,49.89908,7.056934,4.892941,15.80508,I
1,2.504138,0,82.30008,14.82103,1,0.09511562,-0.6162896,-0.7817545,0.3149087,-0.4788577,0.819468,0.1236822,-0.4504499,0.8841932,-0.05482597,-0.4720597,0.8798601,-0.07752372,-0.3889932,-0.917973,0,0,0,0,1,24.51691,18.04288,17.00832,15.59633,52.47298,50.05564,7.049006,4.960569,15.67431,I
1,2.50643,0,82.30008,15.37523,1,0.09233569,-0.6099688,-0.7870274,0.3129898,-0.5140249,0.7986337,0.1094794,-0.4831078,0.8686892,-0.05631368,-0.4572932,0.8875312,-0.08354047,-0.3994274,-0.9129506,0,0,0,0,1,24.4732,18.19794,17.25984,15.37811,52.39051,50.81462,7.025856,4.87394,15.76036,I
1,2.428364,0,82.30008,15.66711,1,0.03763958,-0.6336295,-0.7727205,0.2320247,-0.6162011,0.7526358,0.05921202,-0.5106526,0.8577458,-0.1077998,-0.4951557,0.8620905,-0.06552564,-0.3762465,-0.9241996,0,0,0,0,1,24.47166,19.65242,17.92296,16.09465,52.4807,49.48635,7.224278,5.284474,13.5277,I
1,2.389074,0,82.30008,15.07013,1,-0.01964824,-0.6444572,-0.7643879,0.1676075,-0.6773016,0.716359,0.02880144,-0.5188012,0.8544097,-0.1424235,-0.5179573,0.8434665,-0.04181697,-0.4032193,-0.9141474,0,0,0,0,1,24.37526,20.79898,18.23091,16.65751,52.15349,48.18335,7.299526,5.737616,11.5246,I
1,2.371482,0,82.30008,14.23368,1,-0.01411465,-0.6485863,-0.7610102,0.1564437,-0.6668108,0.7286212,0.002163111,-0.5379912,0.8429477,-0.1678486,-0.542444,0.8231533,-0.02737631,-0.4032846,-0.914665,0,0,0,0,1,24.05784,20.71152,18.68865,17.18292,51.93946,47.46706,7.35869,5.49907,11.11879,I
1,2.378324,0,82.30008,14.03897,1,-0.02703168,-0.6505666,-0.7589679,0.1305345,-0.6627854,0.737344,-0.02334381,-0.5404851,0.8410297,-0.1932685,-0.5455149,0.8155126,-0.0409153,-0.4311924,-0.9013318,0,0,0,0,1,24.08819,20.6643,18.73675,17.29043,51.51591,46.41515,7.399976,5.416953,10.9709,I
1,2.370833,0,82.30008,14.4776,1,-0.05155585,-0.6389834,-0.7674909,0.1108009,-0.700783,0.7047172,-0.02308671,-0.5514002,0.8339213,-0.192289,-0.562129,0.8043854,-0.07135515,-0.4295843,-0.9002032,0,0,0,0,1,24.21942,21.24053,18.79249,17.45349,51.41529,45.71862,7.444605,5.678193,10.22078,I
1,2.376685,0,82.30008,13.83822,1,-0.04223092,-0.6371604,-0.7695733,0.1173255,-0.6847974,0.7192268,-0.02430148,-0.5539767,0.8321774,-0.1950975,-0.5707873,0.7975831,-0.08223668,-0.4293887,-0.8993678,0,0,0,0,1,24.20444,20.93446,18.78275,17.5491,51.36132,45.40646,7.449002,5.480774,10.41096,I
1,2.383865,0,82.30008,14.03002,1,-0.01980064,-0.639643,-0.7684171,0.1226256,-0.6679528,0.7340314,-0.01985599,-0.542446,0.8398559,-0.1920001,-0.5550278,0.8093702,-0.0737242,-0.4076276,-0.9101673,0,0,0,0,1,24.12957,20.63683,18.54057,17.24477,51.61813,46.17128,7.403111,5.433845,11.05436,I
1,2.354128,0,82.30008,15.58243,1,-0.008580305,-0.6421535,-0.766528,0.1283462,-0.694532,0.7079212,-0.01118944,-0.5518671,0.833857,-0.1772027,-0.5636414,0.8067884,-0.05698434,-0.3641044,-0.9296132,0,0,0,0,1,24.16371,21.16952,18.74996,17.31432,51.9518,46.5849,7.474292,5.705161,10.8618,I
1,2.347807,0,82.30008,16.77806,1,-0.005189748,-0.6417461,-0.7668996,0.1332936,-0.7197524,0.6813144,0.008012209,-0.5451765,0.8382829,-0.1560504,-0.548582,0.821405,-0.02831854,-0.3330276,-0.9424917,0,0,0,0,1,24.30787,21.64725,18.53654,16.93498,52.2694,47.58557,7.427554,6.221751,10.71169,I
1,2.334506,0,82.30008,17.56868,1,-0.005656463,-0.6468067,-0.7626331,0.135185,-0.7268224,0.6733902,0.008033171,-0.5472465,0.836933,-0.1538622,-0.5479105,0.8222654,-0.01132021,-0.3148617,-0.9490701,0,0,0,0,1,24.24107,21.83695,18.64864,16.97253,52.3523,47.81645,7.459259,6.485275,10.60481,I
1,2.334715,0,82.30008,18.21082,1,-0.001039987,-0.6506867,-0.7593456,0.1183763,-0.7346036,0.6680902,-0.005639454,-0.5427736,0.8398601,-0.1682899,-0.543142,0.8226027,0.02056924,-0.3287949,-0.9441773,0,0,0,0,1,24.20337,22.03352,18.61463,16.9665,52.22343,47.72025,7.434574,6.757558,10.76466,I
1,2.324162,0,82.30008,17.99611,1,-0.01605042,-0.6494516,-0.7602335,0.1044313,-0.7422501,0.6619357,-0.01576624,-0.5549955,0.8317039,-0.1780723,-0.5542883,0.8130527,0.003429328,-0.3308321,-0.9436834,0,0,0,0,1,24.19746,22.17303,18.83499,17.19532,52.18773,47.38235,7.46574,6.625068,10.46633,I
1,2.300187,0,82.30008,18.5281,1,-0.03716309,-0.6463202,-0.7621608,0.08331008,-0.7722833,0.629792,-0.02961962,-0.5769085,0.8162715,-0.1890434,-0.5749949,0.7960172,-0.005369468,-0.3396207,-0.9405471,0,0,0,0,1,24.28417,22.8223,19.30151,17.60322,52.0472,46.72792,7.538604,6.801172,9.948695,I
1,2.309105,0,82.30008,18.42269,1,-0.03834619,-0.6402335,-0.7672226,0.07032072,-0.7785242,0.6236625,-0.03733527,-0.5773614,0.8156346,-0.1972335,-0.5735446,0.7950758,-0.009085835,-0.3552313,-0.9347343,0,0,0,0,1,24.33395,22.93372,19.23761,17.54466,51.89473,46.46567,7.512727,6.876893,9.909813,I
1,2.292175,0,82.30008,19.0358,1,-0.04178267,-0.6455736,-0.7625543,0.0714401,-0.7857243,0.6144376,-0.03891625,-0.5862246,0.8092133,-0.1952827,-0.5819913,0.789399,-0.01126957,-0.3540149,-0.9351719,0,0,0,0,1,24.34344,23.1635,19.53923,17.75445,51.84596,46.24748,7.584713,6.926027,9.8835,I
1,2.298409,0,82.30008,18.03685,1,-0.04592404,-0.6417766,-0.7655154,0.07920444,-0.7745547,0.6275284,-0.03818516,-0.5868962,0.8087612,-0.1962457,-0.5851632,0.7868111,-0.01244629,-0.3535312,-0.9353399,0,0,0,0,1,24.405,22.89719,19.53512,17.792,51.78878,46.26151,7.550227,6.706562,9.488931,I
1,2.297942,0,82.30008,17.86944,1,-0.06873442,-0.6380647,-0.7669087,0.06937918,-0.7797328,0.6222566,-0.04289453,-0.5845005,0.8102587,-0.2016238,-0.5847464,0.7857605,-0.0149641,-0.3588658,-0.9332692,0,0,0,0,1,24.48526,23.03939,19.53539,17.83649,51.66208,46.11381,7.540078,6.887627,8.824878,I
1,2.327588,0,82.30008,12.9349,1,-0.1095735,-0.6192691,-0.7774956,0.08852968,-0.7190253,0.6893222,-0.04526952,-0.5713059,0.8194878,-0.2110594,-0.5846591,0.7833439,-0.02421457,-0.3644999,-0.9308885,0,0,0,0,1,24.53432,21.78417,19.28312,17.91366,51.52079,46.14702,7.424853,5.986304,6.80741,I
1,2.426621,0.02725534,82.30008,5.353937,1,-0.2120363,-0.5460041,-0.8105061,0.1198132,-0.6539828,0.7469614,-0.02545728,-0.5420005,0.8399925,-0.2046422,-0.5626747,0.8009486,-0.03115818,-0.472999,-0.8805119,0,0,0,0,1,24.76999,20.52747,18.36875,17.32582,50.48175,45.38022,7.128186,5.459943,5.318973,I
1,2.415992,0.03791238,82.30008,6.387125,1,-0.2612168,-0.5102386,-0.8194036,0.1038262,-0.6711876,0.7339805,-0.03852132,-0.5544185,0.831346,-0.2147777,-0.5717403,0.7918229,-0.042368,-0.4709629,-0.881135,0,0,0,0,1,24.93412,20.79124,18.59989,17.51031,50.41792,45.08318,7.16504,5.505386,5.064296,I
1,2.422788,0.03353856,82.30008,5.197855,1,-0.2335221,-0.5165402,-0.8238044,0.1173094,-0.6561099,0.745492,-0.03267589,-0.5530866,0.8324827,-0.2107349,-0.5755373,0.7901568,-0.03658766,-0.4668628,-0.8835725,0,0,0,0,1,24.78002,20.51125,18.52905,17.51468,50.48477,45.09457,7.156152,5.376968,5.547019,I
1,2.43171,0.06279635,82.30008,4.194647,1,-0.1918279,-0.5025581,-0.8429932,0.1214773,-0.6439148,0.755392,-0.03394701,-0.5525407,0.8327943,-0.2121887,-0.5772173,0.7885405,-0.03725293,-0.461917,-0.8861405,0,0,0,0,1,24.16822,20.26195,18.49291,17.49002,50.48222,45.16135,7.156946,5.264433,6.236679,I
1,2.446201,0.09926488,82.30008,5.338141,1,-0.1734848,-0.4973826,-0.850008,0.1352774,-0.6267518,0.7673866,-0.01889312,-0.5461944,0.8374454,-0.1985112,-0.5788503,0.7909018,-0.06018401,-0.4795175,-0.8754661,0,0,0,0,1,23.59488,19.98577,18.38895,17.47839,50.31386,44.82745,7.196805,5.212985,6.689388,I
1,2.418959,0.05854684,82.30008,4.930655,1,-0.2146749,-0.4992937,-0.8394168,0.1155102,-0.6700017,0.7333179,-0.02739453,-0.5640469,0.8252882,-0.2046397,-0.5917603,0.7797066,-0.04605341,-0.4523171,-0.8906673,0,0,0,0,1,24.33735,20.67395,18.61463,17.67838,50.58419,44.68947,7.232521,5.389328,5.370973,I
1,2.397572,0,82.30008,7.430882,1,-0.183807,-0.5563521,-0.8103625,0.1134525,-0.6913602,0.7135471,-0.03566485,-0.5708413,0.8202854,-0.2135545,-0.5859876,0.7816732,-0.004024042,-0.4165737,-0.909093,0,0,0,0,1,25.03745,20.99022,18.72341,17.581,50.9312,45.7734,7.128856,5.699404,4.960156,I
1,2.437148,0,82.30008,6.564667,1,-0.1810312,-0.5530684,-0.81323,0.1309175,-0.6351666,0.761199,-0.03168016,-0.5356193,0.8438651,-0.2134379,-0.5497716,0.8075863,-0.002408137,-0.4325835,-0.9015906,0,0,0,0,1,25.09935,20.02928,18.16575,17.02867,50.74435,46.57751,6.984972,5.404005,6.392865,I
1,2.439439,0.07393923,82.30008,3.044681,1,-0.1479402,-0.5210933,-0.8405804,0.1320437,-0.635002,0.7611418,-0.03191152,-0.5504884,0.8342327,-0.2118351,-0.5746908,0.7904786,-0.03309017,-0.4498623,-0.8924847,0,0,0,0,1,24.16623,20.02041,18.41386,17.39189,50.54514,45.60349,7.102076,5.227417,6.438148,I
1,2.417971,0.04426518,82.30008,4.849057,1,-0.2111658,-0.5100672,-0.8338108,0.1206335,-0.6602497,0.7412947,-0.03207884,-0.5592142,0.8284023,-0.2102552,-0.5826455,0.7850586,-0.03014132,-0.4514127,-0.8918061,0,0,0,0,1,24.41726,20.52438,18.61437,17.59797,50.61326,45.28366,7.159197,5.383852,5.37634,I
1,2.418769,0.03101247,82.30008,4.920928,1,-0.2046893,-0.5244718,-0.8264573,0.1199647,-0.6603072,0.7413521,-0.03606533,-0.5570887,0.8296695,-0.2134911,-0.5752153,0.7896512,-0.01977413,-0.4452169,-0.8952044,0,0,0,0,1,24.72305,20.51899,18.56868,17.45659,50.64532,45.59541,7.126162,5.426966,5.381323,I
1,2.398216,0.01560994,82.30008,6.692295,1,-0.2057466,-0.5499774,-0.8094401,0.0997887,-0.7017404,0.7054096,-0.03918285,-0.5656672,0.8237022,-0.2150265,-0.5816407,0.7845111,-0.0150493,-0.4508367,-0.8924796,0,0,0,0,1,24.91645,21.29284,18.74492,17.59851,50.59255,45.14832,7.179705,5.883548,4.144358,I
1,2.40537,0.02025297,82.30008,5.479975,1,-0.2166711,-0.5272969,-0.8215909,0.1087123,-0.6788987,0.7261393,-0.0405078,-0.5642125,0.8246353,-0.2166916,-0.5807205,0.7847346,-0.01327212,-0.4382896,-0.8987358,0,0,0,0,1,24.95539,20.88274,18.69475,17.55797,50.67802,45.50206,7.146753,5.581394,4.808126,I
1,2.39198,0.01301663,82.30008,6.638028,1,-0.2057105,-0.5512835,-0.8085603,0.09491689,-0.7040582,0.7037703,-0.04338324,-0.5651489,0.8238475,-0.2188951,-0.5793927,0.7851045,-0.0103283,-0.4424818,-0.896718,0,0,0,0,1,24.90872,21.36692,18.77115,17.60255,50.65506,45.33839,7.182162,5.919082,4.055419,I
1,2.384063,0.01133647,82.30008,6.151569,1,-0.2125975,-0.5460538,-0.8103256,0.09465587,-0.7092847,0.698538,-0.04300643,-0.5675134,0.8222402,-0.2166627,-0.5804554,0.7849388,-0.006335223,-0.4382005,-0.898855,0,0,0,0,1,24.88031,21.511,18.86324,17.6362,50.67852,45.46662,7.193172,5.983495,3.71377,I
1,2.375736,0,82.30008,6.10935,1,-0.2179725,-0.5443923,-0.8100154,0.09649228,-0.7087665,0.6988128,-0.04326001,-0.5634987,0.8249835,-0.2166793,-0.5745917,0.7892367,0.021079,-0.4264481,-0.9042664,0,0,0,0,1,24.97852,21.58401,18.86714,17.58003,50.76834,46.04583,7.157905,6.102942,3.578494,I
1,2.373483,0.005245582,82.30008,5.058023,1,-0.1977429,-0.542196,-0.8166525,0.1015348,-0.6986266,0.7082453,-0.0437121,-0.5587379,0.8281915,-0.216082,-0.5715594,0.7915986,0.0399157,-0.4163701,-0.9083186,0,0,0,0,1,24.65027,21.44013,18.85866,17.5521,50.83902,46.36921,7.162932,5.967755,3.594868,I
1,2.395033,0.04649284,82.30008,5.041368,1,-0.1217411,-0.5355733,-0.8356676,0.1134572,-0.6755462,0.7285361,-0.03947243,-0.5570425,0.8295454,-0.2131254,-0.5783731,0.7874402,0.03249258,-0.4432375,-0.8958152,0,0,0,0,1,23.79291,20.96959,18.82826,17.62624,50.50948,45.82389,7.138429,5.575626,4.370722,I
1,2.38733,0.005537851,82.30008,5.426464,1,-0.1937274,-0.5285795,-0.8264825,0.1145891,-0.6898198,0.7148552,-0.03559017,-0.5624219,0.8260841,-0.209818,-0.576167,0.7899418,0.03873613,-0.4200327,-0.9066819,0,0,0,0,1,24.59409,21.16035,18.79247,17.52062,50.83799,46.31495,7.121987,5.770909,4.083871,I
1,2.40715,0.05595285,82.30008,5.816642,1,-0.1526508,-0.5163508,-0.8426622,0.1156223,-0.6756217,0.7281256,-0.03563271,-0.5542805,0.8315669,-0.2096807,-0.5738909,0.7916332,0.01868838,-0.4503547,-0.8926541,0,0,0,0,1,24.06746,20.89349,18.70432,17.49061,50.46465,45.85046,7.112562,5.595649,5.035583,I
1,2.443946,0.06278776,82.30008,12.83991,1,-0.1941322,-0.4483289,-0.872533,0.1254593,-0.6441236,0.7545626,-0.01904805,-0.5382804,0.8425505,-0.194395,-0.5578712,0.8068396,-0.01466122,-0.4734993,-0.8806722,0,0,0,0,1,23.83769,20.29137,18.32241,17.14882,50.32628,45.88275,7.054856,5.379616,8.127867,I
1,2.450031,0.06055673,82.30008,11.95381,1,-0.2121873,-0.4610274,-0.8616439,0.1273777,-0.631852,0.7645509,-0.01533722,-0.5246573,0.8511754,-0.1915198,-0.5448732,0.8163537,-0.01643985,-0.4868326,-0.8733405,0,0,0,0,1,24.5285,20.18525,18.20666,17.02813,50.19141,45.8588,7.059308,5.36466,8.659194,I
1,2.391011,0.03851403,82.30008,5.782729,1,-0.1485501,-0.5274996,-0.836467,0.1073806,-0.6874459,0.7182531,-0.03374054,-0.5586061,0.8287465,-0.2062403,-0.5786545,0.7890652,0.0102047,-0.4430636,-0.8964321,0,0,0,0,1,23.78786,21.19009,18.83861,17.63021,50.52341,45.58683,7.180745,5.666516,4.116457,I
1,2.43275,0.07634297,82.30008,7.973808,1,-0.1756528,-0.4972185,-0.8496587,0.1143452,-0.6616858,0.7410107,-0.03703617,-0.554622,0.8312778,-0.2122484,-0.5736272,0.7911399,-0.01158109,-0.4731844,-0.8808873,0,0,0,0,1,24.16029,20.55214,18.57503,17.41181,50.14587,45.17006,7.102432,5.397393,5.838857,I
1,2.424457,0.06386492,82.30008,4.695381,1,-0.1498227,-0.5300466,-0.8346279,0.1097629,-0.6664715,0.7374062,-0.03606846,-0.5468515,0.8364524,-0.2113906,-0.5661857,0.7967107,-0.007823929,-0.4753214,-0.8797774,0,0,0,0,1,24.05399,20.72039,18.55192,17.37985,50.14278,45.21659,7.122012,5.514722,4.890536,I
1,2.403635,0.0615067,82.30008,5.829957,1,-0.17082,-0.5268036,-0.8326455,0.09824403,-0.6892401,0.7178413,-0.04150603,-0.5569083,0.8295363,-0.2143223,-0.5749565,0.7896145,-0.004864274,-0.4686119,-0.8833907,0,0,0,0,1,24.16785,21.19356,18.78859,17.57829,50.18308,45.07822,7.172061,5.702597,4.174948,I
1,2.408069,0.06134157,82.30008,5.839971,1,-0.1853181,-0.5277585,-0.828932,0.09784821,-0.6866693,0.7203547,-0.04157614,-0.5521839,0.832685,-0.2143974,-0.5684294,0.7943059,-0.00735065,-0.4751878,-0.8798537,0,0,0,0,1,24.32764,21.15895,18.72157,17.48535,50.10221,45.09257,7.161289,5.721226,4.227617,I
1,2.40697,0.07391187,82.30008,6.043295,1,-0.1748592,-0.5235945,-0.8338304,0.08887861,-0.6884658,0.7198023,-0.0506792,-0.5570973,0.8288994,-0.2226074,-0.5731541,0.788632,-0.013059,-0.4760807,-0.8793046,0,0,0,0,1,24.16929,21.169,18.81414,17.58605,50.04534,44.86386,7.182487,5.644233,4.339428,I
1,2.418609,0.08456939,82.30008,12.21728,1,-0.1726478,-0.4760984,-0.8622779,0.08573939,-0.6855617,0.7229481,-0.04510029,-0.5497133,0.8341351,-0.2153986,-0.565344,0.7962347,-0.03093643,-0.4881094,-0.872234,0,0,0,0,1,23.68105,21.13779,18.689,17.42238,49.83994,44.83913,7.158924,5.666024,6.263746,I
1,2.389076,0.06846935,82.30008,20.13103,1,-0.2854563,-0.4002148,-0.8708288,0.07751142,-0.7111217,0.6987831,-0.039072,-0.5411743,0.8400022,-0.2045324,-0.5551134,0.8062354,-0.01804111,-0.4907417,-0.8711183,0,0,0,0,1,25.03852,21.89115,18.8195,17.41413,49.8196,45.25159,7.192474,6.269893,9.797455,I
1,2.474366,0.1201872,82.30008,48.71364,0.172244,-0.648315,-0.03528577,-0.7605541,0.09425193,-0.649253,0.75471,-0.0354466,-0.5180128,0.8546381,-0.2070208,-0.5325351,0.8207001,-0.04563028,-0.5589594,-0.8279385,1,0,0,0,1,31.08729,20.51604,18.20408,16.9072,48.88258,44.6587,6.978642,5.610066,23.30688,I
1,2.477948,0.09758279,82.30008,51.43407,0.09405363,-0.6699671,-0.004179774,-0.742379,0.1097044,-0.6305197,0.7683814,-0.0280979,-0.5098469,0.8598061,-0.2001678,-0.5272422,0.8258017,-0.02880381,-0.5554757,-0.8310338,1,0,0,0,1,31.46229,20.2441,18.16129,16.86132,48.96292,45.04202,6.950612,5.486382,24.54709,I
1,2.436295,0.1225983,82.30008,22.94149,0.9343542,-0.3625252,-0.3312992,-0.8711006,0.08226038,-0.7002952,0.709098,-0.04066314,-0.553129,0.8321027,-0.2105599,-0.5683526,0.7953866,-0.05757978,-0.5195528,-0.852496,0,0,0,0,1,25.9458,21.30738,18.62617,17.36644,49.43428,44.14045,7.149219,5.894074,11.43054,I
1,2.444415,0.1415187,82.30008,38.70765,0.416391,-0.4483854,-0.2240056,-0.8653162,0.09951218,-0.6277058,0.772064,-0.02419881,-0.5234793,0.8516947,-0.1996164,-0.5661981,0.7997331,-0.1019193,-0.5242779,-0.8454261,1,0,0,0,1,28.72053,20.39438,18.39534,17.55293,49.45024,43.82042,7.292442,5.26645,20.24301,I
1,2.356308,0.1276143,82.30008,23.90138,0.9051249,-0.3445803,-0.3534509,-0.8696764,0.05249694,-0.7225379,0.6893352,-0.05367472,-0.5656717,0.8228818,-0.2181195,-0.5995101,0.7700724,-0.09737249,-0.465228,-0.879819,0,0,0,0,1,25.02233,22.14272,19.31271,18.31082,49.83611,43.54689,7.466903,5.830803,11.43512,I
1,2.348754,0.1113433,82.30008,20.7528,1,-0.3139853,-0.3961599,-0.8628271,0.05655959,-0.7154536,0.6963671,-0.05609743,-0.5635114,0.8242014,-0.2203185,-0.5999182,0.769128,-0.08811206,-0.4729991,-0.8766459,0,0,0,0,1,24.43846,22.09055,19.39498,18.39179,49.84817,43.49825,7.494816,5.762346,9.767753,I
1,2.330212,0.1146057,82.30008,20.88775,1,-0.3026359,-0.4054982,-0.8625444,0.04097151,-0.7433003,0.6677021,-0.0647383,-0.5731924,0.8168595,-0.2245731,-0.6040913,0.7646179,-0.08490171,-0.4669597,-0.8801934,0,0,0,0,1,24.4768,22.67536,19.63066,18.49735,49.8114,43.32533,7.537941,6.082808,9.211575,I
1,2.345302,0.1219618,82.30008,21.25153,1,-0.3120539,-0.393694,-0.8646545,0.04571794,-0.7360198,0.6754144,-0.06078457,-0.5688762,0.8201738,-0.2224788,-0.5999081,0.7685138,-0.08799361,-0.4793849,-0.8731822,0,0,0,0,1,24.61907,22.48997,19.47227,18.36219,49.69706,43.24764,7.497386,6.016751,9.649244,I
1,2.349208,0.1506189,82.30008,28.4874,0.7641499,-0.3961134,-0.312727,-0.8633053,0.04659595,-0.731181,0.6805903,-0.06418002,-0.5714321,0.8181359,-0.2252024,-0.6061181,0.7628268,-0.09515742,-0.5013697,-0.8599846,1,0,0,0,1,25.82983,22.43548,19.58859,18.52851,49.35569,42.66328,7.524178,5.91152,13.43056,I
1,2.360621,0.1762883,82.30008,30.8276,0.6960754,-0.4281568,-0.2819359,-0.8586,0.04523652,-0.7357048,0.67579,-0.0640161,-0.5727804,0.8172053,-0.2269541,-0.6100491,0.7591653,-0.1045375,-0.5197642,-0.8478897,1,0,0,0,1,26.44372,22.46794,19.54863,18.5633,49.05011,42.10471,7.516744,5.980823,14.48397,I
1,2.428433,0.2067855,82.30008,35.76891,0.5212045,-0.4867459,-0.202767,-0.8496847,0.07822164,-0.6794979,0.7294957,-0.04663637,-0.5500473,0.8338302,-0.2168503,-0.5919278,0.7762715,-0.1145242,-0.5667527,-0.8158895,1,0,0,0,1,27.61287,21.26062,18.93296,18.06016,48.46239,41.90661,7.359106,5.542706,17.71686,I
1,2.371488,0.1770334,82.30008,26.49883,0.8378012,-0.4063058,-0.3067453,-0.8607107,0.04054001,-0.7320576,0.6800354,-0.08256175,-0.5908018,0.8025814,-0.2501121,-0.6317318,0.7337294,-0.09618867,-0.5178517,-0.8500456,1,0,0,0,1,26.64072,22.23136,19.68098,18.8653,48.92269,41.30429,7.502353,5.766336,12.50571,I
1,2.357437,0.1422204,82.30008,9.467312,1,-0.186455,-0.5484909,-0.8151026,0.01485628,-0.8056807,0.5921637,-0.08827798,-0.6227677,0.7774106,-0.2566506,-0.6456301,0.7192304,-0.0705195,-0.5168535,-0.8531644,0,0,0,0,1,24.55601,23.67628,19.95151,18.96666,49.04403,40.97968,7.407391,7.079583,3.08447,I
1,2.403939,0.1985094,82.30008,9.402888,1,-0.243148,-0.4994258,-0.8315365,0.008207981,-0.798465,0.6019853,-0.0959766,-0.6167407,0.7812934,-0.2672767,-0.6376505,0.7224714,-0.0987459,-0.56651,-0.8181171,0,0,0,0,1,25.03542,23.36257,19.66292,18.71655,48.13857,39.98143,7.301306,7.048506,2.578016,I
1,2.431192,0.207219,82.30008,12.7386,1,-0.2956246,-0.4544131,-0.8403064,0.02450235,-0.7656815,0.642753,-0.09090393,-0.603746,0.7919768,-0.2639182,-0.6254277,0.7342938,-0.1018142,-0.5853708,-0.8043476,0,0,0,0,1,25.18127,22.58165,19.40091,18.47224,47.84375,40.0028,7.242699,6.457929,3.972601,I
1,2.385662,0.1928579,82.30008,10.44377,1,-0.2562047,-0.4941826,-0.8307483,0.01211233,-0.8047239,0.5935258,-0.0912375,-0.6194662,0.7797033,-0.2604579,-0.6447367,0.7186628,-0.08740479,-0.5590163,-0.824537,0,0,0,0,1,24.83735,23.60797,19.81627,18.89761,48.29657,40.06288,7.35498,7.145336,2.819143,I
1,2.379579,0.1894273,82.30008,10.42577,1,-0.2477559,-0.5053926,-0.8265564,0.006146856,-0.8082621,0.5887908,-0.09254478,-0.6137377,0.7840673,-0.2610565,-0.636864,0.7254334,-0.08568711,-0.5600808,-0.8239946,0,0,0,0,1,24.71362,23.77068,19.79541,18.81897,48.29667,40.29068,7.354043,7.381603,2.789699,I
1,2.389066,0.1982079,82.30008,11.39594,1,-0.2677029,-0.4886299,-0.8304071,0.01678495,-0.804495,0.5937222,-0.08418586,-0.612552,0.7859344,-0.2526866,-0.6352443,0.7298042,-0.08517543,-0.5628312,-0.8221716,0,0,0,0,1,24.82982,23.62655,19.71347,18.71091,48.2383,40.37959,7.330101,7.329641,3.241342,I
1,2.444397,0.1902244,82.30008,12.33795,1,-0.2976096,-0.4587168,-0.8372619,0.06090439,-0.7309514,0.6797063,-0.06674806,-0.5902261,0.8044736,-0.2415679,-0.6165635,0.7493293,-0.1014631,-0.5816826,-0.807063,0,0,0,0,1,25.02909,21.84068,19.15248,18.24315,47.9921,40.64205,7.20274,6.065614,4.350092,I
1,2.426248,0.1885409,82.30008,10.46725,1,-0.27196,-0.4752475,-0.8367662,0.04993156,-0.7540524,0.6549135,-0.07171971,-0.6008778,0.796117,-0.2445387,-0.6265489,0.7400251,-0.09530916,-0.5690014,-0.8167948,0,0,0,0,1,24.91937,22.33035,19.35328,18.43158,48.17548,40.586,7.246869,6.363185,3.357105,I
1,2.426279,0.1912806,82.30008,10.24353,1,-0.2694176,-0.4798077,-0.8349842,0.05130812,-0.7541497,0.654695,-0.06987817,-0.5992463,0.7975092,-0.2426537,-0.6254128,0.741605,-0.09607303,-0.5730034,-0.8139024,0,0,0,0,1,24.89767,22.34711,19.34221,18.41452,48.12934,40.54854,7.250015,6.380841,3.272111,I
1,2.42728,0.1769475,82.30008,9.767383,1,-0.2662736,-0.4812297,-0.8351745,0.05356502,-0.7519788,0.6570075,-0.06872642,-0.5977243,0.7987504,-0.2414407,-0.6224182,0.7445146,-0.08837532,-0.5655795,-0.8199449,0,0,0,0,1,24.97246,22.30671,19.295,18.32903,48.21457,40.80516,7.229249,6.372417,3.243544,I
1,2.443022,0.1762903,82.30008,12.47041,1,-0.2848224,-0.4528105,-0.8448898,0.06311708,-0.7330207,0.6772717,-0.06559214,-0.5918609,0.8033668,-0.2401237,-0.6182521,0.7484016,-0.09147967,-0.5676021,-0.8182049,0,0,0,0,1,25.04201,21.85172,19.12862,18.20387,48.19425,40.94196,7.190928,6.099967,4.48897,I
1,2.47351,0.219987,82.30008,13.95636,1,-0.2725419,-0.4180744,-0.8665649,0.06648766,-0.7092934,0.7017708,-0.0703757,-0.5864888,0.8068941,-0.2477255,-0.6156985,0.748029,-0.1216884,-0.5737491,-0.8099406,0,0,0,0,1,24.89868,21.16592,18.91939,18.04658,47.98527,40.6221,7.19996,5.5914,6.312207,I
1,2.475445,0.1813516,82.30008,12.34929,1,-0.2639929,-0.4311814,-0.8627806,0.07451784,-0.7115749,0.6986475,-0.06096177,-0.5889661,0.8058552,-0.2400146,-0.6170487,0.749429,-0.1048123,-0.5647888,-0.8185523,0,0,0,0,1,25.10685,21.18031,18.8182,17.96892,48.19571,41.00409,7.119555,5.682156,5.705577,I
1,2.471713,0.1805728,82.30008,10.89357,1,-0.255237,-0.4382623,-0.861847,0.07179707,-0.7139658,0.6964898,-0.06359211,-0.5905085,0.804522,-0.2434373,-0.6201497,0.7457564,-0.1032609,-0.5635856,-0.8195782,0,0,0,0,1,24.94284,21.22358,18.86255,18.05962,48.22387,40.92373,7.132535,5.698272,5.254581,I
1,2.473787,0.1938365,82.30008,10.9841,1,-0.2544436,-0.4325311,-0.8649713,0.06956016,-0.7123901,0.6983278,-0.06783621,-0.5935928,0.8019014,-0.2478505,-0.6236701,0.741354,-0.1096814,-0.5656431,-0.8173237,0,0,0,0,1,24.84839,21.1576,18.91331,18.12933,48.15593,40.69205,7.152653,5.604089,5.400176,I
1,2.463278,0.1827267,82.30008,10.62207,1,-0.2567985,-0.4453326,-0.857749,0.06708679,-0.7178727,0.6929344,-0.06711891,-0.5928428,0.8025163,-0.2460667,-0.6231349,0.7423976,-0.1071578,-0.5638259,-0.8189124,0,0,0,0,1,24.82933,21.36014,18.97852,18.19263,48.17695,40.73911,7.165185,5.732053,4.847227,I
1,2.4395,0.1975794,82.30008,11.23154,1,-0.2659936,-0.4437609,-0.8557591,0.05137985,-0.7509877,0.6583142,-0.07417142,-0.6113698,0.7878613,-0.2494708,-0.640224,0.7265518,-0.1091512,-0.563078,-0.8191636,0,0,0,0,1,24.75283,22.09492,19.36217,18.56332,48.13302,40.14061,7.24264,6.042806,3.896653,I
1,2.476424,0.2127489,82.30008,13.10954,1,-0.2711633,-0.398061,-0.8763663,0.07059599,-0.6969981,0.7135894,-0.07229976,-0.5927469,0.8021371,-0.2547392,-0.6270932,0.7361128,-0.1332038,-0.5539483,-0.821826,0,0,0,0,1,24.67148,20.81455,18.90671,18.218,48.23127,40.67403,7.20782,5.34776,6.924705,I
1,2.45212,0.1700552,82.30008,10.63198,1,-0.2635404,-0.4460403,-0.855333,0.06280053,-0.7246985,0.6861984,-0.06751864,-0.5938752,0.801719,-0.2436119,-0.6185691,0.7470109,-0.1059941,-0.5526305,-0.8266588,0,0,0,0,1,24.74684,21.54372,19.04424,18.14097,48.39638,41.11818,7.183002,5.829249,4.525101,I
1,2.444913,0.1079022,82.30008,6.633579,1,-0.2013446,-0.4692294,-0.8598163,0.08679327,-0.689679,0.7188948,-0.0536245,-0.5724569,0.8181794,-0.2286323,-0.5872143,0.7764707,-0.07303468,-0.492557,-0.8672102,0,0,0,0,1,24.41694,20.86432,18.67912,17.50163,49.61334,43.80218,7.128403,5.456104,5.611732,I
1,2.469655,0.0638937,82.30008,7.804567,1,-0.1908151,-0.4566269,-0.8689542,0.1068178,-0.6452663,0.7564532,-0.03672097,-0.5414544,0.8399277,-0.2131184,-0.5436165,0.8118261,-0.06110297,-0.4771416,-0.8766997,0,0,0,0,1,24.30865,20.10456,18.1541,16.81797,49.97905,45.71591,6.985056,5.263957,7.842727,I
1,2.446557,0.04918414,82.30008,0.5238375,1,-0.07474367,-0.527113,-0.8465018,0.09299084,-0.6806563,0.7266772,-0.03908644,-0.5451697,0.837414,-0.2126272,-0.5424474,0.8127365,-0.03909037,-0.4630719,-0.8854583,0,0,0,0,1,23.47498,20.76203,18.25424,16.82932,50.18467,46.00351,7.033621,5.656989,5.271484,I
1,2.441277,0.04873949,82.30008,0.9755845,1,-0.1013139,-0.5229233,-0.8463372,0.08244079,-0.6990483,0.7103062,-0.0378607,-0.5431921,0.8387543,-0.2119763,-0.5378988,0.8159233,-0.02847935,-0.4616743,-0.8865923,0,0,0,0,1,23.71292,21.10475,18.19097,16.75359,50.25983,46.22589,7.020816,5.994425,4.708369,I
1,2.455531,0.04850278,82.30008,1.293956,1,-0.0986367,-0.5223898,-0.8469827,0.08734208,-0.689017,0.7194629,-0.03510243,-0.5323536,0.845794,-0.2105701,-0.5285317,0.8223835,-0.02237522,-0.4731285,-0.8807092,0,0,0,0,1,23.79706,20.90244,18.00582,16.59305,50.15038,46.27598,6.981507,6.000688,5.054352,I
1,2.425427,0.04901014,82.30008,3.317209,1,-0.1007949,-0.5359709,-0.8381978,0.06678156,-0.7362404,0.6734169,-0.03920778,-0.5438532,0.8382639,-0.211681,-0.5398851,0.8146872,-0.01812775,-0.4676308,-0.8837379,0,0,0,0,1,23.8292,21.88268,18.25075,16.80321,50.20465,46.00156,7.058747,6.825071,3.257098,I
1,2.424362,0.06003002,82.30008,3.152086,1,-0.1042441,-0.5332962,-0.839481,0.0606722,-0.7430223,0.6665108,-0.04312194,-0.5491013,0.8346426,-0.2150864,-0.5438752,0.8111335,-0.03001027,-0.4753615,-0.8792786,0,0,0,0,1,23.85849,22.01318,18.33654,16.87265,50.07793,45.66356,7.078242,6.860718,3.031043,I
1,2.431246,0.0908228,82.30008,2.387799,1,-0.127203,-0.5198665,-0.8447238,0.05678476,-0.7404945,0.6696591,-0.04677007,-0.5506732,0.8334096,-0.2184332,-0.5457313,0.8089897,-0.05350388,-0.5009222,-0.8638369,0,0,0,0,1,23.81557,22.00019,18.40506,16.94685,49.67797,45.01113,7.086639,6.736144,2.92131,I
1,2.420525,0.08805315,82.30008,2.885644,1,-0.1246936,-0.5256013,-0.8415431,0.05328233,-0.751298,0.6578087,-0.04873259,-0.5543472,0.8308576,-0.2190546,-0.5502251,0.8057712,-0.05592357,-0.4988815,-0.864864,0,0,0,0,1,23.8214,22.26603,18.52697,17.05573,49.65636,44.86543,7.118259,6.970146,2.449926,I
1,2.425695,0.08645097,82.30008,2.225704,1,-0.1244299,-0.5212003,-0.8443148,0.0627071,-0.7358304,0.6742562,-0.04741175,-0.5528529,0.831929,-0.2178503,-0.549062,0.8068905,-0.05884865,-0.4922393,-0.8684684,0,0,0,0,1,23.75148,21.92035,18.50069,17.03481,49.73849,45.03001,7.114631,6.644417,3.009673,I
1,2.423111,0.1024978,82.30008,7.489659,1,-0.1917316,-0.4826924,-0.8545449,0.05690935,-0.7434536,0.6663618,-0.05009538,-0.5583525,0.82809,-0.2197274,-0.5542308,0.8028376,-0.0662689,-0.5037408,-0.8613092,0,0,0,0,1,24.4029,22.10421,18.61249,17.12924,49.55714,44.6869,7.127391,6.669909,3.98575,I
1,2.407438,0.08486854,82.30008,3.812122,1,-0.1176471,-0.5361595,-0.8358781,0.04757467,-0.7658425,0.6412659,-0.04983016,-0.5585858,0.8279487,-0.2184404,-0.5528094,0.8041676,-0.05541764,-0.4939691,-0.8677115,0,0,0,0,1,23.83439,22.62387,18.64413,17.12364,49.71882,44.87348,7.15787,7.227779,2.035607,I
1,2.418753,0.09430481,82.30008,2.907233,1,-0.1252338,-0.5238502,-0.8425542,0.05574817,-0.7477928,0.6615876,-0.04887218,-0.5545484,0.8307151,-0.2185242,-0.5502773,0.8058797,-0.05882873,-0.5019649,-0.8628849,0,0,0,0,1,23.72751,22.23195,18.58522,17.09383,49.60187,44.83938,7.129093,6.862757,2.512975,I
1,2.424534,0.09460071,82.30008,2.636191,1,-0.1245067,-0.527058,-0.8406593,0.05993836,-0.7418925,0.6678345,-0.04657479,-0.5510708,0.8331577,-0.2166182,-0.5468928,0.8086933,-0.06016023,-0.5073668,-0.8596277,0,0,0,0,1,23.78812,22.10276,18.52488,17.03694,49.55037,44.82536,7.118762,6.803842,2.699779,I
1,2.407655,0.07812676,82.30008,4.092376,1,-0.1179252,-0.5376379,-0.8348887,0.05156436,-0.7663232,0.6403826,-0.04562968,-0.5562793,0.8297417,-0.2146953,-0.5509909,0.806421,-0.05076384,-0.4914299,-0.8694364,0,0,0,0,1,23.89937,22.62872,18.60257,17.08233,49.76733,45.05058,7.143443,7.357616,2.02098,I
1,2.438966,0.08996216,82.30008,1.925024,1,-0.1109665,-0.5275024,-0.8422753,0.07221483,-0.7288112,0.680896,-0.04180713,-0.5494254,0.8344961,-0.2136,-0.5460159,0.8100874,-0.05713195,-0.5021569,-0.8628873,0,0,0,0,1,23.8422,21.7241,18.38322,16.92297,49.62359,44.99587,7.078205,6.563132,3.369701,I
1,2.433968,0.09675525,82.30008,2.483672,1,-0.12833,-0.5272704,-0.8399507,0.06385708,-0.733662,0.6765075,-0.04711986,-0.548522,0.8348073,-0.2172484,-0.5431156,0.8110663,-0.06072469,-0.5175474,-0.8534971,0,0,0,0,1,23.93921,21.92229,18.47133,16.9713,49.40099,44.70222,7.10642,6.659776,3.050502,I
1,2.402478,0.0760118,82.30008,4.819057,1,-0.1106131,-0.5440502,-0.8317296,0.04645041,-0.7747178,0.6305986,-0.04750172,-0.5559378,0.8298655,-0.2159655,-0.5508527,0.8061764,-0.04432951,-0.4917199,-0.8696243,0,0,0,0,1,23.89707,22.84691,18.62924,17.09865,49.73782,45.03679,7.150492,7.583313,1.890547,I
1,2.388923,0.07938803,82.30008,5.690267,1,-0.1218326,-0.5426106,-0.831102,0.03152935,-0.7948755,0.6059529,-0.05186697,-0.558087,0.8281599,-0.2189706,-0.551054,0.8052275,-0.03684589,-0.4970632,-0.8669317,0,0,0,0,1,23.9488,23.40297,18.73574,17.15922,49.66553,44.96856,7.171579,8.120862,1.249996,I
1,2.405509,0.08032928,82.30008,4.348506,1,-0.1222847,-0.5365431,-0.8349658,0.04355593,-0.7754821,0.6298654,-0.04971646,-0.5521801,0.8322412,-0.2184733,-0.5460268,0.8087794,-0.03717614,-0.4997435,-0.8653752,0,0,0,0,1,24.00386,22.88681,18.59088,17.04702,49.61797,45.09396,7.125493,7.688605,1.625694,I
1,2.385269,0.07414463,82.30008,5.91261,1,-0.1185065,-0.5431791,-0.8312116,0.03219966,-0.7982198,0.601505,-0.05158839,-0.5597709,0.82704,-0.2179206,-0.5520829,0.8048075,-0.0330952,-0.4900494,-0.8710662,0,0,0,0,1,23.95724,23.49286,18.76099,17.15791,49.72007,45.06858,7.183047,8.186815,1.209397,I
1,2.388303,0.08189912,82.30008,5.764861,1,-0.1254753,-0.5425258,-0.8306152,0.03134477,-0.7990481,0.6004496,-0.05185043,-0.5581168,0.8281408,-0.2183357,-0.5508553,0.8055358,-0.0374003,-0.49863,-0.8660077,0,0,0,0,1,24.10148,23.51896,18.73991,17.14187,49.60052,44.92038,7.177179,8.210325,1.163036,I
1,2.41126,0.08551382,82.30008,3.904021,1,-0.1281892,-0.5352105,-0.8349355,0.04408302,-0.7711716,0.6350992,-0.04888717,-0.5447498,0.8371724,-0.2178582,-0.5377,0.8145038,-0.04177114,-0.5073985,-0.8606985,0,0,0,0,1,24.04545,22.8178,18.50207,16.94954,49.50189,45.15927,7.10791,7.705079,1.803188,I
1,2.432617,0.08885129,82.30008,3.388299,1,-0.1233938,-0.5380139,-0.8338555,0.05164369,-0.7546093,0.6541389,-0.04695112,-0.5376616,0.8418525,-0.2174457,-0.5291808,0.8201738,-0.0484481,-0.5205042,-0.8524835,0,0,0,0,1,24.13026,22.37993,18.32306,16.78595,49.3289,45.07393,7.067843,7.423368,2.449161,I
1,2.420271,0.0903796,82.30008,4.05582,1,-0.1367089,-0.5316029,-0.8358882,0.04304906,-0.7714093,0.6348816,-0.04903351,-0.5453448,0.8367765,-0.2183421,-0.5371395,0.8147441,-0.0482933,-0.5146683,-0.8560282,0,0,0,0,1,24.19852,22.76429,18.4501,16.89835,49.38477,44.96926,7.095188,7.700834,1.864179,I
1,2.437506,0.09340912,82.30008,3.411868,1,-0.1288137,-0.5347793,-0.8351156,0.05551825,-0.7553058,0.6530168,-0.04472558,-0.5418051,0.8393133,-0.2157646,-0.5350343,0.8168133,-0.05314197,-0.5257073,-0.8490039,0,0,0,0,1,24.26817,22.3329,18.32517,16.8098,49.26136,44.81476,7.059302,7.301728,2.632682,I
1,2.432095,0.09490034,82.30008,3.782655,1,-0.1307404,-0.53596,-0.8340586,0.05175499,-0.7605416,0.6472232,-0.04450203,-0.5429487,0.8385859,-0.2146533,-0.5362909,0.8162819,-0.05641675,-0.5258054,-0.8487319,0,0,0,0,1,24.16279,22.47532,18.37109,16.85473,49.27721,44.75074,7.081694,7.444997,2.25519,I
1,2.403704,0.09099056,82.30008,5.140838,1,-0.1404756,-0.5388185,-0.830627,0.02876463,-0.7873024,0.6158957,-0.05207869,-0.5481808,0.8347369,-0.2196331,-0.539019,0.8131542,-0.05405878,-0.5190029,-0.8530614,0,0,0,0,1,24.07843,23.21987,18.59471,17.02,49.37648,44.78976,7.1445,8.085489,1.174496,I
1,2.414496,0.08771469,82.30008,4.638159,1,-0.1267564,-0.5460976,-0.8280762,0.04210686,-0.7732619,0.6326872,-0.04681408,-0.5444198,0.8375055,-0.2153513,-0.5367287,0.8158101,-0.05278319,-0.5208307,-0.8520266,0,0,0,0,1,24.08084,22.85851,18.49772,16.94551,49.36674,44.82839,7.125943,7.764454,1.840233,I
1,2.414322,0.08392484,82.30008,5.124702,1,-0.1263455,-0.5474745,-0.8272294,0.0420623,-0.775564,0.6298661,-0.04656893,-0.545659,0.8367124,-0.2151135,-0.536697,0.8158937,-0.05074898,-0.5160385,-0.8550607,0,0,0,0,1,24.1096,22.88371,18.49278,16.9243,49.42732,44.92165,7.127209,7.803516,1.999552,I
1,2.401244,0.09301665,82.30008,5.681809,1,-0.1332494,-0.5419179,-0.8298009,0.02773155,-0.7961113,0.6045145,-0.05111598,-0.5519423,0.8323141,-0.218881,-0.5426276,0.810954,-0.05114449,-0.5164705,-0.8547763,0,0,0,0,1,24.07616,23.40594,18.62101,17.03564,49.40142,44.75515,7.149024,8.258341,1.295342,I
1,2.414468,0.09590194,82.30008,4.035329,1,-0.1313986,-0.5370763,-0.8332368,0.03657409,-0.7716415,0.6350053,-0.05221649,-0.5431818,0.8379899,-0.2210601,-0.5347896,0.8155565,-0.05530389,-0.5215383,-0.8514337,0,0,0,0,1,23.94216,22.83668,18.51141,16.95829,49.32247,44.86172,7.114251,7.714031,1.682342,I
1,2.387609,0.06637134,82.30008,7.738785,1,-0.1031416,-0.5619378,-0.8207239,0.03227802,-0.7985514,0.6010606,-0.04702739,-0.5489025,0.8345625,-0.2147834,-0.5406945,0.8133373,-0.02894733,-0.4924745,-0.8698453,0,0,0,0,1,23.92141,23.50845,18.61009,17.02245,49.77882,45.39304,7.158968,8.492416,2.448214,I
1,2.406357,0.08846971,82.30008,4.949394,1,-0.1282235,-0.5424505,-0.8302446,0.03313303,-0.7841486,0.6196881,-0.05184763,-0.5476737,0.835084,-0.2207355,-0.5390542,0.8128324,-0.04466047,-0.5077844,-0.8603258,0,0,0,0,1,24.10752,23.10276,18.54027,16.97558,49.50192,45.04801,7.122238,7.993055,1.81475,I
1,2.43496,0.08947536,82.30008,3.24794,1,-0.1260408,-0.5380691,-0.8334239,0.0567663,-0.7498211,0.659201,-0.04408637,-0.536489,0.842755,-0.2149231,-0.5293679,0.8207178,-0.05072831,-0.5195959,-0.8529049,0,0,0,0,1,24.16754,22.2699,18.29181,16.77028,49.35728,45.0774,7.064799,7.296774,2.764985,I
1,2.440408,0.09224883,82.30008,3.21018,1,-0.1218003,-0.5372137,-0.8346054,0.05877414,-0.7448085,0.6646848,-0.04508976,-0.5398148,0.8405753,-0.2161516,-0.5319238,0.8187402,-0.05674938,-0.5236165,-0.8500619,0,0,0,0,1,24.12095,22.11697,18.30469,16.78478,49.30516,44.90868,7.063827,7.10086,2.960412,I
1,2.428694,0.09410252,82.30008,3.199102,1,-0.1314988,-0.5280509,-0.8389698,0.05276835,-0.7577976,0.6503525,-0.04621803,-0.5465088,0.836177,-0.2163113,-0.5393153,0.813848,-0.05435781,-0.5160191,-0.8548506,0,0,0,0,1,24.05633,22.41236,18.42296,16.89563,49.39871,44.87911,7.089758,7.290416,2.358835,I
1,2.392146,0.07412219,82.30008,7.038019,1,-0.1064389,-0.5571706,-0.8235483,0.03434857,-0.7972838,0.6026266,-0.04671085,-0.5531961,0.8317404,-0.2145187,-0.5446515,0.8107629,-0.03469575,-0.4989582,-0.8659313,0,0,0,0,1,23.97333,23.43842,18.63684,17.04494,49.69336,45.1562,7.158836,8.299433,2.156977,I
1,2.404217,0.0757727,82.30008,5.961512,1,-0.1147593,-0.5548217,-0.8240166,0.03892322,-0.7816758,0.6224692,-0.04656213,-0.5455211,0.8368027,-0.2151968,-0.5360905,0.8162704,-0.03899459,-0.5061052,-0.8615897,0,0,0,0,1,24.0355,23.06257,18.52302,16.9408,49.59296,45.22582,7.13127,7.987536,2.109417,I
1,2.384262,0.06664221,82.30008,6.537994,1,-0.114533,-0.5548118,-0.8240547,0.02896882,-0.7997639,0.5996152,-0.0496643,-0.5511838,0.8329045,-0.2158597,-0.5423152,0.8119721,-0.03522687,-0.4919896,-0.8698881,0,0,0,0,1,23.99993,23.5631,18.66734,17.05416,49.75441,45.28827,7.18118,8.401141,1.879115,I
1,2.411361,0.06866954,82.30008,6.357378,1,-0.1072661,-0.5606349,-0.8210861,0.04796618,-0.7711559,0.6348369,-0.04316543,-0.539484,0.8408887,-0.2124355,-0.5308278,0.8204225,-0.03561087,-0.5048075,-0.8624972,0,0,0,0,1,24.07457,22.81043,18.4243,16.85306,49.61134,45.41061,7.111507,7.870193,2.557818,I
1,2.395077,0.06802478,82.30008,7.628181,1,-0.1079176,-0.5631555,-0.8192739,0.03692638,-0.7924302,0.6088439,-0.0437624,-0.5462295,0.8364916,-0.2114365,-0.5369726,0.8166731,-0.03556647,-0.4985704,-0.8661193,0,0,0,0,1,23.99158,23.33848,18.5471,16.94923,49.71587,45.35563,7.154785,8.318986,2.546257,I
1,2.392055,0.06708703,82.30008,7.477229,1,-0.1054797,-0.5625948,-0.8199763,0.03840807,-0.7930352,0.6079639,-0.04393286,-0.5491177,0.8345895,-0.2116642,-0.5407549,0.8141145,-0.03311178,-0.4948399,-0.8683531,0,0,0,0,1,24.00345,23.34898,18.60149,17.00651,49.74777,45.36712,7.15499,8.284853,2.461809,I
1,2.391882,0.07457618,82.30008,6.509746,1,-0.1221993,-0.5513821,-0.8252546,0.02940046,-0.7974215,0.602706,-0.04906474,-0.5482908,0.8348472,-0.2169877,-0.5397592,0.8133734,-0.03787956,-0.4991732,-0.8656738,0,0,0,0,1,24.05447,23.46383,18.59599,17.01704,49.67106,45.3082,7.137668,8.43268,2.002515,I
1,2.423912,0.08160333,82.30008,5.476662,1,-0.1186813,-0.5539504,-0.8240471,0.05175915,-0.7616002,0.6459769,-0.04338932,-0.5378473,0.841925,-0.2137486,-0.5293306,0.8210486,-0.04331672,-0.5156448,-0.8557068,0,0,0,0,1,24.18895,22.54982,18.35745,16.8114,49.46757,45.25716,7.08004,7.588088,2.765826,I
1,2.424044,0.08081695,82.30008,4.96397,1,-0.1164405,-0.5517555,-0.8258374,0.05309113,-0.7617238,0.6457229,-0.04081587,-0.5356973,0.8434231,-0.2107775,-0.527845,0.8227712,-0.04837827,-0.516361,-0.8550034,0,0,0,0,1,24.10785,22.57451,18.33125,16.78446,49.44927,45.22202,7.087343,7.655164,2.535288,I
1,2.421412,0.07228806,82.30008,6.454635,1,-0.1083053,-0.5570971,-0.8233546,0.05178178,-0.7668135,0.6397779,-0.041428,-0.5438465,0.8381615,-0.2119682,-0.5328314,0.8192437,-0.04745546,-0.5100248,-0.8588496,0,0,0,0,1,24.1751,22.63417,18.39504,16.82603,49.5553,45.24119,7.096086,7.684616,2.866198,I
1,2.410769,0.08375586,82.30008,5.725714,1,-0.1229978,-0.5522368,-0.8245642,0.04357701,-0.7751124,0.6303188,-0.0455606,-0.5449916,0.8372027,-0.2146134,-0.5354776,0.8168261,-0.04924991,-0.5105451,-0.8584394,0,0,0,0,1,24.10516,22.86942,18.50043,16.93039,49.54099,45.18208,7.115494,7.805421,2.392813,I
1,2.414163,0.08399256,82.30008,5.244948,1,-0.1199872,-0.5547518,-0.8233186,0.04610791,-0.7713875,0.6346932,-0.04297659,-0.5399231,0.8406165,-0.2116514,-0.5309066,0.8205741,-0.05219808,-0.5189395,-0.8532158,0,0,0,0,1,24.05787,22.82533,18.45218,16.88207,49.43428,45.12135,7.113204,7.797319,2.194628,I
1,2.424441,0.08461445,82.30008,4.667173,1,-0.1240987,-0.545553,-0.8288374,0.05227553,-0.7589253,0.6490759,-0.04400701,-0.5421991,0.8390968,-0.2139124,-0.5336083,0.8182321,-0.05358886,-0.5113373,-0.8577077,0,0,0,0,1,24.08985,22.44963,18.39955,16.86164,49.51921,45.16848,7.093839,7.436608,2.658566,I
1,2.399107,0.07613295,82.30008,6.807727,1,-0.1139413,-0.5555394,-0.8236464,0.04164987,-0.7871351,0.6153727,-0.0432771,-0.5502177,0.833899,-0.2115524,-0.5420122,0.813307,-0.04041635,-0.4931782,-0.8689889,0,0,0,0,1,24.02897,23.1483,18.55055,16.98125,49.79446,45.31892,7.150584,8.036199,2.376644,I
1,2.379949,0.07373074,82.30008,7.896199,1,-0.1067614,-0.5576876,-0.8231564,0.02799323,-0.8099794,0.5857899,-0.04670763,-0.5585182,0.8281762,-0.2136212,-0.5497357,0.8075622,-0.03415792,-0.4894389,-0.8713683,0,0,0,0,1,23.89679,23.75942,18.72666,17.12601,49.86122,45.21735,7.191677,8.5579,2.398213,I
1,2.392014,0.07392348,82.30008,6.956752,1,-0.1106139,-0.5547882,-0.8246058,0.03472477,-0.7966139,0.6034904,-0.04484249,-0.5490404,0.834592,-0.2130726,-0.5408499,0.8136839,-0.03380944,-0.4922124,-0.8698183,0,0,0,0,1,23.96629,23.41161,18.5682,16.99548,49.81055,45.42024,7.148613,8.373441,2.220302,I
1,2.424526,0.08078782,82.30008,4.786255,1,-0.1137556,-0.5505301,-0.8270286,0.0645505,-0.7437802,0.6653001,-0.0406446,-0.5398828,0.8407583,-0.2118757,-0.534465,0.8182029,-0.04510183,-0.4976421,-0.866209,0,0,0,0,1,24.04092,22.13561,18.363,16.86662,49.72287,45.48753,7.08341,7.09978,3.307719,I
1,2.401343,0.07500007,82.30008,8.15794,1,-0.1141859,-0.5618607,-0.8193132,0.04301293,-0.786823,0.6156781,-0.04271186,-0.5487876,0.8348699,-0.2116655,-0.5406715,0.8141696,-0.0364115,-0.491381,-0.8701833,0,0,0,0,1,24.10397,23.11615,18.50662,16.94678,49.83702,45.41389,7.141178,8.097746,3.023545,I
1,2.458982,0.07563312,82.30008,1.692645,1,-0.1163775,-0.5282584,-0.8410704,0.09072027,-0.6936216,0.7146041,-0.03488412,-0.5344296,0.8444929,-0.2091687,-0.5287585,0.8225952,-0.06136575,-0.4934431,-0.8676106,0,0,0,0,1,24.06291,20.99373,18.12228,16.671,49.74643,45.75386,6.999557,6.062338,5.109483,I
1,2.427199,0.06480406,82.30008,6.365686,1,-0.1057716,-0.5594035,-0.8221192,0.06507058,-0.7491038,0.6592491,-0.03683729,-0.5370232,0.8427628,-0.2081837,-0.528337,0.8231158,-0.0329469,-0.4943303,-0.8686496,0,0,0,0,1,24.14183,22.20692,18.24803,16.72004,49.85373,45.78407,7.07021,7.302266,3.577298,I
1,2.42558,0.07132412,82.30008,6.130107,1,-0.1145958,-0.5549186,-0.823974,0.06075852,-0.7565873,0.6510639,-0.03707281,-0.5387597,0.8416434,-0.2087646,-0.5301501,0.8218018,-0.03547071,-0.4991465,-0.8657913,0,0,0,0,1,24.21671,22.36167,18.27691,16.74659,49.78935,45.66209,7.069664,7.441517,3.319769,I
1,2.399331,0.05857245,82.30008,5.490781,1,-0.1110893,-0.5650596,-0.817537,0.0623894,-0.7717769,0.6328253,-0.02924862,-0.5359297,0.8437558,-0.1973281,-0.5291443,0.8252684,-0.03479271,-0.5121791,-0.8581737,0,0,0,0,1,24.1554,22.94649,18.50637,16.90324,49.62737,45.70897,7.098727,7.989106,2.179589,I
1,2.365938,0.02719521,82.30008,6.712403,1,-0.1356367,-0.5566582,-0.819594,0.04656821,-0.8131657,0.5801664,-0.02258943,-0.5320973,0.8463818,-0.185879,-0.5236009,0.8314392,-0.02892452,-0.502704,-0.8639746,0,0,0,0,1,24.30717,24.11679,18.64886,16.9307,49.6927,46.14091,7.148464,9.504142,0.7411131,I
1,2.369968,0.05108276,82.30008,7.422579,1,-0.1751588,-0.5260854,-0.832198,0.04056077,-0.8058825,0.5906844,-0.03469982,-0.5477704,0.8359087,-0.1974593,-0.5360591,0.820762,-0.03721718,-0.5068265,-0.8612444,0,0,0,0,1,24.20309,23.85534,18.84229,17.10844,49.61287,45.67099,7.177257,8.790515,1.195079,I
1,2.36786,0.04194186,82.30008,8.837831,1,-0.2378602,-0.5042828,-0.8301333,0.03611751,-0.8151991,0.5780535,-0.03221263,-0.5465925,0.836779,-0.1953216,-0.533649,0.8228416,-0.03124026,-0.5044685,-0.8628648,0,0,0,0,1,24.91667,24.07669,18.78404,17.04713,49.6844,45.82263,7.17201,9.123166,2.115979,I
1,2.355297,0.03630221,82.30008,7.774276,1,-0.1963436,-0.5204507,-0.8310116,0.02987102,-0.8250189,0.564315,-0.03623206,-0.5528408,0.8324988,-0.1984516,-0.5404037,0.8176679,-0.02766693,-0.4907933,-0.8708366,0,0,0,0,1,24.65796,24.34834,18.88618,17.13628,49.83228,45.87561,7.19526,9.32027,1.170142,I
1,2.38079,0.03959599,82.30008,5.691948,1,-0.1203754,-0.5457979,-0.8292252,0.03847257,-0.8038746,0.5935533,-0.03747678,-0.5422585,0.8393755,-0.2035078,-0.5303954,0.8229613,-0.02059901,-0.4892795,-0.8718837,0,0,0,0,1,24.10491,23.70022,18.5966,16.91805,49.80592,46.11824,7.114757,8.83646,0.8790339,I
1,2.421423,0.07174287,82.30008,5.184685,1,-0.1015746,-0.5506425,-0.8285381,0.05187508,-0.7607688,0.6469465,-0.04640564,-0.5437468,0.8379653,-0.2160635,-0.5317301,0.8188893,-0.03275512,-0.4977062,-0.8667269,0,0,0,0,1,23.97117,22.47858,18.38673,16.79907,49.72328,45.54134,7.10021,7.444758,2.739548,I
1,2.394745,0.0729517,82.30008,6.695983,1,-0.1114519,-0.5515848,-0.8266394,0.04015313,-0.7784084,0.6264728,-0.05259124,-0.5541729,0.8307386,-0.2217442,-0.545105,0.808511,-0.02394818,-0.4718241,-0.8813674,0,0,0,0,1,23.92573,22.9289,18.60781,17.0472,50.03614,45.63324,7.154622,7.731831,2.712692,I
1,2.432466,0.08954833,82.30008,9.528906,1,-0.09033777,-0.5613222,-0.8226521,0.01961619,-0.7829177,0.6218159,-0.05763174,-0.5493562,0.8335984,-0.2270189,-0.5299136,0.8171009,-0.06746502,-0.4882647,-0.8700839,0,0,0,0,1,24.01903,22.77207,18.22698,16.65481,49.79448,45.1833,7.130137,7.742706,4.33025,I
1,2.428518,0.05382005,82.30008,10.9039,1,-0.1468325,-0.5587676,-0.8162224,0.03142507,-0.7751154,0.6310378,-0.04829498,-0.5563123,0.8295687,-0.2249205,-0.5417215,0.8099065,-0.0634247,-0.4700798,-0.8803421,0,0,0,0,1,24.59225,22.57729,18.16582,16.75035,50.1801,45.20347,7.107258,7.46204,4.901052,I
1,2.439196,0.04231349,82.30008,11.59353,1,-0.1497475,-0.5591959,-0.8153991,0.04638088,-0.7465477,0.6637133,-0.04883675,-0.5588761,0.8278118,-0.2284015,-0.5472028,0.805234,-0.06108974,-0.4434957,-0.8941922,0,0,0,0,1,24.92817,21.79897,18.04923,16.74234,50.5792,45.41393,7.095979,6.740529,6.168178,I
1,2.397249,0.004649658,82.30008,9.127142,1,-0.1826094,-0.5219579,-0.8331949,0.02439643,-0.7608882,0.6484242,-0.08826951,-0.6030079,0.7928367,-0.2587605,-0.5878156,0.7664958,-0.06087017,-0.3754065,-0.9248593,0,0,0,0,1,25.0046,21.91595,18.87672,17.47327,51.27122,45.35381,7.246688,6.097214,5.279552,I
1,2.424883,0.02363531,82.30008,6.589371,1,-0.1985102,-0.4762013,-0.8566364,0.01414393,-0.7497607,0.661558,-0.09763696,-0.6154425,0.782111,-0.277106,-0.597666,0.7523348,-0.07698937,-0.3826956,-0.920661,0,0,0,0,1,24.78535,21.47644,18.79002,17.55467,51.06578,44.85832,7.123271,5.865955,4.925038,I
1,2.442297,0.02596161,82.30008,6.645212,1,-0.1898164,-0.4735782,-0.8600543,0.02914177,-0.7401745,0.671783,-0.09211771,-0.6207591,0.7785708,-0.2766488,-0.6046874,0.7468726,-0.07792342,-0.3881013,-0.9183166,0,0,0,0,1,24.77842,21.09832,18.70156,17.56025,51.01273,44.70615,7.051887,5.642122,5.393954,I
1,2.422549,0.01878486,82.30008,6.24017,1,-0.1823299,-0.4712004,-0.8629751,0.02589579,-0.7491576,0.6618853,-0.1014243,-0.6342662,0.766433,-0.2831491,-0.6215301,0.7304292,-0.06631833,-0.3677158,-0.9275705,0,0,0,0,1,24.75806,21.31256,19.04666,17.91115,51.13102,44.40248,7.133497,5.547419,5.222388,I
1,2.430578,0.01526276,82.30008,5.497288,1,-0.1773534,-0.4627241,-0.8685805,0.0287253,-0.7468101,0.6644167,-0.09895094,-0.6322911,0.7683858,-0.2824239,-0.6196014,0.7323461,-0.06320701,-0.3664881,-0.9282733,0,0,0,0,1,24.73549,21.22398,18.93331,17.80606,51.07187,44.51327,7.082719,5.539183,5.263461,I
1,2.405,0.002341765,82.30008,3.946691,1,-0.1966266,-0.4527592,-0.8696821,0.0282285,-0.7476985,0.6634381,-0.1108795,-0.639145,0.7610515,-0.2853548,-0.6288362,0.7232826,-0.06158055,-0.3351223,-0.94016,0,0,0,0,1,24.63649,21.28345,19.31794,18.1021,51.2403,44.69292,7.180521,5.406973,4.800594,I
1,2.411839,0,82.30008,4.298637,1,-0.1798913,-0.4647789,-0.86696,0.04481789,-0.7380738,0.6732299,-0.10386,-0.6368008,0.7640013,-0.2783723,-0.6277586,0.7269306,-0.06000375,-0.3377238,-0.9393307,0,0,0,0,1,24.6807,21.03122,19.25049,18.00856,51.24634,44.82221,7.166803,5.319186,5.348095,I
1,2.41003,0.006837099,82.30008,2.913269,1,-0.2099243,-0.4372225,-0.8745103,0.03980532,-0.7362804,0.6755048,-0.1058737,-0.6383446,0.7624348,-0.2829434,-0.6323053,0.7212026,-0.070033,-0.3369586,-0.9389113,0,0,0,0,1,24.42665,20.99037,19.29092,18.17535,51.23609,44.67329,7.164111,5.278392,4.907098,I
1,2.396243,0,82.30008,6.960915,1,-0.1793975,-0.4772256,-0.8602746,0.03058776,-0.7587038,0.6507173,-0.09941477,-0.6425382,0.7597771,-0.2821867,-0.6375019,0.7169115,-0.0551942,-0.3309761,-0.9420236,0,0,0,0,1,24.67929,21.51359,19.30653,18.27402,51.38539,44.66472,7.155135,5.648998,5.079924,I
1,2.400719,0,82.30008,6.59864,1,-0.1791658,-0.4782984,-0.8597268,0.03256487,-0.754472,0.6555239,-0.0970763,-0.6364555,0.7651801,-0.280806,-0.6329432,0.7214783,-0.06134126,-0.3416627,-0.9378187,0,0,0,0,1,24.73622,21.46207,19.21254,18.20185,51.28526,44.6019,7.147049,5.653449,5.150929,I
1,2.405853,0.00690566,82.30008,5.84764,1,-0.1832124,-0.4712345,-0.8627695,0.02741138,-0.7552058,0.6549143,-0.09928622,-0.6343076,0.7666786,-0.2846621,-0.6293298,0.7231261,-0.06403523,-0.3515794,-0.9339654,0,0,0,0,1,24.74012,21.49186,19.14392,18.14851,51.17613,44.46844,7.127426,5.643897,4.950319,I
1,2.421685,0.007617226,82.30008,6.023555,1,-0.176127,-0.4707571,-0.8645039,0.03180746,-0.7490705,0.6617262,-0.0960266,-0.6305104,0.7702178,-0.2817794,-0.6224537,0.7301725,-0.05911794,-0.3624821,-0.9301139,0,0,0,0,1,24.76543,21.30128,18.97258,17.91755,51.09787,44.55342,7.079282,5.610613,5.252586,I
1,2.412445,0.009236432,82.30008,5.263416,1,-0.1886289,-0.4596496,-0.8678373,0.02670604,-0.7545329,0.6557186,-0.0992814,-0.6347164,0.7663409,-0.2837476,-0.628414,0.7242811,-0.05721738,-0.351421,-0.9344675,0,0,0,0,1,24.73606,21.45101,19.08662,18.05779,51.14474,44.4943,7.10608,5.634631,4.73313,I
1,2.419629,0.01245141,82.30008,5.018133,1,-0.188606,-0.4583197,-0.8685453,0.03228309,-0.7466877,0.664391,-0.09759539,-0.6327981,0.7681417,-0.2824991,-0.6263861,0.7265223,-0.05683747,-0.360996,-0.9308337,0,0,0,0,1,24.74994,21.28638,19.03946,17.99467,51.04978,44.46539,7.084646,5.568894,4.894388,I
1,2.444413,0.01919621,82.30008,4.239689,1,-0.1942178,-0.4446377,-0.8744008,0.03859686,-0.722988,0.6897815,-0.09846514,-0.623104,0.7759162,-0.2853115,-0.6145387,0.7354859,-0.0651589,-0.3688208,-0.9272138,0,0,0,0,1,24.85422,20.71374,18.74791,17.72012,50.97363,44.62251,7.020523,5.366116,5.741695,I
1,2.446345,0.02600864,82.30008,4.24165,1,-0.2044049,-0.4387738,-0.8750407,0.03746968,-0.7286658,0.6838437,-0.09447231,-0.6228048,0.7766526,-0.2819956,-0.6147327,0.7366018,-0.06828728,-0.379975,-0.9224727,0,0,0,0,1,24.9095,20.84672,18.71873,17.6998,50.87284,44.4811,7.009833,5.429454,5.462811,I
1,2.437201,0.01159859,82.30008,3.713498,1,-0.2046554,-0.4344189,-0.8771524,0.0325803,-0.7342874,0.6780564,-0.1045419,-0.6283894,0.7708423,-0.2848951,-0.6151761,0.7351143,-0.06697041,-0.3626001,-0.9295354,0,0,0,0,1,24.8755,20.90216,18.91101,17.72832,51.02852,44.72754,7.065452,5.356756,5.494936,I
1,2.451986,0.02535522,82.30008,4.617103,1,-0.2006801,-0.4454201,-0.8725414,0.03346755,-0.7313885,0.6811393,-0.09669024,-0.620928,0.7778814,-0.2830957,-0.6086083,0.7412508,-0.0739918,-0.3878268,-0.9187576,0,0,0,0,1,24.95224,20.84677,18.66957,17.58689,50.84602,44.55239,6.998936,5.454753,5.572324,I
1,2.431727,0.01188991,82.30008,5.004905,1,-0.1940824,-0.4534833,-0.8698763,0.0321316,-0.746724,0.6643574,-0.09551738,-0.6297022,0.770942,-0.278995,-0.6181346,0.7348955,-0.06648032,-0.3661482,-0.9281788,0,0,0,0,1,24.91065,21.18922,18.89271,17.76181,51.08165,44.65129,7.067479,5.555836,5.214891,I
1,2.426102,0.005404826,82.30008,3.435363,1,-0.1996431,-0.4461267,-0.8724183,0.03338812,-0.7368636,0.6752166,-0.1059504,-0.6286938,0.7704017,-0.2824263,-0.6148709,0.7363214,-0.07045542,-0.3558399,-0.9318873,0,0,0,0,1,24.66317,21.00458,19.03789,17.78407,51.08768,44.85176,7.11319,5.335361,5.207754,I
1,2.426916,0.01640191,82.30008,4.860671,1,-0.187533,-0.4568317,-0.8695609,0.04074004,-0.7392728,0.6721726,-0.09163576,-0.6310938,0.770275,-0.2783179,-0.6254157,0.728968,-0.06641362,-0.3605966,-0.9303544,0,0,0,0,1,24.8243,21.08005,18.93385,17.93532,51.08682,44.52451,7.067848,5.504817,5.322593,I
1,2.418978,0.016668,82.30008,5.016065,1,-0.1941542,-0.4608336,-0.8659887,0.02971741,-0.7469873,0.6641737,-0.09641477,-0.6285812,0.7717447,-0.2808616,-0.6217772,0.7311018,-0.0657097,-0.3630455,-0.9294515,0,0,0,0,1,24.74948,21.31412,18.99247,17.95259,51.06787,44.50877,7.101022,5.60477,4.894962,I
1,2.415409,0.008741973,82.30008,5.542493,1,-0.1852146,-0.4664303,-0.8649499,0.03267479,-0.7506515,0.6598899,-0.09453131,-0.6305949,0.7703336,-0.2787983,-0.6246603,0.729432,-0.06050774,-0.357371,-0.9320004,0,0,0,0,1,24.73668,21.37933,19.01836,17.98001,51.12536,44.56964,7.101398,5.64582,4.934746,I
1,2.434887,0.01857055,82.30008,3.454256,1,-0.2000406,-0.4429475,-0.8739458,0.03399462,-0.727756,0.6849931,-0.1040396,-0.623148,0.7751531,-0.2856997,-0.6129943,0.7366232,-0.07018254,-0.3678503,-0.9272327,0,0,0,0,1,24.65591,20.85069,18.89167,17.77633,50.97852,44.67945,7.07075,5.351839,5.401429,I
1,2.438925,0.02367376,82.30008,4.220137,1,-0.1990139,-0.447619,-0.8717974,0.03406027,-0.7316813,0.6807953,-0.09623492,-0.6216777,0.7773389,-0.2831179,-0.6136753,0.7370529,-0.0706815,-0.3705604,-0.9261151,0,0,0,0,1,24.82888,20.92665,18.75064,17.74605,50.98861,44.59308,7.040449,5.478781,5.479108,I
1,2.440691,0.02714999,82.30008,3.998828,1,-0.2007773,-0.4403895,-0.8750689,0.03182416,-0.7340209,0.6783808,-0.09747714,-0.6236566,0.775597,-0.2837224,-0.6145622,0.7360809,-0.06977744,-0.3698242,-0.9264778,0,0,0,0,1,24.84553,20.9571,18.76224,17.73587,50.97706,44.56271,7.03989,5.494557,5.371292,I
1,2.439785,0.0234228,82.30008,3.555535,1,-0.217578,-0.4274493,-0.8774661,0.04048299,-0.727509,0.6849028,-0.09534276,-0.621661,0.7774621,-0.2774481,-0.6128194,0.7399154,-0.07133838,-0.3692404,-0.9265918,0,0,0,0,1,24.83261,20.82517,18.78961,17.69001,51.01163,44.74203,7.061715,5.365227,5.544805,I
1,2.42995,0.008908262,82.30008,2.931316,1,-0.2190437,-0.4219462,-0.8797621,0.0349281,-0.7296488,0.6829295,-0.1060427,-0.6257047,0.7728186,-0.2814328,-0.6121207,0.7389883,-0.07064598,-0.3547954,-0.9322711,0,0,0,0,1,24.55049,20.84134,18.99352,17.73928,51.11376,44.98997,7.1089,5.273679,5.372962,I
1,2.437683,0.01551618,82.30008,3.389048,1,-0.2286523,-0.4168848,-0.8797302,0.03755338,-0.7277716,0.6847907,-0.103761,-0.6253823,0.7733891,-0.2811623,-0.6121986,0.7390268,-0.07797457,-0.3649224,-0.927767,0,0,0,0,1,24.61217,20.75798,18.93012,17.7125,51.0457,44.84869,7.087263,5.251034,5.458319,I
1,2.432136,0.01735648,82.30008,3.438723,1,-0.2158271,-0.4386307,-0.8723657,0.03451753,-0.7358016,0.6763169,-0.1022395,-0.6256717,0.7733576,-0.2797289,-0.6119669,0.7397623,-0.08007117,-0.3718391,-0.9248375,0,0,0,0,1,24.69449,20.97348,18.96725,17.73727,51.02503,44.72602,7.109656,5.342396,5.187259,I
1,2.434465,0.005137193,82.30008,3.383575,1,-0.2065029,-0.4389142,-0.8744775,0.0480228,-0.7241166,0.6880036,-0.09758458,-0.6241418,0.775193,-0.2747526,-0.6120691,0.7415406,-0.07301042,-0.3504264,-0.9337403,0,0,0,0,1,24.6195,20.68277,18.90915,17.68408,51.18576,45.10258,7.100053,5.253436,5.624438,I
1,2.427397,0.01033652,82.30008,3.485802,1,-0.2135108,-0.4433799,-0.8705329,0.0377473,-0.7337905,0.6783264,-0.09981387,-0.6250226,0.7741989,-0.2775959,-0.6125423,0.7400895,-0.07859423,-0.3571916,-0.9307187,0,0,0,0,1,24.75056,20.95486,18.95986,17.75054,51.13185,44.86314,7.123615,5.344466,5.308347,I
1,2.434784,0.02724185,82.30008,5.029107,1,-0.1936475,-0.463238,-0.8648186,0.0384112,-0.7370183,0.6747804,-0.08898562,-0.6217681,0.7781298,-0.2770483,-0.6149274,0.7383147,-0.07859088,-0.3822301,-0.9207191,0,0,0,0,1,24.8861,21.06168,18.77719,17.78856,50.98087,44.47576,7.058253,5.541029,5.451719,I
1,2.430622,0.02323662,82.30008,4.400297,1,-0.1992166,-0.4526419,-0.8691536,0.03828729,-0.739967,0.6715526,-0.08988317,-0.6265559,0.7741762,-0.2761855,-0.6196137,0.7347112,-0.07281291,-0.3710019,-0.9257731,0,0,0,0,1,24.78878,21.10015,18.86105,17.85176,51.06588,44.55229,7.070646,5.529681,5.11911,I
1,2.430826,0.02419376,82.30008,3.677805,1,-0.2052877,-0.4450435,-0.8716612,0.04004671,-0.7350124,0.67687,-0.08981205,-0.624204,0.7760819,-0.2755953,-0.6171186,0.7370291,-0.07468969,-0.3689735,-0.926434,0,0,0,0,1,24.72647,21.02391,18.84496,17.81902,51.04892,44.63976,7.069637,5.48831,5.161509,I
1,2.438509,0.02472446,82.30008,3.681356,1,-0.2041417,-0.445173,-0.8718643,0.04236885,-0.7291949,0.6829932,-0.08789618,-0.6194451,0.7801038,-0.2745849,-0.6117959,0.7418281,-0.07850158,-0.3740317,-0.9240876,0,0,0,0,1,24.79796,20.88462,18.72271,17.70485,51.01561,44.72227,7.042582,5.454895,5.499998,I
1,2.425512,0.02247096,82.30008,3.987311,1,-0.2062851,-0.444251,-0.87183,0.03103209,-0.7472591,0.6638079,-0.09358926,-0.6280733,0.7725057,-0.2790855,-0.6209531,0.7324811,-0.06953624,-0.3666945,-0.9277391,0,0,0,0,1,24.80569,21.28513,18.91528,17.88777,51.02579,44.50478,7.075831,5.592885,4.790888,I
1,2.441028,0.02979471,82.30008,3.514458,1,-0.2142114,-0.4289384,-0.8775679,0.03618734,-0.7345109,0.6776314,-0.09036623,-0.6211209,0.7784875,-0.276981,-0.6125177,0.7403401,-0.07452578,-0.3756358,-0.923766,0,0,0,0,1,24.79829,20.99152,18.71807,17.68429,50.94781,44.68069,7.023466,5.511071,5.217907,I
1,2.434857,0.01843805,82.30008,3.097259,1,-0.2252591,-0.4156132,-0.881206,0.03281249,-0.728296,0.6844767,-0.1036892,-0.6196234,0.7780201,-0.2801125,-0.6047903,0.745497,-0.07487904,-0.3688957,-0.9264497,0,0,0,0,1,24.60556,20.88393,18.89067,17.61989,50.96811,44.98766,7.085748,5.311296,5.498603,I
1,2.424148,0.02162245,82.30008,3.882861,1,-0.2136821,-0.4431089,-0.8706288,0.03141427,-0.7459188,0.6652957,-0.09334945,-0.6266285,0.773707,-0.2768536,-0.6179781,0.7358364,-0.07072974,-0.3690609,-0.9267099,0,0,0,0,1,24.95426,21.29872,18.91781,17.83262,51.04509,44.5872,7.092614,5.591193,4.9592,I
1,2.424253,0.01867208,82.30008,3.430047,1,-0.2136291,-0.4319855,-0.8762141,0.03855744,-0.7473804,0.6632766,-0.0926779,-0.6328829,0.7686808,-0.2724631,-0.6231806,0.7330824,-0.06915656,-0.3631445,-0.9291628,0,0,0,0,1,24.81789,21.24158,19.02313,17.85698,51.08644,44.67175,7.101295,5.494977,4.804503,I
1,2.41811,0.005029945,82.30008,3.410606,1,-0.2237737,-0.4297144,-0.8747976,0.03913627,-0.7489947,0.6614192,-0.09369326,-0.6342775,0.7674071,-0.2703267,-0.6223295,0.7345948,-0.06702537,-0.3503256,-0.9342267,0,0,0,0,1,24.82437,21.26724,19.09696,17.84067,51.20539,44.88445,7.135228,5.45114,4.775196,I
1,2.429358,0.01475576,82.30008,4.722757,1,-0.2107604,-0.4563046,-0.8645034,0.03782033,-0.7411124,0.670315,-0.0876503,-0.6204661,0.7793198,-0.2724536,-0.6114211,0.7429222,-0.071425,-0.3717958,-0.9255627,0,0,0,0,1,24.94242,21.17897,18.78419,17.69579,51.07513,44.77627,7.072974,5.579459,5.103034,I
1,2.417274,0.01266241,82.30008,4.87126,1,-0.1938196,-0.4607641,-0.8661007,0.03671848,-0.7534078,0.6565275,-0.08540569,-0.6277323,0.7737299,-0.2700028,-0.6210499,0.7357958,-0.06496955,-0.361309,-0.93018,0,0,0,0,1,24.77025,21.44418,18.93419,17.87448,51.16243,44.71786,7.099011,5.708766,4.778603,I
1,2.400647,0,82.30008,2.114384,1,-0.209999,-0.4307882,-0.8776798,0.031257,-0.7506806,0.6599254,-0.1063439,-0.63752,0.7630591,-0.2781225,-0.6251099,0.7293049,-0.066212,-0.3233854,-0.9439481,0,0,0,0,1,24.38457,21.33055,19.32041,18.0238,51.32535,45.10127,7.18411,5.390095,4.578041,I
1,2.397301,0,82.30008,3.525743,1,-0.195981,-0.4476775,-0.8724542,0.03248913,-0.7532547,0.656926,-0.1092146,-0.6474554,0.7542371,-0.2842824,-0.6393707,0.714415,-0.06366994,-0.3276525,-0.9426505,0,0,0,0,1,24.53715,21.34333,19.47139,18.30145,51.31969,44.6133,7.190553,5.384103,4.625686,I
1,2.387411,0,82.30008,3.073404,1,-0.1775148,-0.4579705,-0.8710635,0.03916405,-0.7435057,0.6675817,-0.1122115,-0.6498628,0.7517227,-0.2868276,-0.6466413,0.7068133,-0.06227485,-0.3195282,-0.9455282,0,0,0,0,1,24.32603,21.20295,19.63428,18.52644,51.33602,44.51677,7.227783,5.299222,4.921131,I
1,2.37035,0.007873765,82.30008,3.470884,1,-0.1945352,-0.4539422,-0.8695358,0.03610574,-0.7497665,0.6607168,-0.1188833,-0.6631278,0.739005,-0.2964588,-0.6690933,0.6814883,-0.07479195,-0.3127027,-0.9469019,0,0,0,0,1,24.56358,21.29732,19.97481,19.10172,51.41809,43.83543,7.324952,5.31852,4.886581,I
1,2.36207,0.01332242,82.30008,3.593514,1,-0.1989489,-0.4511585,-0.8699858,0.04209471,-0.7525064,0.6572382,-0.1160456,-0.6705369,0.732744,-0.297467,-0.6854656,0.6645677,-0.07809816,-0.3072605,-0.9484153,0,0,0,0,1,24.58062,21.32628,20.11684,19.46476,51.44911,43.495,7.36468,5.327341,4.675007,I
1,2.337434,0.01916468,82.30008,3.332501,1,-0.2185876,-0.4481819,-0.8668059,0.02831494,-0.7567731,0.6530641,-0.1281839,-0.6744201,0.7271358,-0.3124332,-0.7017393,0.6402714,-0.08313953,-0.2954113,-0.9517457,0,0,0,0,1,24.61437,21.5298,20.38782,20.0739,51.46071,42.96558,7.518752,5.3475,4.293686,I
1,2.345376,0.01615881,82.30008,2.773812,1,-0.2297349,-0.4416623,-0.8672695,0.03574841,-0.7524933,0.657629,-0.1206747,-0.6691979,0.7332202,-0.3027379,-0.6898886,0.6575739,-0.0833241,-0.3045591,-0.9488419,0,0,0,0,1,24.55072,21.4434,20.2491,19.73129,51.46415,43.36573,7.443619,5.316793,4.26222,I
1,2.348064,0.01938602,82.30008,2.721932,1,-0.2288495,-0.4386235,-0.8690439,0.04364632,-0.7470304,0.6633555,-0.1153283,-0.6675975,0.7355359,-0.3007085,-0.6944565,0.6536854,-0.0839025,-0.3064935,-0.9481678,0,0,0,0,1,24.49126,21.31354,20.18306,19.81013,51.44635,43.33341,7.451172,5.297259,4.388702,I
1,2.336001,0.02633142,82.30008,2.144614,1,-0.2196406,-0.4414474,-0.8699898,0.04982765,-0.7418786,0.6686803,-0.1148221,-0.6715969,0.7319655,-0.3039509,-0.7110197,0.6340858,-0.08445089,-0.3069965,-0.9479563,0,0,0,0,1,24.34606,21.28024,20.35095,20.26423,51.41226,42.85433,7.584364,5.278362,4.515681,I
1,2.353987,0.02127513,82.30008,3.548724,1,-0.2188127,-0.460708,-0.8601565,0.04713934,-0.7367352,0.6745362,-0.1127551,-0.6581522,0.7443936,-0.3007652,-0.6895598,0.658823,-0.08617742,-0.3196684,-0.9436024,0,0,0,0,1,24.47949,21.156,20.04252,19.74583,51.3285,43.31143,7.452758,5.302283,4.559738,I
1,2.378078,0.004889424,82.30008,5.00483,1,-0.2155909,-0.4669914,-0.8575777,0.05124966,-0.7331645,0.6781175,-0.09360406,-0.6456317,0.7578904,-0.282401,-0.662342,0.69394,-0.07395532,-0.3292453,-0.9413438,0,0,0,0,1,24.75477,21.06832,19.57133,18.96219,51.39511,44.1827,7.251441,5.401539,4.959506,I
1,2.376883,0.01040674,82.30008,4.720119,1,-0.2048138,-0.4698628,-0.8586503,0.0517577,-0.7340872,0.6770799,-0.09332905,-0.6457047,0.7578621,-0.2833599,-0.6635075,0.692434,-0.06858318,-0.3345251,-0.9398879,0,0,0,0,1,24.57088,21.11249,19.58233,19.00056,51.36203,44.08148,7.257083,5.395373,4.816343,I
1,2.376181,0.01255248,82.30008,3.840131,1,-0.2195347,-0.4619041,-0.8593306,0.04514145,-0.732522,0.6792451,-0.1023362,-0.6446828,0.7575694,-0.2884661,-0.6596057,0.6940516,-0.0774672,-0.3416608,-0.9366252,0,0,0,0,1,24.57404,21.11592,19.65543,18.98515,51.27005,43.97015,7.274049,5.332278,4.714298,I
1,2.386019,0.008754021,82.30008,4.753489,1,-0.2158231,-0.4683137,-0.8567979,0.04336776,-0.7357381,0.6758762,-0.09402147,-0.6366296,0.7654167,-0.2827566,-0.6459621,0.709071,-0.0694743,-0.3489845,-0.9345497,0,0,0,0,1,24.71636,21.18262,19.40053,18.65022,51.29047,44.3218,7.203065,5.444387,4.859159,I
1,2.375391,0.01723386,82.30008,3.393836,1,-0.2360624,-0.4453073,-0.863699,0.04124071,-0.7417603,0.669396,-0.1009193,-0.6467554,0.7559912,-0.2843847,-0.6569271,0.6982637,-0.07348417,-0.3414553,-0.937021,0,0,0,0,1,24.71988,21.30735,19.65857,18.87533,51.30352,44.07243,7.267459,5.380249,4.534383,I
1,2.366646,0.01725974,82.30008,3.402579,1,-0.2325783,-0.4535848,-0.8603303,0.04027072,-0.7453566,0.6654485,-0.1067441,-0.6507887,0.7517179,-0.2849615,-0.6599143,0.695205,-0.07435587,-0.3389681,-0.9378549,0,0,0,0,1,24.63687,21.40072,19.85023,18.97418,51.30485,43.97891,7.320142,5.372026,4.287296,I
1,2.368045,0.009098535,82.30008,3.028397,1,-0.2248031,-0.4480893,-0.8652627,0.04199966,-0.7444773,0.6663254,-0.1082783,-0.6539567,0.7487432,-0.2864876,-0.6621542,0.6924425,-0.07845694,-0.3211458,-0.9437743,0,0,0,0,1,24.54016,21.28688,19.8467,18.96421,51.41533,44.15363,7.308765,5.318819,4.514917,I
1,2.35038,0.004702682,82.30008,3.07304,1,-0.2163753,-0.4617499,-0.8602144,0.03890848,-0.7457781,0.6650574,-0.1151535,-0.6559131,0.7460011,-0.2942935,-0.6705518,0.6809931,-0.07601593,-0.3117917,-0.9471049,0,0,0,0,1,24.40167,21.38255,20.02942,19.30084,51.49716,43.97757,7.390786,5.331777,4.450893,I
1,2.355128,0.01842012,82.30008,1.800844,1,-0.2191281,-0.4419442,-0.8698667,0.05048342,-0.7362315,0.6748441,-0.1082201,-0.6552561,0.7476148,-0.293818,-0.6831003,0.6686142,-0.08202235,-0.3123359,-0.9464241,0,0,0,0,1,24.20142,21.1699,19.97394,19.53964,51.39434,43.63949,7.430716,5.282992,4.678234,I
1,2.351258,0.002907372,82.30008,3.147297,1,-0.2087208,-0.4734075,-0.8557576,0.04934245,-0.7380664,0.6729215,-0.1058111,-0.6488296,0.7535411,-0.2864419,-0.6680306,0.6867942,-0.08176581,-0.3134323,-0.9460838,0,0,0,0,1,24.2447,21.27894,19.93304,19.26206,51.47936,44.11046,7.399171,5.348905,4.518676,I
1,2.385925,0,82.30008,6.707819,1,-0.1948829,-0.5023164,-0.8424363,0.0569744,-0.724401,0.6870204,-0.08548061,-0.6299471,0.7719195,-0.271408,-0.6411124,0.7178527,-0.07639994,-0.3512704,-0.9331517,0,0,0,0,1,24.61167,20.96843,19.36484,18.56167,51.35043,44.69921,7.208055,5.448294,5.456076,I
1,2.32726,0.01083737,82.30008,1.933982,1,-0.1994363,-0.4538628,-0.8684663,0.04245305,-0.7557805,0.6534474,-0.1162037,-0.6753327,0.7283011,-0.2966134,-0.7014425,0.6480733,-0.07345683,-0.2937035,-0.9530699,0,0,0,0,1,24.18447,21.60441,20.4661,19.9932,51.53632,43.3661,7.497949,5.328462,4.192038,I
1,2.317351,0.02508012,82.30008,5.76188,1,-0.2118329,-0.4007946,-0.891342,0.06734973,-0.7175431,0.6932502,-0.110745,-0.6764978,0.7280703,-0.311522,-0.7471535,0.5871251,-0.06925759,-0.2760387,-0.958648,0,0,0,0,1,23.86876,20.90192,20.52048,21.21408,51.426,41.90577,8.20854,5.26138,6.114548,I
1,2.346617,0.01284145,82.30008,3.320481,1,-0.1849343,-0.4033812,-0.8961489,0.04729393,-0.7037264,0.7088953,-0.1270676,-0.6624771,0.7382262,-0.3326952,-0.7222691,0.6063343,-0.07797696,-0.2768777,-0.957736,0,0,0,0,1,24.24022,20.51957,20.14718,20.66685,51.23316,41.83015,8.272598,5.22347,6.929296,I
1,2.342729,0.02215126,82.30008,5.81343,1,-0.2162051,-0.3696958,-0.9036484,0.05351789,-0.711082,0.7010693,-0.1286087,-0.6730563,0.7283234,-0.3313884,-0.737689,0.5882148,-0.09585153,-0.2844051,-0.9539006,0,0,0,0,1,24.66446,20.51941,20.32591,21.13847,51.10977,40.84428,8.822125,5.191881,7.729079,I
1,2.364024,0.03006347,82.30008,2.221311,1,-0.195252,-0.3995561,-0.8956738,0.05189479,-0.7042481,0.7080547,-0.1258516,-0.6595346,0.7410637,-0.340334,-0.7320374,0.5901644,-0.1021932,-0.3029761,-0.9475031,0,0,0,0,1,24.57638,20.30524,19.96564,20.97543,51.03008,41.06479,8.624111,5.187477,7.219423,I
1,2.362469,0.02454091,82.30008,3.426174,1,-0.2020279,-0.3973484,-0.895153,0.05374726,-0.6966248,0.7154196,-0.1213885,-0.6508922,0.7494026,-0.331267,-0.7215695,0.6079471,-0.1002372,-0.3002679,-0.9485735,0,0,0,0,1,24.52363,20.28265,19.8621,20.67899,51.01009,41.45158,8.500066,5.179341,7.352611,I
1,2.379272,0.02623173,82.30008,3.893063,1,-0.2031789,-0.3805659,-0.9021574,0.05359015,-0.692391,0.7195295,-0.1237321,-0.6491129,0.7505617,-0.3335595,-0.7118073,0.6181169,-0.1064705,-0.3037787,-0.9467748,0,0,0,0,1,24.67447,20.10784,19.71065,20.37524,50.92479,41.50143,8.419236,5.138495,8.043892,I
1,2.381479,0.01687592,82.30008,4.629176,1,-0.1955947,-0.3680431,-0.9090033,0.05891927,-0.6931956,0.7183372,-0.1198664,-0.6538132,0.7471012,-0.3228311,-0.7028461,0.633867,-0.09848715,-0.2836783,-0.9538485,0,0,0,0,1,24.51805,20.03712,19.72256,20.0392,51.05634,41.88317,8.360507,5.144485,8.308102,I
1,2.387815,0.004732653,82.30008,6.530842,1,-0.2143913,-0.3386801,-0.9161507,0.06804619,-0.6944063,0.7163585,-0.1133318,-0.6593466,0.7432482,-0.3158748,-0.7036805,0.6364408,-0.09833479,-0.2872985,-0.9527801,0,0,0,0,1,24.66032,19.94883,19.73278,19.93691,51.12084,42.24618,8.208786,5.123806,9.081819,I
1,2.382809,0.007498859,82.30008,7.046845,1,-0.2135624,-0.3361904,-0.9172606,0.06589426,-0.6959599,0.7150509,-0.1153959,-0.663143,0.7395439,-0.3174244,-0.7092532,0.6294455,-0.09530668,-0.2879127,-0.9529024,0,0,0,0,1,24.62185,19.99946,19.83452,20.10759,51.10801,41.96906,8.32396,5.138523,9.037021,I
1,2.392386,0,82.30008,5.217617,1,-0.1969687,-0.3608445,-0.911589,0.07170802,-0.6844127,0.7255599,-0.1082897,-0.6489515,0.7530838,-0.3109858,-0.6949992,0.6482778,-0.09729577,-0.2869873,-0.9529805,0,0,0,0,1,24.49437,19.81755,19.56131,19.70902,51.14529,42.61485,8.154435,5.119554,8.894498,I
1,2.387205,0,82.30008,3.123841,1,-0.1879341,-0.379442,-0.9059275,0.09104149,-0.6650327,0.7412441,-0.09093219,-0.6358132,0.7664678,-0.2909971,-0.6738854,0.6791165,-0.07133115,-0.2375881,-0.9687434,0,0,0,0,1,24.45798,19.57881,19.2652,19.05453,51.71442,45.13184,7.456647,5.099438,9.436687,I
1,2.405002,0,82.30008,1.015971,1,-0.1721513,-0.4225548,-0.8898378,0.09239479,-0.6498875,0.7543935,-0.0901233,-0.6144753,0.7837716,-0.2870548,-0.6420392,0.7109045,-0.06059271,-0.256283,-0.9647008,0,0,0,0,1,24.4503,19.37299,18.90384,18.43125,51.7559,45.80917,7.256375,5.094791,9.032204,I
1,2.393883,0,82.30008,0.9558978,1,-0.1548037,-0.446689,-0.8811951,0.09245772,-0.6420656,0.7610542,-0.09131452,-0.6029234,0.792556,-0.2884725,-0.6281416,0.722649,-0.02764079,-0.2124729,-0.9767759,0,0,0,0,1,24.1839,19.31867,18.73471,18.26202,52.13227,47.2041,7.034134,5.125104,8.841412,I
1,2.364072,0,82.30008,0.8483056,1,-0.1724524,-0.4441035,-0.8792225,0.09505154,-0.6439626,0.7591293,-0.08352688,-0.5970926,0.7978119,-0.2718593,-0.6208494,0.7352813,-0.01841646,-0.1840782,-0.9827391,0,0,0,0,1,23.89928,19.6207,18.87136,18.25311,52.34877,47.66836,7.15636,5.165892,8.682463,I
1,2.380173,0,82.30008,0.3939088,1,-0.1933763,-0.4303162,-0.8817219,0.09170506,-0.6345831,0.7673946,-0.08416573,-0.5847456,0.8068386,-0.2740379,-0.5999237,0.7516613,0.001948542,-0.1966216,-0.9804775,0,0,0,0,1,24.0224,19.45588,18.59631,17.83707,52.34497,48.08735,7.06593,5.143487,8.853815,I
1,2.403044,0,82.30008,0.00416012,1,-0.1917812,-0.4402024,-0.8771783,0.1027422,-0.6148268,0.7819412,-0.07616381,-0.5704871,0.8177673,-0.2642377,-0.5775124,0.7724363,-0.001373507,-0.2240773,-0.9745705,0,0,0,0,1,24.0095,19.1617,18.35884,17.44166,52.27521,48.50882,6.989974,5.11966,9.312877,I
1,2.370023,0,82.30008,0.2672846,1,-0.1997193,-0.4463998,-0.8722611,0.09461514,-0.6327225,0.7685768,-0.0823187,-0.5847424,0.8070316,-0.2686833,-0.5995941,0.7538543,-0.006092824,-0.2056752,-0.9786013,0,0,0,0,1,23.93757,19.57796,18.76336,17.95083,52.29971,47.97336,7.127408,5.165553,8.532513,I
1,2.390572,0,82.30008,0.05261398,1,-0.2104487,-0.4277908,-0.8790372,0.09695713,-0.6266247,0.7732664,-0.07949617,-0.5824822,0.8089468,-0.2691555,-0.5945596,0.7576636,-0.0149761,-0.2126658,-0.9770102,0,0,0,0,1,24.06037,19.32777,18.54542,17.74755,52.30758,48.07276,7.054373,5.143788,9.028504,I
1,2.403282,0,82.30008,1.320184,1,-0.2061571,-0.4144904,-0.8863955,0.1014187,-0.6154073,0.7816573,-0.07786242,-0.5800458,0.8108541,-0.273789,-0.6010122,0.7508821,-0.03267786,-0.2387488,-0.9705314,0,0,0,0,1,23.89332,19.12727,18.50335,17.90097,52.11061,47.80623,7.000208,5.125396,9.626517,I
1,2.408781,0,82.30008,0.8310797,1,-0.2129874,-0.4414701,-0.871631,0.1003973,-0.5960997,0.7966088,-0.07592442,-0.5551849,0.8282543,-0.2699461,-0.5744255,0.7727642,-0.03934978,-0.2623981,-0.964157,0,0,0,0,1,23.80231,19.06854,18.30922,17.59971,51.94994,48.01497,7.008066,5.122948,9.326138,I
1,2.39014,0,82.30008,1.352745,1,-0.2135891,-0.4720314,-0.8553163,0.08353332,-0.6184703,0.7813557,-0.08883079,-0.5650167,0.8202836,-0.2788237,-0.5724798,0.771054,-0.04503989,-0.2537419,-0.9662228,0,0,0,0,1,23.91122,19.39924,18.54671,17.69715,52.07098,48.00159,7.068178,5.132262,8.252443,I
1,2.414008,0,82.30008,2.205557,1,-0.1987087,-0.4989549,-0.8435395,0.0912512,-0.5994247,0.7952128,-0.08543427,-0.5479015,0.8321689,-0.274861,-0.5483557,0.7897832,-0.05378973,-0.287259,-0.9563414,0,0,0,0,1,23.86166,19.11546,18.29968,17.34351,51.90107,48.14651,7.009772,5.120993,8.476957,I
1,2.362337,0,82.30008,1.278554,1,-0.191418,-0.4332548,-0.8807096,0.07398519,-0.6663049,0.742,-0.09483901,-0.6171136,0.7811378,-0.2868187,-0.6348654,0.7174128,-0.05193769,-0.2355934,-0.9704629,0,0,0,0,1,23.44733,19.95064,19.24476,18.6617,52.19943,46.73674,7.212677,5.186915,7.616273,I
1,2.412546,0,82.30008,1.261265,1,-0.2034802,-0.4439178,-0.8726584,0.110565,-0.6426395,0.758149,-0.0659295,-0.6004473,0.7969418,-0.2715921,-0.6214728,0.7348533,-0.09842521,-0.2534779,-0.9623209,0,0,0,0,1,23.83728,19.1106,18.53156,18.19467,52.4805,47.34278,7.119268,5.152197,9.030289,I
