f1, f2, f3, f4, f5, f6, f7, f8, f9, f10, f11, f12, f13, f14, f15, f16, f17, f18, f19, f20, f21, f22, f23, f24, f25, f26, f27, f28, f29, f30, f31, f32, f33, f34, f35, class
0.9884613,1.800701,0,82.89681,65.36185,0.7847075,0.4033608,-0.5830797,-0.7052078,0.1751574,-0.282783,-0.9430555,-0.0891477,-0.1544375,-0.9839724,-0.3628368,-0.3319444,0.8707253,-0.5012752,-0.3390489,0.7960961,0,1,1,0,0,27.78044,66.56621,73.27252,17.18797,16.33313,6.738219,81.07993,8.539577,54.82964,R
1,1.813229,0,82.89681,64.45641,0.7206647,0.3832593,-0.5932798,-0.7079063,0.1500137,-0.3200656,-0.9354432,-0.09160131,-0.182306,-0.9789656,-0.36492,-0.3051453,0.8796134,-0.4875064,-0.317547,0.8133273,0,1,1,0,0,28.1316,66.78037,73.09319,17.39825,16.68594,6.849335,81.61829,8.618283,54.02756,R
1,1.83481,0,82.89681,63.66955,0.7021272,0.3783899,-0.5918869,-0.7116818,0.1278628,-0.3266805,-0.9364459,-0.1162149,-0.2102088,-0.9707247,-0.3875357,-0.2720479,0.8807985,-0.4870864,-0.2978837,0.8209825,0,1,1,0,0,28.28829,66.84106,72.82822,17.06322,16.58319,7.049253,81.21684,8.093243,53.56129,R
1,1.886628,0,82.89681,61.45498,0.6590147,0.3780821,-0.584579,-0.7178589,0.1528805,-0.3868374,-0.9093868,-0.1502135,-0.3046789,-0.9405353,-0.3505583,-0.2821835,0.8930181,-0.4848596,-0.2993114,0.8217809,0,1,1,0,0,28.52096,65.97504,71.80584,17.13715,16.55045,6.716058,79.94292,7.741957,51.41789,R
1,1.878805,0,82.89681,60.77188,0.6120735,0.3761571,-0.6124274,-0.6952974,0.1940234,-0.4371156,-0.8782283,-0.1297841,-0.3303354,-0.9348982,-0.3498056,-0.2334891,0.907259,-0.5038663,-0.238365,0.8302415,0,1,1,0,0,28.36497,65.00579,71.65365,17.72204,16.7975,6.560876,81.05083,9.000876,50.92996,R
1,1.875571,0,82.89681,61.42299,0.6125122,0.4171758,-0.6150072,-0.6691267,0.2215674,-0.4478723,-0.8662091,-0.09609491,-0.3338811,-0.9377042,-0.371548,-0.2084457,0.9047112,-0.5240291,-0.224879,0.8214761,0,1,1,0,0,28.16526,64.83827,71.7807,17.80413,16.91183,6.498928,81.76254,9.420164,51.53117,R
1,1.864547,0,82.89681,62.07979,0.5979135,0.3778216,-0.6279858,-0.6803563,0.2006906,-0.4375669,-0.8765035,-0.07681857,-0.313944,-0.9463287,-0.3752116,-0.2020363,0.9046534,-0.515866,-0.2181292,0.8284334,0,1,1,0,0,28.19015,65.17679,72.13833,17.83328,16.89445,6.691456,82.34395,9.3379,52.12322,R
1,1.878479,0,82.89681,61.77842,0.5210872,0.3236172,-0.6143307,-0.7196316,0.1748425,-0.4195689,-0.8907256,-0.08043562,-0.3132104,-0.9462713,-0.3630518,-0.1941163,0.9113244,-0.4807277,-0.2192821,0.8490089,0,1,1,0,0,29.12153,65.50048,72.10406,17.68941,16.95692,6.833736,82.44058,8.742126,51.03358,R
1,1.886859,0,82.89681,61.66466,0.4880785,0.3279027,-0.6004295,-0.7293589,0.1850967,-0.4085877,-0.8937535,-0.08280077,-0.3001131,-0.9503032,-0.3469174,-0.1993715,0.9164602,-0.454933,-0.2338303,0.8592784,0,1,1,0,0,29.49935,65.56462,72.1527,17.57403,17.03787,6.855011,82.591,8.912493,50.61322,R
1,1.874377,0,82.89681,63.34585,0.5989455,0.4060953,-0.5735558,-0.7114214,0.16355,-0.3366573,-0.9273151,-0.12574,-0.2158413,-0.9682985,-0.3160497,-0.253725,0.9141861,-0.448117,-0.2748411,0.8506783,0,1,1,0,0,28.35818,66.59438,72.58925,17.23883,16.61079,6.741234,82.42738,8.727558,53.26132,R
1,1.800619,0,82.89681,65.37828,0.7682599,0.4124341,-0.5633275,-0.7159332,0.1305621,-0.2833796,-0.9500787,-0.1464238,-0.1786339,-0.9729593,-0.294785,-0.3497364,0.8892616,-0.4312923,-0.3635952,0.825703,0,1,1,0,0,27.70903,66.88115,72.88834,17.28486,16.30855,6.893696,80.8203,8.171077,55.27737,R
1,1.735084,0,82.89681,66.89668,0.8232107,0.4060073,-0.5201307,-0.7514134,0.1401288,-0.1968811,-0.9703616,-0.1369289,-0.1504363,-0.9790911,-0.2741794,-0.4595593,0.8447668,-0.4375829,-0.4633918,0.7705772,0,1,1,0,0,28.54175,66.75249,73.09122,18.16628,16.44378,6.721456,80.18732,7.274753,54.59067,R
1,1.765955,0,82.89681,66.37174,0.7749705,0.4162884,-0.5446877,-0.7280242,0.1488745,-0.2528512,-0.9559826,-0.1590882,-0.1745052,-0.9717196,-0.2713293,-0.4052394,0.8730185,-0.4470085,-0.4102991,0.7948824,0,1,1,0,0,28.23593,66.48034,72.8535,18.30089,16.52034,6.596103,81.35016,8.083202,54.73645,R
1,1.818508,0,82.89681,65.42841,0.7284842,0.4292349,-0.5582567,-0.7100048,0.1688946,-0.3322651,-0.927941,-0.1718362,-0.2179677,-0.9607093,-0.2718498,-0.3547632,0.8945618,-0.4297161,-0.3586892,0.8286653,0,1,1,0,0,27.98968,66.00926,72.47139,17.96523,16.43371,6.824285,81.50925,9.406507,54.31565,R
1,1.751054,0,82.89681,66.89745,0.8222336,0.4005666,-0.5336093,-0.744854,0.1245519,-0.2310547,-0.9649355,-0.1563376,-0.1987446,-0.9675015,-0.2417797,-0.4405527,0.8645553,-0.41325,-0.4402907,0.7971001,0,1,1,0,0,28.21354,66.42568,72.75411,18.31267,16.52589,6.655694,80.23444,7.084954,54.72302,R
1,1.716715,0,82.89681,70.259,0.9627131,0.4380281,-0.5689717,-0.6959904,0.1092342,-0.2183559,-0.9697363,-0.09572258,-0.2448657,-0.9648201,-0.2654766,-0.4409516,0.8573703,-0.4357883,-0.4230074,0.7944515,0,1,1,0,0,27.00719,66.65248,72.78265,18.55422,16.57741,6.862691,79.38373,6.72174,58.23634,R
1,1.787633,0,82.89681,66.02788,0.7534379,0.4368274,-0.5888478,-0.6800295,0.1710978,-0.3448142,-0.9229457,-0.1776607,-0.2733627,-0.9453621,-0.2705793,-0.3506814,0.8965542,-0.455159,-0.3588759,0.8148854,0,1,1,0,0,27.57572,65.80255,72.1218,18.99878,17.03211,6.547859,81.95222,8.637109,55.40149,R
1,1.79559,0,82.89681,66.14624,0.7257678,0.403528,-0.5998123,-0.6909344,0.1649954,-0.3437457,-0.9244541,-0.1860372,-0.2706782,-0.9445229,-0.2764288,-0.3413062,0.8983858,-0.4329306,-0.3415089,0.8342319,0,1,1,0,0,27.92587,65.88859,72.08713,18.72732,16.93834,6.912474,81.705,8.706394,55.19285,R
1,1.725437,0,82.89681,67.8514,0.8510101,0.4305143,-0.5754948,-0.6953152,0.134317,-0.2691794,-0.9536778,-0.1546691,-0.233712,-0.9599251,-0.2733029,-0.4127084,0.8688943,-0.4362282,-0.4188502,0.7964104,0,1,1,0,0,27.49813,66.68304,72.68755,18.95055,17.11242,6.719756,81.03101,6.937238,56.8195,R
1,1.749379,0,82.89681,67.63017,0.8509897,0.4218047,-0.5515442,-0.7196387,0.1187332,-0.2527209,-0.9602264,-0.143919,-0.2173557,-0.9654242,-0.2714098,-0.4360971,0.8579954,-0.4465947,-0.4306782,0.7842637,0,1,1,0,0,27.87098,66.71755,72.75546,18.48286,16.6412,6.636712,80.20403,6.800381,55.91908,R
1,1.731361,0,82.89681,66.64071,0.869918,0.3920542,-0.5573481,-0.7318857,0.1402947,-0.2390357,-0.9608222,-0.1413118,-0.1983702,-0.9698868,-0.2939532,-0.4432023,0.8468549,-0.4575307,-0.4350507,0.7754976,0,1,1,0,0,28.0358,66.58714,72.97054,18.20739,16.52617,6.777591,79.47235,7.056828,55.01908,R
1,1.704924,0,82.89681,66.94648,1,0.4097134,-0.5444394,-0.7319294,0.1443565,-0.2086917,-0.9672688,-0.1115422,-0.2138886,-0.970469,-0.3177089,-0.5030315,0.8037539,-0.4740496,-0.4818549,0.7369483,0,1,1,0,0,27.62262,66.63791,72.97588,18.17747,16.51957,6.895179,76.7585,6.459863,55.61913,R
1,1.722545,0,82.89681,67.12598,0.8782482,0.4386525,-0.5483127,-0.7119953,0.1723081,-0.2291721,-0.9580136,-0.09980749,-0.1941475,-0.9758818,-0.3036005,-0.4429353,0.8435846,-0.4637957,-0.4420659,0.7677703,0,1,1,0,0,27.78189,66.6282,73.19113,18.36162,16.66338,6.750595,80.20765,7.249599,55.82993,R
1,1.685433,0,82.89681,67.77351,0.9135334,0.3444909,-0.6176514,-0.7069885,0.1107955,-0.2469514,-0.962673,-0.1323343,-0.2327844,-0.9634827,-0.329294,-0.4123094,0.8494507,-0.4451977,-0.4198138,0.7909207,0,1,1,0,0,27.27159,66.74423,72.92914,19.08906,17.44804,7.134878,80.28182,6.560009,56.99128,R
1,1.522193,0,82.89681,68.43713,1,0.2777032,-0.6549616,-0.7027847,-0.01571677,-0.1735801,-0.9846944,-0.02603259,-0.2569447,-0.9660755,-0.4420477,-0.5275467,0.7254573,-0.5691887,-0.5180249,0.6384938,0,1,1,0,0,25.63,67.67915,73.13387,20.26887,18.02497,7.604777,72.27372,11.36038,59.3389,R
1,1.54009,0,82.89681,65.72983,1,0.2298286,-0.6583715,-0.7167467,0.009732556,-0.1911974,-0.9815033,-0.1437394,-0.2371452,-0.9607815,-0.4326009,-0.4900347,0.7567843,-0.5749457,-0.4777265,0.6642401,0,1,1,0,0,25.31038,67.18292,73.0947,19.6399,17.60434,7.800235,72.02457,7.769214,57.97696,R
1,1.549903,0,82.89681,65.1356,1,0.221435,-0.6716868,-0.7069677,-0.03128396,-0.2389259,-0.9705337,-0.1113758,-0.2595773,-0.9592784,-0.4298065,-0.4636434,0.774791,-0.5641729,-0.464089,0.6828838,0,1,1,0,0,25.45172,67.22324,73.01934,19.63241,17.6282,7.721055,73.12362,9.041726,57.47894,R
1,1.557879,0,82.89681,65.99281,1,0.2534864,-0.6823068,-0.6857128,-0.02286027,-0.2677615,-0.963214,-0.1156841,-0.2784876,-0.9534473,-0.4164061,-0.4544747,0.7874381,-0.5572146,-0.4693588,0.6849922,0,1,1,0,0,25.27385,67.03346,72.79781,19.77151,17.90268,7.384579,74.17085,8.595933,58.27547,R
1,1.559477,0,82.89681,66.54209,1,0.276774,-0.6586702,-0.6996783,-0.03229262,-0.2552017,-0.9663484,-0.1129622,-0.2883274,-0.9508454,-0.3811766,-0.5017033,0.7765296,-0.5151463,-0.5051737,0.6924044,0,1,1,0,0,25.37237,66.84087,72.62926,20.05334,17.96078,7.418818,73.49184,9.026682,58.16104,R
1,1.578087,0,82.89681,66.20805,1,0.3123361,-0.6716484,-0.6718144,0.03281727,-0.2723278,-0.9616447,-0.109913,-0.2894517,-0.9508611,-0.3927531,-0.4539469,0.7997982,-0.5363157,-0.4545655,0.7111509,0,1,1,0,0,25.39122,66.87742,72.63277,19.88308,17.73743,7.394919,75.67426,7.394899,58.511,R
1,1.690643,0,82.89681,67.7002,0.9892555,0.3854595,-0.6462484,-0.6586227,0.1128139,-0.273672,-0.955184,-0.09472498,-0.2957897,-0.9505449,-0.3492099,-0.3691081,0.8612849,-0.4811488,-0.3511639,0.8032308,0,1,1,0,0,26.33466,66.68658,72.6192,18.75059,16.85246,7.378262,79.27543,6.492802,58.73031,R
1,1.846246,0,82.89681,64.30727,0.7157975,0.444517,-0.5747675,-0.6870568,0.182348,-0.3844312,-0.9049652,-0.1434702,-0.2752546,-0.9506057,-0.2776705,-0.3136332,0.9080382,-0.4432858,-0.3242972,0.8356608,0,1,1,0,0,27.5155,65.55122,72.2951,17.71387,16.38355,6.720632,81.31007,9.51847,54.13921,R
1,1.799069,0,82.89681,62.57822,0.9053425,0.4532132,-0.5673049,-0.6875776,0.2010357,-0.3966988,-0.8956644,-0.06711061,-0.3182924,-0.9456141,-0.3171725,-0.4281881,0.8462012,-0.5095018,-0.4086143,0.7572598,0,1,1,0,0,26.89022,65.39209,72.19637,17.39929,15.86043,6.946793,76.67115,8.203939,53.51062,R
1,1.749482,0,82.89681,58.46649,0.9583933,0.4168755,-0.5201221,-0.7454448,0.2079641,-0.4262187,-0.8803912,0.01387859,-0.3580911,-0.9335834,-0.3116226,-0.6048059,0.7328718,-0.512176,-0.5764196,0.636723,0,1,1,0,0,28.0002,65.30199,71.80027,18.4263,16.45152,7.492579,70.5119,8.134682,49.13365,R
1,1.763614,0,82.89681,58.36014,0.9218166,0.424845,-0.5264251,-0.7364668,0.1984446,-0.432372,-0.8795876,0.0254567,-0.3546416,-0.9346557,-0.3109085,-0.5634781,0.7653943,-0.515903,-0.5399086,0.6650885,0,1,1,0,0,27.94063,65.31285,71.81088,18.06964,16.31688,7.175333,72.11623,8.468941,49.31007,R
1,1.771627,0,82.89681,60.93885,0.9207848,0.41269,-0.5743004,-0.7070121,0.1964728,-0.4213479,-0.8853611,-0.04556483,-0.3306402,-0.9426563,-0.3271834,-0.4830683,0.8121552,-0.5161673,-0.4586432,0.7233378,0,1,1,0,0,27.34188,65.26502,72.14192,17.67976,16.10382,7.183888,74.58989,8.463663,51.78909,R
1,1.792782,0,82.89681,65.68088,0.8378575,0.451593,-0.5982193,-0.6619649,0.1754412,-0.3452554,-0.9219648,-0.1008337,-0.2593021,-0.9605181,-0.3216606,-0.3393872,0.8839405,-0.4840167,-0.3345358,0.8085875,0,1,1,0,0,26.92951,66.19209,72.72099,17.47903,16.18933,6.900013,80.06764,8.086732,56.38774,R
1,1.802302,0,82.89681,65.67521,0.7097552,0.4263323,-0.6008099,-0.6762162,0.1575963,-0.3422937,-0.9262821,-0.1254367,-0.2527857,-0.9593566,-0.2962892,-0.2772107,0.9139841,-0.4100894,-0.3089668,0.8581179,0,1,1,0,0,27.40066,66.16802,72.71239,18.17051,17.05871,7.059044,82.82392,8.740292,55.9332,R
1,1.804759,0,82.89681,64.57113,0.7153863,0.4127762,-0.5990707,-0.6860977,0.1567632,-0.3433485,-0.926033,-0.1279798,-0.2661978,-0.9553847,-0.3377566,-0.2891437,0.8957211,-0.4465446,-0.3103223,0.8392246,0,1,1,0,0,27.73577,66.36353,72.56062,18.03379,17.00576,7.104359,82.03697,8.217306,54.81286,R
1,1.826813,0,82.89681,65.12072,0.6883431,0.4299303,-0.5977915,-0.676613,0.1528556,-0.371999,-0.915561,-0.1327872,-0.2827906,-0.9499459,-0.3053431,-0.2641455,0.9148731,-0.4123559,-0.2930974,0.8625872,0,1,1,0,0,27.57661,65.96117,72.40411,18.04209,17.00376,7.110763,82.54795,8.886768,55.2189,R
1,1.841745,0,82.89681,64.56079,0.6443404,0.4275085,-0.5966051,-0.6791899,0.1246658,-0.3851035,-0.9144145,-0.13496,-0.2938607,-0.9462726,-0.2956833,-0.2562815,0.9202669,-0.4147114,-0.283262,0.864741,0,1,1,0,0,27.84569,66.22086,72.15073,18.1389,17.08337,6.991114,82.46802,8.316744,54.84562,R
1,1.869841,0,82.89681,64.04449,0.5743437,0.4006783,-0.6368536,-0.6586915,0.1193694,-0.4336517,-0.893139,-0.1420526,-0.3349526,-0.9314654,-0.3089606,-0.1609152,0.9373631,-0.4182078,-0.1923214,0.8877582,0,1,1,0,0,27.64566,65.76839,71.74371,18.19153,17.28716,7.078751,83.08636,8.472375,54.75934,R
1,1.857528,0,82.89681,64.19404,0.6053331,0.3979037,-0.6317281,-0.6652761,0.1263323,-0.4182831,-0.8994884,-0.1580187,-0.3062025,-0.9387599,-0.3044861,-0.183757,0.9346238,-0.4113831,-0.2134894,0.8861073,0,1,1,0,0,27.54518,65.9286,71.9371,18.13679,17.31851,7.071305,83.01099,8.699314,54.79653,R
1,1.729625,0,82.89681,66.35983,0.880572,0.4029265,-0.6207247,-0.6725705,0.1581149,-0.3157696,-0.9355689,-0.1492682,-0.2705579,-0.9510612,-0.3130325,-0.3684638,0.8753543,-0.4526672,-0.3697534,0.811403,0,1,1,0,0,26.90086,66.29398,72.62108,18.56824,16.98936,7.097688,80.40115,7.49528,56.73397,R
1,1.700737,0,82.89681,67.31722,0.8781516,0.3831298,-0.5986407,-0.7034493,0.1573761,-0.249836,-0.9554134,-0.08935094,-0.2430701,-0.9658847,-0.3470163,-0.4060926,0.8453807,-0.4755746,-0.412677,0.7768697,0,1,1,0,0,27.56452,66.72936,73.06791,18.7231,17.15312,6.977878,80.33461,6.640369,56.41761,R
1,1.688696,0,82.89681,67.26709,0.9384285,0.4013599,-0.5944738,-0.6967863,0.1508312,-0.2380038,-0.9594812,-0.0723654,-0.2428179,-0.967369,-0.3562273,-0.4163663,0.8365054,-0.4756944,-0.4250381,0.7701022,0,1,1,0,0,27.19315,66.81488,73.13001,18.50079,17.01782,7.079896,79.42743,6.679114,57.05145,R
1,1.723262,0,82.89681,66.35632,0.9002896,0.4372279,-0.5617068,-0.7023654,0.1632894,-0.2512265,-0.9540554,-0.07276727,-0.2307566,-0.9702867,-0.3509721,-0.4249191,0.8344234,-0.4854275,-0.4278642,0.7624253,0,1,1,0,0,27.4878,66.66833,73.08076,18.34253,16.79809,6.920347,79.68752,6.884155,55.93096,R
1,1.719489,0,82.89681,66.49097,0.8959525,0.4273913,-0.5724205,-0.6997652,0.1667185,-0.2539909,-0.9527296,-0.06974351,-0.2384967,-0.9686357,-0.3458827,-0.4150676,0.8414773,-0.4775153,-0.4217696,0.770772,0,1,1,0,0,27.41603,66.63385,73.07693,18.35294,16.84021,6.960398,79.86427,6.919312,56.13992,R
1,1.716821,0,82.89681,67.23679,0.9005741,0.3988126,-0.6146728,-0.6805335,0.1578639,-0.2786824,-0.9473199,-0.09958409,-0.2672488,-0.9584681,-0.337788,-0.3708354,0.8650898,-0.4647416,-0.3786127,0.8004172,0,1,1,0,0,27.03926,66.42486,72.89239,18.41153,16.91984,7.079533,80.20744,6.878606,57.25858,R
1,1.738129,0,82.89681,65.95921,0.8278106,0.4003812,-0.6331257,-0.6624552,0.1904785,-0.3340326,-0.9231144,-0.1447479,-0.2887152,-0.9464099,-0.3299724,-0.3249953,0.8862823,-0.4576884,-0.3332215,0.8243086,0,1,1,0,0,27.06403,65.79922,72.47356,18.84656,17.23857,7.140759,81.46577,8.156275,56.42462,R
1,1.807592,0,82.89681,65.75855,0.715927,0.4444113,-0.6135917,-0.6526897,0.1727647,-0.3735695,-0.9113716,-0.1307191,-0.2885858,-0.9484887,-0.3163128,-0.2498324,0.9151667,-0.4261168,-0.280371,0.8601259,0,1,1,0,0,27.18969,65.74812,72.43699,18.33099,17.10611,7.159444,82.953,9.094745,56.21733,R
1,1.872587,0,82.89681,63.83213,0.5851268,0.4371966,-0.6070353,-0.6636017,0.1386467,-0.4239115,-0.8950285,-0.1263262,-0.3250337,-0.9372272,-0.2874459,-0.189719,0.9388192,-0.412285,-0.228415,0.8819568,0,1,1,0,0,27.54681,65.69788,71.9443,18.07373,17.19872,6.808318,83.11853,8.859342,54.56157,R
1,1.867025,0,82.89681,63.79861,0.6085855,0.4308847,-0.6318045,-0.6443303,0.1447748,-0.4479102,-0.8822793,-0.1249619,-0.3538383,-0.9269212,-0.3130157,-0.1845677,0.9316416,-0.448115,-0.2156148,0.8675846,0,1,1,0,0,27.33265,65.56264,71.64428,18.33509,17.35331,6.776491,82.73441,8.443521,54.68691,R
1,1.856021,0,82.89681,63.42847,0.6288902,0.4286761,-0.6310168,-0.6465714,0.1513823,-0.4539072,-0.8780954,-0.1168571,-0.3719252,-0.9208779,-0.3163379,-0.1999682,0.9273311,-0.4454811,-0.2326744,0.8645283,0,1,1,0,0,27.30718,65.39358,71.51003,18.32486,17.27607,6.913688,82.18063,8.399409,54.4269,R
1,1.85496,0,82.89681,64.0461,0.6095747,0.4101238,-0.6403354,-0.6494375,0.1465222,-0.4401272,-0.8859003,-0.1519219,-0.3413781,-0.9275671,-0.3012324,-0.1782395,0.9367442,-0.4154624,-0.2099517,0.8850487,0,1,1,0,0,27.33162,65.44199,71.64526,18.54452,17.56266,7.007078,83.06511,8.754786,54.81337,R
1,1.738235,0,82.89681,65.35731,0.8796653,0.3928963,-0.6746878,-0.6248431,0.1152852,-0.3900555,-0.9135458,-0.1597832,-0.3269459,-0.9314374,-0.3120616,-0.2766766,0.9088827,-0.4395925,-0.284621,0.8519092,0,1,1,0,0,26.0978,65.80492,72.10858,18.87124,17.57074,7.063292,81.14779,7.68018,57.54604,R
1,1.637244,0,82.89681,66.77338,1,0.3741802,-0.7072355,-0.5998393,0.09225967,-0.3220812,-0.9422058,-0.170661,-0.2959941,-0.9398203,-0.3542319,-0.3379936,0.8719404,-0.521274,-0.3344014,0.7851428,0,1,1,0,0,24.7255,66.63885,72.53941,18.8185,17.25917,7.005274,78.49966,6.081587,60.51415,R
1,1.514178,0,82.89681,64.87074,1,0.3329413,-0.7288796,-0.5982347,0.02739611,-0.3399098,-0.9400589,-0.2038596,-0.267014,-0.9418836,-0.4045783,-0.4459113,0.7984231,-0.5569366,-0.4346706,0.7077309,0,1,1,0,0,23.89301,66.52056,72.59669,20.91133,18.56756,7.355157,76.46916,6.440845,59.92457,R
1,1.511989,0,82.89681,65.68896,1,0.3566304,-0.6950573,-0.6242676,0.03680015,-0.2996551,-0.9533376,-0.1668352,-0.2861168,-0.9435588,-0.366721,-0.5055073,0.7810109,-0.5225531,-0.4899612,0.6977652,0,1,1,0,0,24.21767,66.76885,72.67024,20.92196,18.37535,7.513527,75.43446,6.386191,60.11356,R
1,1.711525,0,82.89681,65.90251,0.9304639,0.3389904,-0.7236923,-0.601128,0.09156415,-0.3842777,-0.9186657,-0.1983443,-0.3217401,-0.9258201,-0.3311411,-0.2253547,0.9162755,-0.4793907,-0.2848786,0.8300775,0,1,1,0,0,25.5725,65.87547,72.02888,18.46316,17.60942,6.700162,80.47083,6.926631,59.09698,R
1,1.814156,0,82.89681,64.52316,0.6759359,0.4101483,-0.6114246,-0.6767114,0.1144692,-0.379596,-0.9180433,-0.1199457,-0.3086653,-0.9435776,-0.2980665,-0.2402635,0.9238126,-0.4007345,-0.2828803,0.8714302,0,1,1,0,0,27.52201,66.20855,72.37478,17.94387,17.14451,7.040771,82.36421,8.407931,55.32567,R
1,1.822824,0,82.89681,62.31314,0.8564011,0.4469711,-0.6149105,-0.6496937,0.1677647,-0.461431,-0.8711696,-0.1112384,-0.376159,-0.9198534,-0.3091006,-0.3404701,0.887996,-0.4994515,-0.3316357,0.8003536,0,1,1,0,0,26.52062,64.85882,71.45745,17.52906,16.22482,6.749419,77.70288,8.369899,54.02904,R
1,1.739727,0,82.89681,61.01579,1,0.4535727,-0.5827706,-0.6742776,0.2012944,-0.4519218,-0.8690496,-0.01549227,-0.3663638,-0.9303427,-0.3284174,-0.5185123,0.7894853,-0.5234045,-0.488825,0.697924,0,1,1,0,0,26.55027,65.01273,71.8602,18.18526,16.37326,7.389004,73.14108,8.589965,52.78693,R
1,1.761287,0,82.89681,60.35289,0.9896696,0.4393747,-0.5813447,-0.6848272,0.2046873,-0.475307,-0.8556789,0.008956028,-0.405729,-0.9139495,-0.3336674,-0.5119959,0.7915341,-0.5250491,-0.4859577,0.6986907,0,1,1,0,0,26.74842,64.71511,71.40071,18.19822,16.4195,7.352222,72.7606,8.422787,51.62522,R
1,1.787143,0,82.89681,62.67444,0.8828846,0.450749,-0.6032658,-0.6579481,0.1734267,-0.4327955,-0.8846531,-0.0599728,-0.3322214,-0.9412928,-0.3227148,-0.3877866,0.8634099,-0.5019333,-0.384205,0.7748867,0,1,1,0,0,26.79454,65.43161,72.14935,17.54163,16.31231,6.882547,77.4565,8.778298,54.28808,R
1,1.86845,0,82.89681,63.63921,0.6138644,0.4411812,-0.6109046,-0.6573848,0.1516841,-0.4231715,-0.8932625,-0.1406382,-0.3415293,-0.9292893,-0.282449,-0.1922155,0.9398275,-0.4056782,-0.2299668,0.8846132,0,1,1,0,0,27.23157,65.5405,71.73306,18.14001,17.23603,6.868182,82.77824,8.593128,54.74549,R
1,1.815636,0,82.89681,65.09952,0.6805893,0.3875356,-0.6558369,-0.647838,0.09139793,-0.4195499,-0.9031192,-0.1464019,-0.3224666,-0.9351907,-0.3281955,-0.1868668,0.9259419,-0.3937778,-0.2281329,0.8904462,0,1,1,0,0,27.19174,65.76333,72.05828,18.60261,17.79943,7.416929,83.18547,8.714089,56.03195,R
1,1.676837,0,82.89681,66.10537,1,0.3597021,-0.7129389,-0.6019406,0.09811878,-0.3436702,-0.9339504,-0.1891887,-0.3313593,-0.9243423,-0.3554246,-0.2880684,0.8892075,-0.5147008,-0.3038211,0.801733,0,1,1,0,0,24.97716,66.39724,72.04955,18.52332,17.25574,6.898428,78.70418,5.812124,59.82128,R
1,1.657079,0,82.89681,65.43156,1,0.3433258,-0.6922745,-0.634731,0.07181091,-0.3258254,-0.9426988,-0.2066212,-0.2545697,-0.9447232,-0.321648,-0.3095672,0.8948244,-0.4808266,-0.3271767,0.8134871,0,1,1,0,0,25.19711,66.43985,72.57702,18.58473,17.09906,7.065044,79.54364,6.786327,58.86428,R
1,1.711284,0,82.89681,65.55781,0.9169133,0.3486055,-0.7269456,-0.5916285,0.09561972,-0.3922802,-0.9148623,-0.1756696,-0.3379425,-0.924627,-0.3467145,-0.2114564,0.9138245,-0.4860647,-0.2882957,0.8250011,0,1,1,0,0,25.47503,65.91737,71.99166,18.73735,17.98086,6.680716,80.92652,6.710386,59.19266,R
1,1.858814,0,82.89681,63.80791,0.5754771,0.4025348,-0.610235,-0.6823335,0.1179744,-0.4039061,-0.9071615,-0.09834597,-0.365469,-0.9256135,-0.2923208,-0.187585,0.9377422,-0.3802845,-0.2383426,0.893631,0,1,1,0,0,28.00439,65.97143,71.87589,17.87516,17.37877,7.024819,82.5846,8.043066,54.23815,R
1,1.88269,0,82.89681,62.46698,0.6942133,0.4779224,-0.5801175,-0.6595861,0.1735235,-0.4385831,-0.8817791,-0.1021041,-0.335797,-0.9363841,-0.3174364,-0.268538,0.9094622,-0.4858237,-0.2800559,0.8279759,0,1,1,0,0,27.19807,65.44657,71.75834,17.68064,16.47674,6.658957,81.01291,8.663826,53.60251,R
1,1.807019,0,82.89681,61.9621,0.8634149,0.4597121,-0.5957585,-0.6585867,0.2063667,-0.4418732,-0.8730183,-0.04776283,-0.352302,-0.9346668,-0.3254151,-0.386962,0.8627662,-0.5096919,-0.3810202,0.7713869,0,1,1,0,0,26.84774,65.12045,71.90702,17.43329,16.26004,6.855369,77.16089,8.646174,53.36841,R
1,1.786664,0,82.89681,63.48185,0.8888485,0.4580732,-0.6144042,-0.642399,0.1728282,-0.4163647,-0.8926201,-0.06883749,-0.3272707,-0.9424199,-0.3398972,-0.3477569,0.873805,-0.5131687,-0.3416699,0.7873497,0,1,1,0,0,26.52818,65.61601,72.19675,17.43694,16.25004,6.873211,78.20773,8.345022,55.47971,R
1,1.844308,0,82.89681,62.81842,0.7081989,0.4366482,-0.6075052,-0.6635329,0.1762861,-0.430084,-0.88541,-0.09451659,-0.3417171,-0.935038,-0.3122197,-0.2797003,0.9079023,-0.4741565,-0.2915293,0.8307745,0,1,1,0,0,27.41326,65.41555,71.88163,17.60071,16.53848,6.745416,80.29958,8.498116,53.82104,R
1,1.865893,0,82.89681,62.72593,0.6292951,0.4234136,-0.6322304,-0.6488494,0.1535783,-0.4740343,-0.8670093,-0.1285247,-0.370161,-0.9200339,-0.329745,-0.2017425,0.9222625,-0.4827042,-0.2178407,0.8482583,0,1,1,0,0,27.40941,65.01601,71.40627,18.38545,17.03045,6.805863,82.02386,8.805089,53.58424,R
1,1.864788,0,82.89681,62.16491,0.5546361,0.3663525,-0.6626284,-0.65323,0.1741261,-0.5018755,-0.8472314,-0.100394,-0.4155833,-0.9039975,-0.3491725,-0.1300493,0.9279902,-0.4743392,-0.187433,0.8601577,0,1,1,0,0,27.96164,64.06087,71.06384,17.99086,16.87208,6.979676,81.93369,9.282442,52.71024,R
1,1.877594,0,82.89681,61.77384,0.5947036,0.3813751,-0.6466545,-0.6605989,0.1734799,-0.4883716,-0.8552181,-0.09357784,-0.4057281,-0.9091908,-0.3712916,-0.1521342,0.9159682,-0.4767019,-0.2273226,0.8491641,0,1,1,0,0,27.77667,64.52896,71.11015,17.51138,16.93291,6.980834,81.06606,8.711858,52.50705,R
1,1.869889,0,82.89681,63.24558,0.6261215,0.4402309,-0.6036184,-0.6647117,0.1505769,-0.4196523,-0.8951081,-0.1435163,-0.3289834,-0.9333665,-0.3063908,-0.2155309,0.9271845,-0.4354841,-0.2425089,0.8669159,0,1,1,0,0,27.41205,65.87666,71.73914,18.12942,17.16805,6.89512,82.41779,8.380574,54.30607,R
1,1.868621,0,82.89681,63.43578,0.6503105,0.4413954,-0.6114601,-0.6567242,0.149534,-0.422252,-0.8940598,-0.1387974,-0.3271435,-0.9347259,-0.3050984,-0.1980673,0.9314958,-0.4235148,-0.2332124,0.8753555,0,1,1,0,0,27.09702,65.57088,71.91378,17.83844,17.05948,6.911232,82.44534,8.826942,54.66245,R
1,1.851543,0,82.89681,63.56963,0.652229,0.4311193,-0.6128905,-0.6621944,0.1557898,-0.4155475,-0.8961305,-0.116316,-0.3156947,-0.9417045,-0.3040271,-0.2076632,0.9297545,-0.4125984,-0.2491539,0.8761763,0,1,1,0,0,27.21328,65.51083,72.19299,17.88102,17.13059,6.972363,82.68534,9.233657,54.54989,R
1,1.852858,0,82.89681,63.40511,0.638748,0.4268377,-0.6129026,-0.6649511,0.1489416,-0.418428,-0.8959545,-0.1193072,-0.3152402,-0.9414826,-0.3030051,-0.206213,0.9304107,-0.4162153,-0.2465429,0.8752036,0,1,1,0,0,27.34191,65.55998,72.18605,17.89338,17.12592,6.924771,82.72422,9.220934,54.36843,R
1,1.889158,0,82.89681,62.96061,0.5458667,0.4177754,-0.6076048,-0.6754851,0.1386968,-0.4332139,-0.8905554,-0.1240881,-0.3429619,-0.9311172,-0.2838342,-0.1597444,0.9454734,-0.3958941,-0.2090899,0.8941752,0,1,1,0,0,27.749,65.43294,71.80814,17.86776,17.21619,6.82456,83.10464,8.881436,53.61309,R
1,1.86615,0,82.89681,62.59113,0.5879787,0.4024501,-0.6389853,-0.6555392,0.1441368,-0.4806179,-0.8650035,-0.1255327,-0.3735837,-0.9190629,-0.3192047,-0.1714303,0.9320515,-0.4503516,-0.197164,0.8708099,0,1,1,0,0,27.5806,64.86863,71.47407,18.31709,17.03302,7.029821,82.52339,9.24048,53.46897,R
1,1.879236,0,82.89681,62.00027,0.5618247,0.3487588,-0.664668,-0.6607448,0.1640361,-0.5222338,-0.8368776,-0.1352761,-0.4456662,-0.8849192,-0.3263607,-0.1526736,0.9328341,-0.4550479,-0.1996316,0.867801,0,1,1,0,0,28.08798,63.50705,70.41878,18.09813,16.80286,7.015236,80.91482,9.208583,51.98909,R
1,1.886227,0,82.89681,61.87154,0.5238904,0.3387416,-0.6779493,-0.6524101,0.1324841,-0.5300318,-0.8375645,-0.1079585,-0.4386273,-0.892161,-0.3378258,-0.08829213,0.9370583,-0.4476005,-0.1900844,0.8737973,0,1,1,0,0,27.96951,63.82889,70.60429,17.79806,16.95626,7.109758,81.60793,9.264409,52.44649,R
1,1.911632,0,82.89681,61.26184,0.5209275,0.3226432,-0.6654299,-0.6731302,0.134449,-0.5246202,-0.8406527,-0.1166081,-0.4575511,-0.8815041,-0.3370883,-0.0972705,0.9364347,-0.4265075,-0.2059104,0.8807339,0,1,1,0,0,28.07076,63.84787,70.24756,17.43476,17.04458,7.078039,80.56513,8.383397,51.46741,R
1,1.867322,0,82.89681,64.06213,0.6083608,0.3702911,-0.6567291,-0.6569561,0.0939737,-0.4530035,-0.886542,-0.150092,-0.4398485,-0.885441,-0.2738444,-0.1524437,0.9496158,-0.3613503,-0.1939982,0.9120256,0,1,1,0,0,27.32939,65.27805,70.73596,18.29929,17.6042,7.188638,81.49758,6.843745,54.78624,R
1,1.789089,0,82.89681,65.49051,0.7251337,0.355758,-0.6911902,-0.6290408,0.06367899,-0.4214175,-0.9046283,-0.1717893,-0.3714719,-0.9124128,-0.2746139,-0.1832028,0.9439406,-0.3907925,-0.2281505,0.8917559,0,1,1,0,0,26.63147,65.75767,71.6299,18.83512,17.98033,6.879964,82.38314,7.531197,57.12136,R
1,1.725283,0,82.89681,64.96757,0.9131697,0.3582299,-0.6805629,-0.6391444,0.1167514,-0.3723798,-0.9207075,-0.1727282,-0.3536792,-0.9192801,-0.3031184,-0.2901578,0.9077047,-0.4352586,-0.3061397,0.8466573,0,1,1,0,0,26.09135,65.65417,71.88271,18.46619,17.31691,6.985765,79.63599,7.0131,57.13098,R
1,1.670082,0,82.89681,66.71976,1,0.3773477,-0.6955445,-0.6114136,0.07033736,-0.3489631,-0.9344931,-0.1518155,-0.3379611,-0.9288349,-0.3308696,-0.3349556,0.8822302,-0.4779397,-0.3450088,0.8078011,0,1,1,0,0,25.07177,66.20005,72.1001,18.66423,17.17324,7.114656,78.04196,6.342577,59.8194,R
1,1.672601,0,82.89681,66.07202,1,0.3650607,-0.7085664,-0.6038744,0.08545529,-0.3706478,-0.9248339,-0.1863206,-0.3479982,-0.9187937,-0.3326639,-0.3172305,0.8880876,-0.4969508,-0.3222152,0.8057402,0,1,1,0,0,25.14232,65.99642,71.85153,18.96572,17.34863,6.992988,78.63818,6.181181,59.42059,R
1,1.735822,0,82.89681,64.99184,0.8185421,0.3646138,-0.7055092,-0.6077117,0.08027655,-0.419349,-0.9042689,-0.166585,-0.3732111,-0.912668,-0.3031734,-0.195087,0.9327524,-0.4249372,-0.2698354,0.8640702,0,1,1,0,0,26.02027,65.55574,71.81886,18.80116,18.05974,6.737198,81.78237,7.433,58.05104,R
1,1.872184,0,82.89681,63.90871,0.5765058,0.4097122,-0.6104411,-0.6778625,0.1025978,-0.4319662,-0.8960351,-0.1266503,-0.3518467,-0.9274501,-0.2892421,-0.1810007,0.9399882,-0.3794098,-0.2247661,0.8975123,0,1,1,0,0,27.80148,65.59812,71.7208,18.04036,17.2048,7.171021,82.81482,8.717072,54.22688,R
1,1.887672,0,82.89681,63.12681,0.5896229,0.439926,-0.594772,-0.6728383,0.1423618,-0.4311365,-0.8909851,-0.1401462,-0.3355241,-0.9315485,-0.2771058,-0.2038228,0.9389721,-0.4269369,-0.2386294,0.8722276,0,1,1,0,0,27.50035,65.62301,71.68469,17.8473,16.78208,6.704521,82.40356,8.646115,54.00053,R
1,1.827955,0,82.89681,62.38888,0.7634286,0.4425941,-0.604233,-0.6625805,0.179021,-0.4387665,-0.8805881,-0.08891454,-0.3530117,-0.9313844,-0.2981348,-0.3150863,0.9010196,-0.4725027,-0.3215621,0.8205723,0,1,1,0,0,27.09245,65.18521,71.80973,17.49347,16.31845,6.800871,79.17419,8.690903,53.72421,R
1,1.85525,0,82.89681,61.51122,0.7498656,0.4400712,-0.6019515,-0.6663271,0.1896717,-0.4640571,-0.8652604,-0.06818726,-0.3708222,-0.9261973,-0.3075232,-0.3247522,0.8944079,-0.4911708,-0.3268551,0.8074138,0,1,1,0,0,27.27936,64.94736,71.59755,17.35069,16.30879,6.729113,78.45526,8.742981,52.44571,R
1,1.735398,0,82.89681,60.30537,0.9241113,0.4089313,-0.6079194,-0.6805947,0.1751273,-0.492405,-0.8525653,-0.007981883,-0.4048159,-0.9143634,-0.3250229,-0.5175254,0.7915349,-0.521106,-0.4970493,0.6938231,0,1,1,0,0,27.03115,64.7216,71.40994,18.72745,16.74199,7.376893,73.28041,8.917638,51.59421,R
1,1.73291,0,82.89681,60.44499,0.9335293,0.4032962,-0.6063337,-0.6853551,0.1709013,-0.4921137,-0.8535905,0.009557026,-0.4186612,-0.9080922,-0.3303612,-0.5268191,0.7831495,-0.5275897,-0.5007017,0.6862558,0,1,1,0,0,27.06482,64.86296,71.28121,18.87952,16.80439,7.430835,72.84429,8.646185,51.48326,R
1,1.724454,0,82.89681,59.39558,0.8678022,0.3742676,-0.6135069,-0.6953654,0.1658431,-0.4990809,-0.8505377,0.001051079,-0.4094691,-0.9123234,-0.326506,-0.5160755,0.7918712,-0.5241883,-0.4975235,0.6911563,0,1,1,0,0,27.50029,64.70988,71.34817,18.93596,16.91758,7.309415,73.43435,9.018833,50.5581,R
1,1.758933,0,82.89681,59.61596,0.812447,0.3652622,-0.6190445,-0.6952463,0.1639613,-0.5127518,-0.8427349,0.009666888,-0.4317839,-0.9019253,-0.3249004,-0.4635221,0.8243706,-0.5179275,-0.4485464,0.7283937,0,1,1,0,0,27.64966,64.56298,71.04993,18.63967,16.78352,7.187224,74.52782,8.865112,50.29786,R
1,1.844484,0,82.89681,61.84295,0.721418,0.4102598,-0.6225451,-0.6664267,0.1712442,-0.4668496,-0.8675984,-0.07125764,-0.3801543,-0.9221741,-0.3133069,-0.3041677,0.8996227,-0.4905964,-0.3126792,0.8133554,0,1,1,0,0,27.47819,64.96827,71.52821,17.54697,16.51334,6.667832,78.83578,8.5387,52.72912,R
1,1.862081,0,82.89681,63.0032,0.6620951,0.4192424,-0.6228517,-0.6605237,0.1404037,-0.440713,-0.8865996,-0.1244776,-0.3456734,-0.9300619,-0.3101163,-0.215318,0.9259946,-0.454801,-0.2364822,0.8586223,0,1,1,0,0,27.34988,65.38229,71.74905,17.53036,16.53209,6.870255,81.21681,8.647521,54.28772,R
1,1.874355,0,82.89681,63.8558,0.5695868,0.3863189,-0.6400881,-0.6641122,0.1035621,-0.4424281,-0.8908044,-0.1627694,-0.3505685,-0.9222841,-0.2922741,-0.1462041,0.9450927,-0.3807845,-0.1900565,0.9049209,0,1,1,0,0,27.56079,65.44141,71.48746,18.37713,17.62357,7.139974,83.18018,8.427258,54.43601,R
1,1.782426,0,82.89681,64.94977,0.7979747,0.3743551,-0.6854288,-0.6245363,0.07889587,-0.4258548,-0.9013451,-0.1667955,-0.3473547,-0.9227806,-0.3141761,-0.2122673,0.9253302,-0.4310732,-0.23161,0.8720853,0,1,1,0,0,26.29999,65.71054,71.7656,18.72693,17.67101,7.030588,81.71865,7.746202,57.05954,R
1,1.657998,0,82.89681,66.26435,1,0.3812946,-0.6932198,-0.611605,0.112542,-0.329235,-0.9375173,-0.1926671,-0.2842128,-0.9392031,-0.3434832,-0.3305556,0.8790634,-0.5142955,-0.3331961,0.7902408,0,1,1,0,0,25.09537,66.34349,72.45686,18.88257,17.28143,6.881017,79.37354,6.689546,59.52842,R
1,1.590641,0,82.89681,65.22894,1,0.3600742,-0.6722838,-0.6468239,0.0949533,-0.2904697,-0.9521613,-0.1862102,-0.2237307,-0.9566976,-0.3452344,-0.3949263,0.8513791,-0.5092171,-0.3912296,0.7665751,0,1,1,0,0,25.25357,66.56544,72.98434,19.54149,17.41355,7.284366,79.27604,7.07538,58.42368,R
1,1.532076,0,82.89681,64.8506,1,0.3375582,-0.6980087,-0.6315365,0.04779309,-0.2965822,-0.9538107,-0.1920195,-0.2249256,-0.955268,-0.3936232,-0.4453484,0.8041925,-0.5528687,-0.4123996,0.7240599,0,1,1,0,0,24.42956,66.78203,73.00665,20.58969,18.02522,7.474891,77.59204,6.719348,59.21947,R
1,1.553139,0,82.89681,65.32335,1,0.3850203,-0.6812447,-0.6226276,0.08631212,-0.3198124,-0.9435413,-0.1789703,-0.281608,-0.9426911,-0.3718932,-0.4743812,0.7979085,-0.5345483,-0.4433458,0.7195156,0,1,1,0,0,24.70616,66.50387,72.59949,20.69678,17.97556,7.58007,77.03655,6.423031,59.07605,R
1,1.694065,0,82.89681,66.08588,0.9692672,0.3751394,-0.70112,-0.6063837,0.1291489,-0.3677437,-0.9209154,-0.1769959,-0.3099343,-0.9341376,-0.3470606,-0.2943044,0.8904684,-0.5013504,-0.3038219,0.8101481,0,1,1,0,0,25.71502,65.96601,72.29688,18.84568,17.48549,6.846341,80.26196,7.302699,58.76192,R
1,1.860802,0,82.89681,63.70829,0.6246653,0.417216,-0.6060268,-0.6772462,0.1046143,-0.4224556,-0.9003261,-0.121133,-0.3201336,-0.9395963,-0.3082238,-0.2197375,0.9255883,-0.4112079,-0.2572319,0.8744941,0,1,1,0,0,27.67743,65.88166,72.07005,17.89011,17.0908,7.046137,82.44531,8.905517,54.27841,R
1,1.872074,0,82.89681,62.82743,0.6691178,0.4474487,-0.5938764,-0.6686556,0.1463643,-0.4254323,-0.8930761,-0.1263845,-0.327676,-0.9362988,-0.3023373,-0.2470382,0.9206325,-0.4690437,-0.2678856,0.8415673,0,1,1,0,0,27.30498,65.76241,71.85412,17.44859,16.4163,6.617055,81.12634,8.372668,53.98896,R
1,1.823019,0,82.89681,61.89989,0.8086653,0.4321135,-0.6036929,-0.6699498,0.1879854,-0.4469929,-0.8745621,-0.07541398,-0.3542669,-0.9320986,-0.3127464,-0.3614523,0.8783746,-0.496793,-0.3553615,0.7917796,0,1,1,0,0,27.12625,65.09402,71.80601,17.42246,16.24706,6.821498,77.7573,8.663957,52.99427,R
1,1.784266,0,82.89681,61.27847,0.9131041,0.4268455,-0.6117402,-0.6660156,0.1746881,-0.4753622,-0.8622731,-0.0519506,-0.3847733,-0.9215479,-0.3266931,-0.4279609,0.8426868,-0.5206711,-0.4095116,0.7491341,0,1,1,0,0,26.6867,64.78279,71.57721,17.74308,16.25872,7.037126,75.26656,8.612312,52.84963,R
1,1.739948,0,82.89681,60.52934,0.9066194,0.3957567,-0.613453,-0.6834121,0.1667727,-0.4915143,-0.8547518,-0.02365194,-0.4004606,-0.9160087,-0.3144214,-0.4925461,0.8115032,-0.5085026,-0.4748351,0.7183012,0,1,1,0,0,27.07017,64.67123,71.47315,18.53805,16.6592,7.285388,73.92881,8.989779,51.77172,R
1,1.792736,0,82.89681,61.54635,0.8491654,0.4114587,-0.6156891,-0.6720332,0.1629895,-0.474743,-0.8649008,-0.05457802,-0.3809577,-0.9229802,-0.3210882,-0.4070815,0.8550947,-0.5120227,-0.3988923,0.760735,0,1,1,0,0,27.11481,64.97749,71.61439,17.84846,16.41312,6.92537,76.36049,8.65898,52.67944,R
1,1.860691,0,82.89681,62.72473,0.7038314,0.4231076,-0.6178007,-0.6627988,0.1608671,-0.445797,-0.8805605,-0.1082806,-0.3536821,-0.9290771,-0.3013351,-0.2626173,0.9166403,-0.4663044,-0.2744422,0.8409767,0,1,1,0,0,27.30814,65.24006,71.66877,17.39971,16.43591,6.720518,79.99663,8.51707,53.77263,R
1,1.850381,0,82.89681,63.13062,0.6843095,0.427606,-0.6207352,-0.6571461,0.1355292,-0.4360828,-0.8896424,-0.1253374,-0.3525927,-0.9273452,-0.3192055,-0.2256448,0.9204304,-0.460844,-0.2527771,0.8507212,0,1,1,0,0,27.15507,65.48174,71.7154,17.68064,16.66487,6.827254,81.11577,8.271582,54.51956,R
1,1.871825,0,82.89681,63.8416,0.5696332,0.3800232,-0.6499003,-0.6581885,0.09642365,-0.4444829,-0.8905827,-0.1508675,-0.3450009,-0.9263981,-0.30771,-0.1274258,0.9429089,-0.3899052,-0.1734584,0.9043706,0,1,1,0,0,27.45717,65.51063,71.64293,18.38323,17.7218,7.176925,83.49246,8.542777,54.6607,R
1,1.793224,0,82.89681,65.03976,0.695883,0.3387111,-0.6966568,-0.6324112,0.08048756,-0.4133479,-0.907009,-0.1669816,-0.3978023,-0.9021477,-0.2727444,-0.1562604,0.9493119,-0.3868414,-0.2242921,0.8944534,0,1,1,0,0,26.85165,65.69207,71.33539,18.45241,17.97504,6.727957,81.73586,6.795346,56.81752,R
1,1.727447,0,82.89681,64.55907,0.8874603,0.3528621,-0.7094234,-0.6100875,0.1017878,-0.3903947,-0.9150034,-0.2103332,-0.3324033,-0.9193846,-0.3362852,-0.1850454,0.9234015,-0.4652681,-0.2389193,0.8523164,0,1,1,0,0,25.33711,65.93111,71.82291,18.21328,17.46631,6.886362,80.5722,6.689385,58.24062,R
1,1.612405,0,82.89681,65.09229,1,0.3434733,-0.7152474,-0.6086438,0.06457412,-0.3486417,-0.935029,-0.1906392,-0.2604042,-0.9464916,-0.3717832,-0.3370671,0.8649642,-0.5128899,-0.3276,0.7934873,0,1,1,0,0,24.40998,66.46022,72.69723,19.38835,17.57322,7.345477,78.92717,6.72316,59.53018,R
1,1.654117,0,82.89681,65.4817,0.9691566,0.3600723,-0.6985403,-0.6183764,0.1024233,-0.3306258,-0.9381877,-0.1775986,-0.297355,-0.9381038,-0.3363207,-0.2842104,0.8978379,-0.4871953,-0.3839705,0.7843516,0,1,1,0,0,25.43225,66.43048,72.44896,19.06295,17.94273,6.782975,80.64114,6.484081,59.10694,R
1,1.806584,0,82.89681,64.74606,0.7029908,0.3740564,-0.6803874,-0.6302022,0.1010659,-0.4098232,-0.9065487,-0.1246405,-0.3962865,-0.9096273,-0.3160688,-0.1792603,0.9316471,-0.4389101,-0.2341532,0.867485,0,1,1,0,0,26.94609,66.03252,71.55868,18.31363,17.74731,6.72583,81.63904,6.77911,56.64448,R
1,1.901716,0,82.89681,62.83668,0.5444452,0.4191612,-0.6204551,-0.6628267,0.1327061,-0.4472212,-0.8845237,-0.1229973,-0.3372066,-0.9333614,-0.3267708,-0.1346009,0.9354696,-0.4330098,-0.1765993,0.8839203,0,1,1,0,0,27.68125,65.52735,71.80113,17.70405,17.14725,6.914674,83.14048,9.008396,53.71096,R
1,1.858555,0,82.89681,63.14357,0.6895415,0.4711264,-0.5917511,-0.6541181,0.1740553,-0.4119758,-0.8944164,-0.08759169,-0.3033012,-0.9488603,-0.3497977,-0.2634458,0.8990205,-0.5097953,-0.2685807,0.8172963,0,1,1,0,0,27.43585,66.04514,72.19032,17.74637,16.57599,6.770497,81.60929,8.484033,54.29327,R
1,1.82611,0,82.89681,62.93641,0.778277,0.4370575,-0.6186432,-0.6528869,0.1737471,-0.4340034,-0.8839983,-0.09602174,-0.346112,-0.9332665,-0.3336469,-0.3010145,0.8933476,-0.4978401,-0.3066365,0.8112517,0,1,1,0,0,27.05507,65.40733,71.87475,17.42128,16.34886,6.838048,79.2084,8.385003,54.33273,R
1,1.829816,0,82.89681,62.96077,0.7482498,0.4503943,-0.6176231,-0.6447377,0.1636891,-0.4359299,-0.8849695,-0.08891926,-0.3346658,-0.9381323,-0.3448792,-0.2764792,0.8970048,-0.5093729,-0.2840194,0.8123252,0,1,1,0,0,27.11312,65.60364,72.0236,17.64898,16.50667,6.780365,80.35117,8.593477,54.5238,R
1,1.815845,0,82.89681,61.74147,0.7611024,0.4137306,-0.6487134,-0.6387472,0.153109,-0.4863536,-0.8602428,-0.06126236,-0.3683928,-0.9276496,-0.3706646,-0.280239,0.8854795,-0.5502083,-0.2981593,0.779982,0,1,1,0,0,27.21887,65.03315,71.72308,17.74874,16.59402,6.656138,79.28956,9.061078,53.32661,R
1,1.821421,0,82.89681,61.52757,0.7401895,0.3928887,-0.6767212,-0.6226451,0.1326663,-0.5426347,-0.8294259,-0.05924658,-0.4228029,-0.9042829,-0.3881982,-0.2430911,0.8889369,-0.5647486,-0.2801761,0.7762476,0,1,1,0,0,27.27066,64.25269,71.01474,18.25597,16.9275,6.665173,79.32918,9.279031,52.81051,R
1,1.831548,0,82.89681,61.94089,0.6963992,0.3701201,-0.69017,-0.6218331,0.1129903,-0.5522276,-0.8260012,-0.08051521,-0.4056623,-0.9104699,-0.3848998,-0.2062757,0.8996124,-0.5526047,-0.2368791,0.7990722,0,1,1,0,0,27.54082,64.06155,71.13837,18.3983,16.8144,6.964043,80.36663,10.07874,52.81617,R
1,1.816099,0,82.89681,61.74361,0.741246,0.3694,-0.6940747,-0.6179029,0.09000729,-0.5592661,-0.8240874,-0.09808336,-0.400885,-0.9108627,-0.3904223,-0.2213585,0.893628,-0.5626361,-0.2420909,0.7904636,0,1,1,0,0,27.3056,64.01061,71.15242,18.56736,16.79099,7.04569,80.08204,10.29564,52.96678,R
1,1.822546,0,82.89681,62.33011,0.669925,0.3682589,-0.6711507,-0.6433833,0.1251883,-0.5304864,-0.8383985,-0.1021439,-0.3958621,-0.9126115,-0.3217397,-0.2236166,0.920043,-0.4844815,-0.2592342,0.8355089,0,1,1,0,0,27.53647,64.04557,71.17714,18.66544,16.83333,7.11362,80.99995,10.14486,52.85522,R
1,1.8303,0,82.89681,63.39799,0.7259221,0.4065943,-0.64619,-0.645848,0.1541873,-0.4598081,-0.87453,-0.1320138,-0.3669161,-0.9208393,-0.3377101,-0.2385225,0.9105267,-0.4881427,-0.2697563,0.830029,0,1,1,0,0,27.04331,65.07275,71.52328,17.69986,16.54796,6.903653,80.23344,8.523683,54.54753,R
1,1.852646,0,82.89681,63.28863,0.7438913,0.4389191,-0.6143602,-0.6556764,0.1164589,-0.4379851,-0.891407,-0.1491027,-0.3543622,-0.9231445,-0.3058899,-0.2638402,0.9147785,-0.4657761,-0.2784972,0.8399357,0,1,1,0,0,26.90101,65.71142,71.5675,17.49039,16.46895,6.750347,79.97043,7.817623,54.80141,R
1,1.844147,0,82.89681,63.16275,0.8120548,0.4505947,-0.6149215,-0.6471754,0.1356486,-0.4422484,-0.8865753,-0.1410321,-0.3600158,-0.9222248,-0.3160069,-0.2876794,0.9040908,-0.477086,-0.2959226,0.8275377,0,1,1,0,0,26.59636,65.35516,71.56934,17.41077,16.3579,6.781795,79.18781,8.128026,54.90553,R
1,1.82213,0,82.89681,63.38639,0.855857,0.4533839,-0.6065511,-0.6530994,0.1395536,-0.4238652,-0.8949096,-0.1200721,-0.3441959,-0.9311884,-0.3124838,-0.3167248,0.8955665,-0.4751004,-0.3208348,0.8193563,0,1,1,0,0,26.44574,65.4837,71.84644,17.40963,16.28925,6.79886,78.86585,8.114111,55.30563,R
1,1.789638,0,82.89681,64.00339,0.8573062,0.4446363,-0.5987267,-0.6662018,0.1434889,-0.3980254,-0.9060832,-0.09534793,-0.3039518,-0.9479041,-0.2943294,-0.3374488,0.8941469,-0.4563029,-0.3422791,0.8213603,0,1,1,0,0,26.56596,65.68249,72.4202,17.61872,16.35117,6.834687,79.60358,8.627656,55.59929,R
1,1.784164,0,82.89681,64.1694,0.862452,0.4325537,-0.5899694,-0.6817869,0.162946,-0.371826,-0.9138895,-0.1041911,-0.2823443,-0.9536383,-0.2877428,-0.3595018,0.8876725,-0.4532759,-0.3587655,0.8159829,0,1,1,0,0,26.86983,65.67232,72.59505,17.50649,16.21293,6.850446,79.31155,8.518455,55.07487,R
1,1.795405,0,82.89681,64.1813,0.8643211,0.4359361,-0.5851353,-0.6837956,0.1572927,-0.3645878,-0.917788,-0.1038423,-0.2971681,-0.9491617,-0.2901484,-0.3656114,0.884388,-0.4558832,-0.3586329,0.8145875,0,1,1,0,0,26.91876,65.76771,72.44753,17.54363,16.1347,6.947187,79.06661,8.08092,55.08934,R
1,1.766819,0,82.89681,64.63187,0.9228401,0.4322162,-0.5829288,-0.6880284,0.156678,-0.3420559,-0.9265256,-0.1044972,-0.2881741,-0.9518592,-0.303027,-0.400666,0.8646625,-0.4653223,-0.386613,0.7962447,0,1,1,0,0,26.85481,65.91551,72.5733,17.64105,16.15838,7.000813,78.24319,7.75907,55.52852,R
1,1.769376,0,82.89681,64.34927,0.9206086,0.4359838,-0.5695572,-0.6967946,0.1606825,-0.3417475,-0.9259534,-0.106685,-0.2858351,-0.9523217,-0.2888879,-0.4187965,0.8609026,-0.454505,-0.4053698,0.7931586,0,1,1,0,0,26.98383,65.85252,72.54594,17.71074,16.16799,6.993539,78.08744,7.891482,55.01451,R
1,1.777047,0,82.89681,64.15224,0.9310905,0.4461573,-0.5458015,-0.7092562,0.1597795,-0.3256958,-0.9318759,-0.09699515,-0.2852787,-0.953524,-0.2889173,-0.4493591,0.845342,-0.4630561,-0.432127,0.773851,0,1,1,0,0,27.24885,65.8956,72.50198,17.78915,16.17267,6.842475,77.6067,7.523145,54.37488,R
1,1.780078,0,82.89681,64.26304,0.966233,0.466071,-0.5447059,-0.6971896,0.1632371,-0.3283649,-0.9303387,-0.0965393,-0.2975981,-0.9497976,-0.3000059,-0.4545886,0.838657,-0.4817872,-0.4324559,0.7621437,0,1,1,0,0,26.88629,65.88256,72.36936,17.84489,16.18643,6.763311,77.21645,7.209052,54.84063,R
1,1.772245,0,82.89681,64.23534,0.9659802,0.4566238,-0.5444452,-0.703615,0.165613,-0.3224874,-0.9319733,-0.09317587,-0.291216,-0.952109,-0.2954637,-0.4600697,0.8372796,-0.472827,-0.4400841,0.7633876,0,1,1,0,0,27.0122,65.91879,72.46274,17.79918,16.19534,6.81724,77.07716,7.293503,54.64423,R
1,1.773402,0,82.89681,63.87983,0.973255,0.4757642,-0.5286149,-0.7030041,0.1696147,-0.3229634,-0.9310883,-0.09742382,-0.2756297,-0.9563142,-0.2898832,-0.4773395,0.8295268,-0.486902,-0.4545301,0.7458745,0,1,1,0,0,26.99671,65.86617,72.5124,17.94869,16.17568,6.655831,77.13418,7.41774,54.3103,R
1,1.774097,0,82.89681,64.12489,0.9775008,0.477853,-0.5319441,-0.6990651,0.1695357,-0.323265,-0.9309981,-0.09554299,-0.2789533,-0.9555399,-0.2904725,-0.4715493,0.8326266,-0.4847732,-0.4501892,0.7498831,0,1,1,0,0,26.87294,65.86983,72.50228,17.91803,16.18111,6.667305,77.19268,7.380125,54.61811,R
1,1.777369,0,82.89681,63.97414,0.9645626,0.4741767,-0.5281356,-0.7044354,0.1717225,-0.3197404,-0.9318141,-0.0957436,-0.2792126,-0.9554442,-0.2873093,-0.4731554,0.8328129,-0.4825583,-0.4515254,0.750508,0,1,1,0,0,27.00879,65.89404,72.48131,17.90088,16.15309,6.669727,77.2037,7.309603,54.34507,R
1,1.800938,0,82.89681,64.25367,0.8936438,0.4596554,-0.5575165,-0.6912975,0.1741024,-0.3561494,-0.9180664,-0.09124986,-0.294819,-0.9511862,-0.2982489,-0.410955,0.8614891,-0.4732265,-0.3955612,0.7871391,0,1,1,0,0,27.00067,65.66809,72.41596,17.7914,16.15604,6.839439,78.65974,7.976978,54.66437,R
1,1.82173,0,82.89681,64.17727,0.830148,0.4493063,-0.5747676,-0.6839343,0.1681483,-0.3781434,-0.9103482,-0.1080944,-0.3117279,-0.9440029,-0.2878748,-0.3580537,0.8882149,-0.4616813,-0.3482557,0.8158237,0,1,1,0,0,26.96343,65.49148,72.19986,17.75327,16.14094,6.859599,79.60846,8.210282,54.72374,R
1,1.840895,0,82.89681,63.00486,0.7654213,0.4353546,-0.5860859,-0.6833518,0.1721771,-0.4118902,-0.8948192,-0.1047402,-0.3284276,-0.9387038,-0.2786998,-0.3184492,0.9060444,-0.463658,-0.3219898,0.8254355,0,1,1,0,0,27.0225,65.17072,71.96197,17.66205,16.14875,6.707086,79.9483,8.564427,53.78809,R
1,1.802636,0,82.89681,61.87895,0.8577634,0.4242095,-0.6008858,-0.6774825,0.1816111,-0.444831,-0.8770078,-0.08450439,-0.3506607,-0.9326822,-0.3072135,-0.3728433,0.8755614,-0.5017797,-0.3636505,0.7848409,0,1,1,0,0,26.75575,64.78701,71.88726,17.51391,16.00305,6.835876,77.47707,8.804292,53.17088,R
1,1.781159,0,82.89681,59.80701,0.8911613,0.393329,-0.5880645,-0.7067336,0.1690405,-0.4674274,-0.8677194,-0.05136541,-0.3949353,-0.9172719,-0.3074579,-0.4666838,0.8292623,-0.5039636,-0.4479968,0.7384575,0,1,1,0,0,27.17469,64.76969,71.44092,17.67799,16.05033,7.203214,73.76891,8.188139,51.09518,R
1,1.745898,0,82.89681,59.8679,0.9770182,0.4037983,-0.5793629,-0.7080153,0.1674813,-0.4723008,-0.8653797,-0.02458991,-0.4012624,-0.915633,-0.3045672,-0.5303418,0.7911866,-0.5050868,-0.5019584,0.7020862,0,1,1,0,0,26.96368,64.81947,71.47645,18.37296,16.4357,7.383543,72.22307,8.397915,51.08952,R
1,1.773785,0,82.89681,60.85517,0.9281408,0.4055203,-0.5902183,-0.6979939,0.1634962,-0.4494025,-0.8782405,-0.07088716,-0.3705493,-0.9261038,-0.3053332,-0.4584227,0.8346378,-0.5004291,-0.4341086,0.7490798,0,1,1,0,0,26.91122,64.98866,71.72777,17.6892,16.04848,7.182652,74.43864,8.223752,52.20161,R
1,1.792205,0,82.89681,64.68317,0.8790315,0.4300312,-0.597446,-0.6768541,0.139859,-0.3806228,-0.9140928,-0.1269183,-0.3103344,-0.9421169,-0.2851488,-0.3652304,0.8861698,-0.4607526,-0.3559502,0.8130231,0,1,1,0,0,26.77789,65.6619,72.19485,17.57213,16.09403,6.88255,78.55851,7.814473,55.56432,R
1,1.75698,0,82.89681,65.50677,0.8780154,0.4093263,-0.5908015,-0.6952737,0.1295563,-0.3369533,-0.9325651,-0.1350894,-0.279391,-0.9506269,-0.2782839,-0.391477,0.8770996,-0.4453672,-0.3841263,0.8087614,0,1,1,0,0,27.15767,65.94026,72.54308,18.15906,16.46328,6.870368,79.52104,7.73768,55.62381,R
1,1.738792,0,82.89681,66.37099,0.8521941,0.3798733,-0.6135737,-0.6922597,0.1308503,-0.3268604,-0.9359704,-0.1605634,-0.283303,-0.945494,-0.2779959,-0.3679402,0.8873208,-0.4292405,-0.3689337,0.8244031,0,1,1,0,0,27.19846,65.89526,72.41422,18.65928,16.82723,7.022838,80.4622,7.561817,56.10749,R
1,1.731164,0,82.89681,66.57421,0.8897052,0.3686905,-0.6369193,-0.6770533,0.1185852,-0.3306696,-0.9362667,-0.1640175,-0.3149481,-0.9348294,-0.3010828,-0.3518061,0.8863304,-0.4343034,-0.3527083,0.828841,0,1,1,0,0,26.88127,65.95277,72.14263,18.72281,16.96247,7.2061,79.86256,6.804497,56.89777,R
1,1.733418,0,82.89681,66.51596,0.8805687,0.3634895,-0.6491767,-0.6681654,0.1082566,-0.3361194,-0.9355769,-0.1703831,-0.3278593,-0.9292351,-0.3090485,-0.3238521,0.8942084,-0.4352615,-0.3263531,0.8390716,0,1,1,0,0,26.71224,65.97643,71.95386,18.86011,17.12281,7.235858,80.21165,6.504036,57.1856,R
1,1.717011,0,82.89681,67.14703,0.9060757,0.3662792,-0.6543972,-0.6615162,0.09079748,-0.3128278,-0.94546,-0.1430815,-0.3354234,-0.9311385,-0.3263053,-0.3221956,0.8886589,-0.4473304,-0.3242719,0.8335126,0,1,1,0,0,26.50916,66.33646,72.05438,18.94568,17.17721,7.280137,80.19463,6.066728,58.14533,R
1,1.719369,0,82.89681,66.43829,0.9491073,0.3785244,-0.6706679,-0.6379058,0.0887159,-0.3429407,-0.9351584,-0.1315795,-0.3521914,-0.9266326,-0.3218902,-0.299007,0.8983215,-0.4563426,-0.3011589,0.83729,0,1,1,0,0,25.9376,66.05802,71.98552,18.58689,16.96375,7.205082,79.5985,6.515239,58.50036,R
1,1.74752,0,82.89681,64.91744,0.8602725,0.3730446,-0.6727885,-0.6389001,0.1008338,-0.3918755,-0.9144759,-0.162279,-0.3417257,-0.925683,-0.3170212,-0.2611084,0.9117675,-0.4426713,-0.2632934,0.8571574,0,1,1,0,0,26.31821,65.5929,71.9331,18.67806,17.17768,7.198452,80.83535,7.543296,56.97932,R
1,1.775957,0,82.89681,64.54174,0.8051094,0.3727545,-0.6692336,-0.6427911,0.08968011,-0.4152046,-0.905297,-0.1680746,-0.351289,-0.9210575,-0.2971114,-0.2359783,0.9252238,-0.4193637,-0.2467447,0.8736424,0,1,1,0,0,26.48883,65.41617,71.75625,18.56333,17.23518,7.13535,81.21693,7.906778,56.42601,R
1,1.806351,0,82.89681,64.934,0.7543183,0.4142717,-0.6419778,-0.6451693,0.07544616,-0.4312108,-0.8990912,-0.1467225,-0.3646291,-0.9195206,-0.2893036,-0.2278455,0.9297257,-0.3904212,-0.2597905,0.8832214,0,1,1,0,0,26.65785,65.47141,71.69189,18.56985,17.40336,7.192753,81.883,8.243163,56.41604,R
1,1.881216,0,82.89681,64.52507,0.5732431,0.3910621,-0.6510516,-0.6505399,0.07913873,-0.4610336,-0.8838468,-0.1510708,-0.4323908,-0.8889408,-0.2643146,-0.1310915,0.9554856,-0.3590588,-0.1828301,0.9152322,0,1,1,0,0,27.45873,65.14612,70.81983,18.42476,17.66359,7.049095,82.36182,7.549561,55.08585,R
1,1.852004,0,82.89681,64.28155,0.6403781,0.3753683,-0.6724229,-0.6379232,0.08542274,-0.4700114,-0.8785171,-0.1453626,-0.4497193,-0.8812617,-0.2916546,-0.1372034,0.9466323,-0.3923656,-0.1597226,0.9058354,0,1,1,0,0,27.15955,64.86819,70.64671,18.26038,17.30588,7.17678,81.20284,7.281326,55.24184,R
1,1.871019,0,82.89681,63.4214,0.5917733,0.3655954,-0.6636978,-0.6525682,0.0887941,-0.484133,-0.8704774,-0.1519531,-0.439199,-0.885446,-0.2825568,-0.1231218,0.9513162,-0.3729554,-0.1561232,0.91462,0,1,1,0,0,27.40855,64.69369,70.7514,18.01982,17.2347,7.22498,81.51115,7.892667,54.17749,R
1,1.845071,0,82.89681,63.73009,0.6043497,0.3594284,-0.6560541,-0.6636297,0.09890918,-0.453603,-0.8856982,-0.1478793,-0.3926837,-0.9077066,-0.284639,-0.1580337,0.9455189,-0.3795249,-0.1834767,0.9068061,0,1,1,0,0,27.57632,65.14935,71.4108,18.23027,17.30877,7.23068,82.23963,8.308427,54.35847,R
1,1.863166,0,82.89681,63.53781,0.6180033,0.3893451,-0.6307457,-0.6712453,0.1032463,-0.4340547,-0.8949507,-0.1731439,-0.3325788,-0.9270451,-0.2836681,-0.1717759,0.9434116,-0.3923176,-0.2088474,0.8958067,0,1,1,0,0,27.29899,65.42865,71.64755,17.99871,17.10421,7.047884,82.52022,8.601853,54.38525,R
1,1.821383,0,82.89681,63.74786,0.7244817,0.4041753,-0.6098877,-0.6816739,0.1114341,-0.4130302,-0.9038741,-0.1662937,-0.3229386,-0.9316958,-0.2620366,-0.2630787,0.9285077,-0.387356,-0.2975367,0.8725981,0,1,1,0,0,27.09747,65.34236,71.88484,17.91364,16.75048,7.017154,81.21939,8.872412,54.64611,R
1,1.79029,0,82.89681,64.62995,0.8026916,0.4045152,-0.605392,-0.6854692,0.126858,-0.3816565,-0.9155574,-0.1647576,-0.30953,-0.9365074,-0.2554184,-0.3130075,0.9147611,-0.3950388,-0.332607,0.8563393,0,1,1,0,0,26.94723,65.42776,72.0293,18.03709,16.62131,7.017574,80.44587,8.37122,55.33258,R
1,1.759627,0,82.89681,64.93758,0.8289712,0.386695,-0.5806355,-0.7164701,0.1400166,-0.322962,-0.9359972,-0.153512,-0.2773621,-0.948422,-0.2651828,-0.3877596,0.8827913,-0.4194354,-0.3931025,0.8182569,0,1,1,0,0,27.59738,65.85342,72.42194,18.09925,16.45441,6.961442,79.6673,7.793227,54.60912,R
1,1.778705,0,82.89681,64.89394,0.8633013,0.412199,-0.5702868,-0.7105386,0.149504,-0.3288784,-0.9324632,-0.145192,-0.2754921,-0.9502754,-0.2745917,-0.3925825,0.8777689,-0.4372295,-0.3871114,0.8117728,0,1,1,0,0,27.39424,65.76861,72.44759,17.80834,16.2288,6.898184,79.15154,7.806888,54.61175,R
1,1.772569,0,82.89681,64.51296,0.8497795,0.4291042,-0.5423514,-0.722305,0.1520967,-0.3010849,-0.9413897,-0.1333647,-0.2542295,-0.9579046,-0.2598074,-0.4220038,0.8685694,-0.4393504,-0.4216708,0.7931992,0,1,1,0,0,27.68069,65.99707,72.59464,17.96753,16.29612,6.681155,79.30686,7.547049,54.05582,R
1,1.747764,0,82.89681,65.55633,0.9219052,0.4063599,-0.5301558,-0.7441818,0.114975,-0.2489562,-0.961666,-0.1227023,-0.2456973,-0.9615492,-0.2711613,-0.4720191,0.8388501,-0.4444821,-0.4537969,0.7723368,0,1,1,0,0,27.84302,66.39333,72.65942,17.9682,16.21956,6.790437,77.63845,6.57023,54.44664,R
1,1.70728,0,82.89681,66.57543,1,0.4063968,-0.5358703,-0.7400572,0.1060254,-0.2220486,-0.9692538,-0.1113052,-0.2472739,-0.9625314,-0.2927389,-0.5194817,0.8027719,-0.4629306,-0.4822492,0.7437278,0,1,1,0,0,27.54172,66.50373,72.72723,18.33623,16.41939,6.909735,75.86109,6.517964,55.43261,R
1,1.762894,0,82.89681,65.9381,0.9108086,0.4290578,-0.5545485,-0.7130115,0.1448191,-0.2852583,-0.9474466,-0.1224407,-0.2890365,-0.9494557,-0.298987,-0.4341157,0.8497943,-0.4667399,-0.4147553,0.7811095,0,1,1,0,0,27.38053,66.05792,72.33248,18.30248,16.38327,6.84841,78.49481,6.469238,55.26158,R
1,1.825556,0,82.89681,63.16592,0.7836035,0.4448305,-0.5455593,-0.7102752,0.1767628,-0.3661666,-0.9136065,-0.1487594,-0.2963659,-0.9434182,-0.267649,-0.3800882,0.8853796,-0.4575417,-0.3839869,0.8020035,0,1,1,0,0,27.69346,65.23109,72.02981,18.1485,16.30306,6.581988,80.06043,8.531608,52.80719,R
1,1.835216,0,82.89681,63.59436,0.8065588,0.4438001,-0.5686995,-0.6925478,0.1644788,-0.3955856,-0.903581,-0.1178936,-0.324176,-0.9386219,-0.2826482,-0.3653616,0.8869166,-0.472816,-0.3550636,0.8064582,0,1,1,0,0,27.21753,65.27836,71.97002,17.83787,16.04369,6.755005,79.41558,8.306853,53.82561,R
1,1.838821,0,82.89681,63.32074,0.7834473,0.4480209,-0.5814074,-0.6791485,0.1758318,-0.4048968,-0.897297,-0.09464101,-0.3317111,-0.9386218,-0.2814459,-0.3317079,0.9004211,-0.4687019,-0.3258718,0.8210518,0,1,1,0,0,26.93192,65.3264,71.99958,17.7345,16.12231,6.780663,79.85777,8.335271,54.15914,R
1,1.808672,0,82.89681,62.10592,0.8322043,0.431287,-0.6018386,-0.672147,0.1848084,-0.4414774,-0.8780339,-0.08010796,-0.3499123,-0.933351,-0.3055899,-0.3546831,0.8836372,-0.4943339,-0.3516542,0.7949675,0,1,1,0,0,26.84841,64.89903,71.89586,17.48784,16.05968,6.837107,78.01964,8.746742,53.39448,R
1,1.798945,0,82.89681,60.18307,0.8613647,0.4084779,-0.5840131,-0.7014802,0.1773993,-0.4622688,-0.8688136,-0.0462116,-0.3940691,-0.9179184,-0.3054301,-0.4395434,0.8446975,-0.4998391,-0.4286907,0.7525856,0,1,1,0,0,27.24967,64.84885,71.43924,17.45527,15.96212,7.088573,74.68105,8.123792,51.35582,R
1,1.777514,0,82.89681,60.80035,0.9597638,0.4246733,-0.5923086,-0.6847066,0.175509,-0.4756302,-0.8619586,-0.04032362,-0.415933,-0.9085009,-0.3169522,-0.4697994,0.8239113,-0.5152199,-0.4410229,0.7348792,0,1,1,0,0,26.69837,64.78872,71.30623,17.94361,16.24795,7.206999,73.70573,7.986287,52.05844,R
1,1.80241,0,82.89681,63.32729,0.8460518,0.4211425,-0.6219985,-0.6601188,0.1554465,-0.4228996,-0.8927442,-0.1048418,-0.3377825,-0.9353669,-0.3092821,-0.3211409,0.8951051,-0.4840405,-0.3156865,0.8161169,0,1,1,0,0,26.5768,65.31011,71.9856,17.31174,16.00217,6.965068,78.38679,8.218927,54.9977,R
1,1.777627,0,82.89681,65.23249,0.8593214,0.4242524,-0.6055607,-0.6732801,0.1304741,-0.3768455,-0.9170408,-0.1314449,-0.3041556,-0.9435102,-0.2839447,-0.3589489,0.8891182,-0.4500231,-0.3583616,0.8179586,0,1,1,0,0,26.87908,65.7988,72.30244,18.01777,16.45741,6.89059,79.59546,7.934466,55.99606,R
1,1.728238,0,82.89681,66.76597,0.8604389,0.3595302,-0.6301293,-0.6882406,0.1191653,-0.3181018,-0.9405376,-0.1637944,-0.2875545,-0.9436545,-0.2951121,-0.3590735,0.8854237,-0.4356993,-0.3567909,0.8263573,0,1,1,0,0,27.13531,66.0967,72.41753,18.81474,17.0082,7.110837,80.52795,7.047404,56.56742,R
1,1.672374,0,82.89681,67.98335,0.9496558,0.3336394,-0.6364778,-0.6953996,0.06697868,-0.2660044,-0.9616421,-0.1494808,-0.2915911,-0.944791,-0.3134649,-0.3962647,0.8629681,-0.4300496,-0.4006905,0.8090144,0,1,1,0,0,26.82536,66.63748,72.49224,19.2612,17.48818,7.193286,79.53324,6.21058,57.80344,R
1,1.541761,0,82.89681,68.64407,1,0.2765836,-0.6719558,-0.6870058,0.003477675,-0.2431794,-0.9699751,-0.09623242,-0.3214075,-0.9420385,-0.3553472,-0.5098143,0.7834651,-0.4704269,-0.4974268,0.7288793,0,1,1,0,0,25.83224,66.69679,72.48977,20.28346,17.8997,7.625571,74.02386,8.830869,59.2035,R
1,1.551811,0,82.89681,68.39439,1,0.2774315,-0.6295724,-0.7257206,0.03156053,-0.2140718,-0.9763079,-0.09606728,-0.2822356,-0.954523,-0.3148448,-0.5476861,0.7751855,-0.4361089,-0.5388356,0.7207393,0,1,1,0,0,26.60144,66.46159,72.89733,19.79229,17.62415,7.544921,73.47807,8.49354,57.47393,R
1,1.540515,0,82.89681,67.98693,1,0.2625241,-0.6782608,-0.686326,0.01559177,-0.2536093,-0.9671811,-0.1173725,-0.3000304,-0.9466813,-0.3689421,-0.4801711,0.7958125,-0.4883508,-0.4767557,0.7309018,0,1,1,0,0,25.95732,66.61028,72.6825,20.12575,17.86319,7.55867,74.96268,8.054166,58.65738,R
1,1.660012,0,82.89681,66.64159,1,0.3096212,-0.684376,-0.6601244,0.05893935,-0.3166869,-0.9466972,-0.1534835,-0.3148607,-0.9366459,-0.3771312,-0.362497,0.8522722,-0.4989276,-0.366907,0.7851437,0,1,1,0,0,25.77225,66.31329,72.11362,19.03074,17.27866,7.326502,77.50521,6.233212,58.44701,R
1,1.721041,0,82.89681,66.33864,0.9674392,0.3487506,-0.680091,-0.6448637,0.09077547,-0.358361,-0.9291593,-0.1542708,-0.3345817,-0.9296535,-0.3506469,-0.3086917,0.8841698,-0.4838632,-0.3056906,0.8200181,0,1,1,0,0,25.94847,65.94346,71.97088,18.68474,17.1163,7.097291,79.20284,6.402903,58.10231,R
1,1.785889,0,82.89681,65.09693,0.7761646,0.4096601,-0.6408056,-0.6492664,0.1423488,-0.3997109,-0.9055209,-0.1666113,-0.3137063,-0.9347883,-0.323397,-0.260293,0.9097593,-0.4566101,-0.2636201,0.8497127,0,1,1,0,0,26.84744,65.45906,72.08896,18.6923,17.0217,7.14038,82.06778,8.754246,56.11322,R
1,1.851246,0,82.89681,63.90988,0.6608924,0.4251795,-0.6067664,-0.6716078,0.1463041,-0.4237388,-0.8938907,-0.1466075,-0.3316703,-0.9319341,-0.2766741,-0.2359878,0.9315371,-0.4107038,-0.2700166,0.8708694,0,1,1,0,0,27.37812,65.16985,71.78365,18.20675,16.88508,6.941687,82.2021,9.080443,54.48398,R
1,1.883911,0,82.89681,62.93861,0.6478844,0.4347166,-0.6038254,-0.6681439,0.1486596,-0.4518045,-0.8796437,-0.1272389,-0.3786582,-0.9167488,-0.2804509,-0.2312487,0.9315961,-0.4313023,-0.2615239,0.8634717,0,1,1,0,0,27.33444,64.94617,71.24316,17.97895,16.72887,6.761076,81.22066,8.423926,53.7416,R
1,1.867967,0,82.89681,63.01201,0.7176806,0.451667,-0.6118997,-0.6492885,0.1442092,-0.4470804,-0.8827927,-0.131873,-0.3756449,-0.9173333,-0.3009608,-0.2439757,0.9218993,-0.46626,-0.2638168,0.8443947,0,1,1,0,0,26.92565,65.27197,71.35307,17.62195,16.52426,6.655576,80.33472,7.970292,54.50266,R
1,1.865655,0,82.89681,62.87567,0.7420312,0.467337,-0.6050127,-0.6446361,0.1442732,-0.4526131,-0.8799583,-0.1096373,-0.3776887,-0.9194188,-0.3039836,-0.2526845,0.9185556,-0.4707264,-0.2735409,0.8388039,0,1,1,0,0,26.77205,65.26143,71.44527,17.44481,16.38693,6.669389,80.00394,8.094661,54.59487,R
1,1.835204,0,82.89681,62.86071,0.7907088,0.4374172,-0.6196415,-0.6516982,0.1641321,-0.4550177,-0.8752254,-0.1068527,-0.374743,-0.9209507,-0.3068709,-0.3055019,0.9013872,-0.4838342,-0.3091725,0.8187289,0,1,1,0,0,26.89553,65.01443,71.45845,17.59407,16.37702,6.755002,78.73903,8.193685,54.1594,R
1,1.817776,0,82.89681,62.70816,0.8116052,0.4254149,-0.6309071,-0.6488284,0.165565,-0.4607205,-0.8719661,-0.105647,-0.3793932,-0.9191841,-0.3088685,-0.3125497,0.8982834,-0.4858761,-0.3113314,0.8166989,0,1,1,0,0,26.78631,64.87284,71.45295,17.64403,16.39668,6.816339,78.34428,8.311474,54.20545,R
1,1.809922,0,82.89681,63.4944,0.8413751,0.449177,-0.6212398,-0.6421068,0.1388384,-0.4326402,-0.8908122,-0.1042431,-0.3511526,-0.9304973,-0.3247458,-0.3007695,0.8967039,-0.4853211,-0.3071148,0.8186232,0,1,1,0,0,26.42402,65.53004,71.90698,17.57675,16.3746,6.881952,79.3168,8.209436,55.6465,R
1,1.77184,0,82.89681,64.50874,0.875159,0.426134,-0.6132789,-0.6650555,0.1580416,-0.3855445,-0.9090536,-0.1150487,-0.2965987,-0.948047,-0.3089368,-0.3598871,0.8803632,-0.4718975,-0.3544134,0.8072817,0,1,1,0,0,26.72941,65.78075,72.47089,17.84408,16.46387,6.931814,79.27849,8.303021,55.65494,R
1,1.768402,0,82.89681,65.10535,0.8624142,0.418762,-0.5994231,-0.6821512,0.1523463,-0.3519105,-0.9235526,-0.1078379,-0.2832261,-0.9529712,-0.306987,-0.375609,0.8744581,-0.4706209,-0.3689126,0.8015107,0,1,1,0,0,27.08805,66.02857,72.61615,17.96154,16.44823,6.890969,79.55405,7.843937,55.61351,R
1,1.736559,0,82.89681,66.20876,0.8486974,0.3656665,-0.6349635,-0.6805214,0.1394495,-0.3216847,-0.9365216,-0.1427075,-0.2905007,-0.9461733,-0.3344902,-0.3347789,0.880931,-0.4585724,-0.339283,0.8213394,0,1,1,0,0,27.12086,66.15845,72.49199,18.6425,17.06338,7.164269,80.71691,7.093915,56.4384,R
1,1.722961,0,82.89681,66.64663,0.9152544,0.3473846,-0.6631364,-0.6630039,0.09705918,-0.3135953,-0.9445832,-0.1311637,-0.3126298,-0.9407756,-0.3584509,-0.3122966,0.8797635,-0.4759768,-0.313169,0.8218096,0,1,1,0,0,26.46006,66.48035,72.36532,18.56943,17.06981,7.233601,79.99775,6.360759,57.83545,R
1,1.674791,0,82.89681,67.40862,1,0.3331478,-0.6796525,-0.6535174,0.05774584,-0.2956795,-0.9535403,-0.12023,-0.3253328,-0.937925,-0.3616686,-0.352401,0.8631392,-0.4847491,-0.3458155,0.8033866,0,1,1,0,0,25.87562,66.68871,72.26634,18.74329,17.08582,7.330029,77.99769,6.612552,58.97998,R
1,1.678576,0,82.89681,67.37314,1,0.3313822,-0.6720201,-0.6622498,0.06102009,-0.2854188,-0.9564583,-0.1223296,-0.3241129,-0.9380759,-0.3671942,-0.3594637,0.8578779,-0.4863915,-0.3515667,0.7998901,0,1,1,0,0,26.00334,66.7276,72.22759,18.62837,16.95042,7.39896,77.60492,6.46245,58.73937,R
1,1.671505,0,82.89681,67.42252,1,0.3252421,-0.6780446,-0.6591458,0.05908988,-0.2861762,-0.9563532,-0.121398,-0.3303263,-0.9360273,-0.3735617,-0.3646801,0.8529127,-0.4961235,-0.3570962,0.7914189,0,1,1,0,0,25.9445,66.75353,72.17976,18.73285,17.02889,7.377824,77.30756,6.477929,58.86808,R
1,1.689858,0,82.89681,66.25797,1,0.3468075,-0.6838785,-0.6418994,0.0810269,-0.336511,-0.9381871,-0.1220996,-0.356745,-0.9261882,-0.3696277,-0.3409442,0.8643682,-0.4941197,-0.3408228,0.7998034,0,1,1,0,0,25.78614,66.20877,71.86048,18.80339,17.15826,7.292304,77.72527,6.241704,58.40787,R
1,1.738143,0,82.89681,65.50118,0.9229761,0.3639335,-0.6915119,-0.6239902,0.100324,-0.3975154,-0.9120947,-0.1495544,-0.3581006,-0.9216276,-0.3455446,-0.267529,0.8994594,-0.4725859,-0.2680745,0.8395228,0,1,1,0,0,25.99353,65.54613,71.80902,18.71015,17.17579,7.220003,79.95981,7.111559,57.65739,R
1,1.807784,0,82.89681,65.11109,0.7181967,0.4019994,-0.6440194,-0.6508729,0.1063145,-0.4151897,-0.9035014,-0.1434117,-0.3331029,-0.9319203,-0.3137209,-0.2189438,0.9239279,-0.4203035,-0.2400988,0.8750414,0,1,1,0,0,27.01652,65.58061,72.04243,18.48442,17.16631,7.253027,82.54945,8.671363,56.14479,R
1,1.846179,0,82.89681,63.8817,0.6550153,0.3996971,-0.6271915,-0.6684856,0.0980164,-0.4345784,-0.8952846,-0.1505037,-0.3444349,-0.9266679,-0.2933306,-0.2170221,0.9310524,-0.4092942,-0.2522403,0.8768427,0,1,1,0,0,27.45317,65.47531,71.69538,18.23091,17.14125,7.018021,82.08179,8.433708,54.53294,R
1,1.863807,0,82.89681,63.65884,0.6552035,0.4238846,-0.6080339,-0.6712798,0.1063825,-0.4414249,-0.8909696,-0.1380923,-0.3650128,-0.9207042,-0.2823852,-0.2319266,0.930843,-0.4141435,-0.2655948,0.8706,0,1,1,0,0,27.42688,65.35006,71.42593,18.10176,16.92867,6.878139,81.50608,8.182494,54.21927,R
1,1.901973,0,82.89681,63.23575,0.5554029,0.405313,-0.6244087,-0.6677089,0.1200972,-0.4545372,-0.8825942,-0.1505557,-0.3707123,-0.9164635,-0.2749373,-0.149842,0.9497141,-0.4020092,-0.1904863,0.8956024,0,1,1,0,0,27.56551,65.19875,71.23555,17.98952,17.13189,6.782082,82.48069,8.274052,53.81895,R
1,1.892018,0,82.89681,63.44051,0.589033,0.4092051,-0.6309583,-0.6591228,0.1185964,-0.4535823,-0.8832881,-0.1586111,-0.362517,-0.9183812,-0.2850683,-0.1571602,0.9455351,-0.4148763,-0.1932742,0.8891135,0,1,1,0,0,27.35369,65.26913,71.30858,17.99999,17.12092,6.789155,82.36549,8.311986,54.22425,R
1,1.825869,0,82.89681,64.40457,0.7152432,0.4120065,-0.6452534,-0.6433495,0.1231936,-0.4352636,-0.8918346,-0.1635059,-0.3319694,-0.9290113,-0.2931451,-0.213761,0.9318649,-0.4199629,-0.237699,0.8758597,0,1,1,0,0,26.76644,65.31555,71.85169,18.22669,17.07247,7.027293,82.07313,8.978834,55.65562,R
1,1.755828,0,82.89681,64.96897,0.8046538,0.3827359,-0.6229455,-0.6822405,0.1432334,-0.3684379,-0.918552,-0.1719469,-0.3096939,-0.9351599,-0.2715938,-0.3300908,0.9040336,-0.4159693,-0.3455245,0.8411791,0,1,1,0,0,27.09445,65.51534,72.06813,18.59975,16.93236,7.0346,80.70256,8.210757,55.46951,R
1,1.768792,0,82.89681,65.02731,0.8205439,0.3891417,-0.6103539,-0.6899543,0.1454842,-0.3531725,-0.9241772,-0.1737656,-0.3037013,-0.9367876,-0.2830011,-0.3378408,0.8976492,-0.4313112,-0.3432479,0.834357,0,1,1,0,0,27.16694,65.62528,72.10172,18.29306,16.64182,7.027354,80.24884,7.917351,55.2933,R
1,1.755925,0,82.89681,64.99894,0.8340909,0.3740595,-0.5913485,-0.7144133,0.1319782,-0.3220266,-0.9374863,-0.1512922,-0.2709847,-0.9506198,-0.2811656,-0.3786427,0.8818025,-0.4298092,-0.38187,0.8181928,0,1,1,0,0,27.56536,65.97701,72.51311,18.07889,16.52714,6.966831,79.71431,7.648653,54.7781,R
1,1.752231,0,82.89681,64.66569,0.8758247,0.4043302,-0.5514737,-0.7296532,0.1316775,-0.2917535,-0.9473863,-0.1349539,-0.2574829,-0.9568124,-0.2770641,-0.4303135,0.8591076,-0.4411426,-0.4316342,0.7868196,0,1,1,0,0,27.7735,66.14805,72.59356,17.9888,16.39802,6.775411,78.66058,7.104457,54.11655,R
1,1.757149,0,82.89681,64.6783,0.9033359,0.4092523,-0.5503997,-0.7277175,0.1303608,-0.2981711,-0.9455686,-0.1312882,-0.2748287,-0.9524876,-0.2796423,-0.4423571,0.852127,-0.4484418,-0.4372082,0.7795826,0,1,1,0,0,27.6569,66.04763,72.43649,18.02415,16.3824,6.752872,78.00773,6.865696,54.14047,R
1,1.770091,0,82.89681,64.32922,0.8748537,0.4211041,-0.5663167,-0.7084891,0.1576747,-0.3338686,-0.9293388,-0.1501328,-0.2849042,-0.9467258,-0.2778119,-0.4089341,0.8692488,-0.4512443,-0.4074065,0.7939765,0,1,1,0,0,27.36862,65.5703,72.2776,18.22686,16.48709,6.732288,79.06077,7.710641,54.13316,R
1,1.82623,0,82.89681,64.04796,0.7687277,0.4232504,-0.5668448,-0.7067857,0.1550916,-0.3771677,-0.9130669,-0.1586796,-0.2900914,-0.943752,-0.2549641,-0.3413511,0.9046948,-0.4218084,-0.3539381,0.8347488,0,1,1,0,0,27.47614,65.27905,72.08926,17.84388,16.27469,6.770311,80.40282,8.758685,53.71904,R
1,1.828667,0,82.89681,64.61767,0.7325643,0.4202542,-0.5933358,-0.6865413,0.1396713,-0.3956095,-0.9077363,-0.1444205,-0.3050582,-0.9413194,-0.2542972,-0.2864941,0.9237175,-0.4082549,-0.3059792,0.8600609,0,1,1,0,0,27.18161,65.33371,72.10015,17.996,16.49539,6.877748,81.46637,8.824562,54.85644,R
1,1.842095,0,82.89681,63.93955,0.7067865,0.4238334,-0.596047,-0.6819775,0.1226328,-0.4151369,-0.9014558,-0.1514904,-0.3418308,-0.9274709,-0.238641,-0.2650428,0.9342391,-0.3918395,-0.2936362,0.8719172,0,1,1,0,0,27.09311,65.22134,71.633,17.97259,16.56463,6.835972,81.14335,8.468765,54.76995,R
1,1.871379,0,82.89681,63.26268,0.6718552,0.4246192,-0.5970719,-0.6805907,0.1110527,-0.4323696,-0.8948317,-0.1661443,-0.3693662,-0.9143111,-0.2459917,-0.2409062,0.9388569,-0.403854,-0.2712536,0.8736838,0,1,1,0,0,27.28876,65.23838,71.18198,17.70584,16.44953,6.757834,80.64998,7.923228,54.14984,R
1,1.87933,0,82.89681,62.74482,0.652553,0.4297163,-0.589716,-0.6837975,0.1041641,-0.4350502,-0.8943607,-0.1579807,-0.3618864,-0.9187385,-0.2502015,-0.2330771,0.9397203,-0.412352,-0.2664107,0.871201,0,1,1,0,0,27.39968,65.41098,71.33736,17.50828,16.40484,6.639965,80.77647,7.927372,53.72852,R
1,1.865566,0,82.89681,62.62902,0.6638194,0.4158885,-0.6036473,-0.6801814,0.0998085,-0.4412655,-0.8918088,-0.1601249,-0.3614918,-0.9185225,-0.2605388,-0.2363658,0.9360827,-0.4188818,-0.2678998,0.8676219,0,1,1,0,0,27.33603,65.40741,71.38261,17.60102,16.50081,6.7013,80.68496,8.051974,53.78548,R
1,1.827016,0,82.89681,64.00289,0.7442959,0.4101102,-0.6325133,-0.6570666,0.1082946,-0.4374212,-0.8927121,-0.1851117,-0.3647042,-0.9125375,-0.2600842,-0.2377433,0.9358602,-0.4049031,-0.2612233,0.876251,0,1,1,0,0,26.64758,65.07751,71.266,18.10819,16.68255,7.023428,80.75566,8.237551,55.51963,R
1,1.759106,0,82.89681,65.21646,0.82796,0.3877094,-0.6119853,-0.6893152,0.1123357,-0.3702509,-0.9221144,-0.1701676,-0.2973022,-0.9394969,-0.2429945,-0.3391514,0.9088069,-0.3879193,-0.3525963,0.8515835,0,1,1,0,0,26.89893,65.55894,72.16772,18.36563,16.73131,7.062964,80.4173,8.274236,55.73555,R
1,1.752132,0,82.89681,65.46126,0.8141515,0.3644465,-0.6159832,-0.6983863,0.1198404,-0.3433562,-0.9315282,-0.1788613,-0.3014982,-0.9365402,-0.2600701,-0.3363562,0.9051122,-0.403384,-0.3464884,0.8468927,0,1,1,0,0,27.23189,65.64915,72.12321,18.40448,16.708,7.071419,80.4058,7.718525,55.49462,R
1,1.760709,0,82.89681,65.65089,0.8135183,0.3630095,-0.5829243,-0.7269273,0.1121537,-0.3066872,-0.9451796,-0.1668624,-0.2831842,-0.9444383,-0.254076,-0.3821618,0.8884806,-0.3991827,-0.3891449,0.8301923,0,1,1,0,0,27.75359,65.94846,72.27995,18.21698,16.51744,7.033453,79.82854,7.194517,54.82404,R
1,1.760069,0,82.89681,64.71625,0.8357291,0.3809782,-0.5666447,-0.7305952,0.1187575,-0.3112028,-0.9428942,-0.1627121,-0.283772,-0.9449859,-0.2638344,-0.4075192,0.8742537,-0.4252543,-0.4164619,0.8035659,0,1,1,0,0,27.80383,65.85998,72.21459,18.32345,16.57328,6.812033,79.23673,7.071418,54.00005,R
1,1.737302,0,82.89681,65.77396,0.8965483,0.3765664,-0.5568216,-0.7403697,0.09707338,-0.2633888,-0.9597932,-0.1485674,-0.2654042,-0.9526218,-0.272343,-0.4423892,0.8544713,-0.4286438,-0.4383906,0.7899862,0,1,1,0,0,27.81706,66.31744,72.46207,18.20519,16.50948,6.857708,78.23598,6.409328,54.71609,R
1,1.70362,0,82.89681,67.1928,0.9850852,0.3859614,-0.5757639,-0.7207841,0.09277111,-0.2452419,-0.965013,-0.1355113,-0.2740207,-0.9521289,-0.288654,-0.4572922,0.8411674,-0.4430402,-0.4454935,0.7779787,0,1,1,0,0,27.19124,66.4885,72.53997,18.44263,16.67687,6.922535,77.48441,6.252525,56.47438,R
1,1.72207,0,82.89681,66.12494,0.9006225,0.3805767,-0.5976564,-0.7056686,0.1302345,-0.2952455,-0.9465036,-0.1640472,-0.2834542,-0.9448504,-0.2951102,-0.4057594,0.8650256,-0.448748,-0.4051045,0.7965648,0,1,1,0,0,27.26687,65.99061,72.33676,18.70998,16.82738,6.945971,79.28974,6.79249,55.74128,R
1,1.800123,0,82.89681,64.35769,0.7748543,0.3982411,-0.5837387,-0.7075684,0.1475275,-0.3676509,-0.9181876,-0.1837849,-0.3059961,-0.9341249,-0.2589687,-0.3460967,0.9017496,-0.417639,-0.3614493,0.8336259,0,1,1,0,0,27.52431,65.25804,71.83406,18.38792,16.59756,6.896461,80.4407,8.292113,53.90644,R
1,1.845797,0,82.89681,64.45612,0.680288,0.4054969,-0.6109034,-0.6799774,0.1285451,-0.4197994,-0.898468,-0.1858848,-0.319993,-0.9290056,-0.2400371,-0.2375957,0.9412388,-0.386586,-0.2628644,0.8839986,0,1,1,0,0,27.25185,64.96421,71.67834,18.16279,16.66397,6.931299,82.01432,9.285061,54.66845,R
1,1.891802,0,82.89681,63.12464,0.6078023,0.4086443,-0.6022043,-0.6858279,0.1118182,-0.4394549,-0.8912778,-0.1713677,-0.3750499,-0.9110273,-0.2432576,-0.2076708,0.9474695,-0.3827637,-0.2420563,0.8915721,0,1,1,0,0,27.51932,65.06325,71.02824,17.95495,16.71047,6.880952,81.48862,8.131912,53.72584,R
1,1.885156,0,82.89681,63.40183,0.6097004,0.407989,-0.5927848,-0.694371,0.1193058,-0.4251856,-0.8972086,-0.1680283,-0.3663739,-0.9151703,-0.2446989,-0.2247705,0.9431864,-0.3791269,-0.2588897,0.8883912,0,1,1,0,0,27.68881,65.18439,71.1269,17.97672,16.6763,6.951329,81.4928,8.046307,53.67595,R
1,1.892951,0,82.89681,63.19835,0.6112217,0.4244784,-0.5936195,-0.6836914,0.1065146,-0.4288102,-0.8970933,-0.1724456,-0.3480569,-0.9214764,-0.2580784,-0.2013515,0.944909,-0.3989981,-0.2352039,0.8862729,0,1,1,0,0,27.4741,65.45679,71.3617,17.74784,16.65103,6.805801,81.84702,8.200597,53.95339,R
1,1.794893,0,82.89681,65.19034,0.6718559,0.2440432,-0.3298199,-0.9119549,-0.03585255,0.01945086,-0.9991677,-0.1485839,0.1370225,-0.9793609,-0.3440099,-0.5379957,0.7695569,-0.4462573,-0.5405124,0.7132326,0,1,1,0,0,33.6324,67.17426,71.58727,16.06369,15.37915,7.18015,74.96554,8.3488,47.74081,R
