1,0.2467409,0,79.31387,53.74123,0,-0.1406285,0.3014901,-0.9430415,-0.2793457,0.1554104,-0.9475303,-0.1802323,0.1977859,-0.9635336,-0.1013825,0.1866134,-0.9771883,-0.02694732,0.1118215,-0.9933628,0,1,1,1,1,28.4907,65.84175,72.6151,66.26411,50.9433,17.56866,8.753563,8.562732,46.65097,X
1,0.1900262,0,79.31387,54.38348,0,-0.1393301,0.3195095,-0.9372838,-0.2501466,0.1058503,-0.9624045,-0.1647544,0.1437035,-0.9758101,-0.08606616,0.1684346,-0.9819483,-0.04567941,0.03760827,-0.998248,0,1,1,1,1,27.19305,66.24319,72.91115,66.51409,51.53975,17.70918,8.648792,8.653792,48.59877,X
1,0.2228338,0,79.31387,54.07137,0,-0.1297551,0.3235667,-0.9372663,-0.2112849,0.08581498,-0.9736501,-0.1486055,0.1651898,-0.9750019,-0.1117576,0.1539835,-0.9817328,-0.1130062,0.03528456,-0.9929676,0,1,1,1,1,27.02321,66.50756,72.88537,66.44982,51.79229,17.86488,9.692197,8.908817,48.73167,X
1,0.2207087,0,79.31387,55.22248,0,-0.1080374,0.3280384,-0.9384662,-0.2029529,0.09466684,-0.9746016,-0.1271373,0.1605279,-0.9788089,-0.08527219,0.1652467,-0.982559,-0.07549112,0.06529118,-0.9950066,0,1,1,1,1,27.71929,66.52819,73.09468,66.59759,51.80024,17.84136,9.601431,8.753627,48.59815,X
1,0.1600734,0,79.31387,56.25165,0,-0.109771,0.3200383,-0.9410238,-0.2097057,0.07822913,-0.97463,-0.1193685,0.1209522,-0.9854551,-0.06513149,0.1310121,-0.989239,-0.01736262,0.02685917,-0.9994885,0,1,1,1,1,27.31817,66.47942,73.2992,66.97295,51.92622,17.64814,9.176801,8.655497,49.44296,X
1,0.196806,0,79.31387,58.49245,0,-0.1152196,0.3594963,-0.9260058,-0.1832195,0.07652707,-0.9800889,-0.1190317,0.1171134,-0.9859594,-0.07658374,0.1201954,-0.9897919,-0.05147091,0.06049798,-0.9968404,0,1,1,1,1,27.02713,66.56805,73.32547,66.9191,52.03832,17.70576,9.449155,9.176475,50.33205,X
1,0.2274006,0,79.31387,60.36097,0,-0.1130154,0.3637876,-0.9246005,-0.1828643,0.07435182,-0.9803226,-0.1094455,0.1482663,-0.9828727,-0.07026584,0.1307656,-0.9889202,-0.05522173,0.08479105,-0.9948673,0,1,1,1,1,27.55522,66.48721,73.2757,66.86474,51.96161,17.79355,9.5338,8.946943,49.88193,X
1,0.2329753,0,79.31387,55.33661,0,-0.1116081,0.3520572,-0.9293005,-0.2127299,0.1008648,-0.9718911,-0.1438788,0.1605231,-0.9764892,-0.1001164,0.1736246,-0.9797097,-0.08387754,0.1070334,-0.9907111,0,1,1,1,1,26.38248,66.23876,72.97576,66.53453,51.79566,17.70547,9.469582,9.045988,49.61579,X
1,0.1753254,0,79.31387,45.78687,0,-0.04113893,0.2282738,-0.9727274,-0.1928653,0.1166208,-0.9742703,-0.1051619,0.1688282,-0.9800194,-0.08608831,0.1081736,-0.9903976,-0.05893191,-0.00919487,-0.9982196,1,1,1,1,1,30.11317,66.96868,73.22796,66.71879,51.74552,17.88901,10.48054,8.344891,45.53474,X
1,0.2027363,0,79.31387,55.80036,0,0.06789698,0.1543985,-0.9856729,-0.1925327,0.03712309,-0.9805881,-0.1753774,0.09539738,-0.9798685,-0.1871914,0.06408563,-0.9802308,-0.1979575,-0.01269994,-0.9801283,1,1,1,1,1,34.80978,67.79983,72.81036,65.80665,50.71951,18.65085,11.53759,9.585813,43.41117,X
1,0.1340007,0,79.31387,60.44678,0,0.008459286,0.2338498,-0.9722359,-0.1971356,0.08943995,-0.9762878,-0.1908414,0.08907075,-0.9775714,-0.2135996,0.0601007,-0.9750708,-0.2596402,0.01658127,-0.9655631,1,1,1,1,1,35.27238,67.93922,72.90899,65.73973,50.75276,19.20516,11.79676,9.852598,44.23812,X
1,0.1586727,0,79.31387,62.06907,0,-0.0207756,0.1829581,-0.9829012,-0.2043588,0.01520748,-0.9787779,-0.1918277,0.02921656,-0.9809936,-0.2162024,0.005095451,-0.9763353,-0.2340921,0.01785076,-0.9720505,1,1,1,1,1,35.51793,67.96048,72.75436,65.36945,50.19661,18.85465,12.03037,9.625032,44.26229,X
1,0.2322162,0,79.31387,52.60253,0,-0.2908618,0.2721031,-0.9172565,-0.4120237,0.2049952,-0.8878139,-0.349071,0.0780204,-0.9338428,-0.3670081,0.003135292,-0.9302124,-0.3953666,-0.07227081,-0.9156758,0,1,1,1,1,36.52586,66.67354,70.96875,62.4262,46.55711,20.34049,13.22553,9.077357,39.6988,X
1,0.7022336,0,79.31387,60.6508,0,-0.2486976,0.1516761,-0.9566315,-0.4049753,0.3678611,-0.8370623,-0.4599678,0.2511835,-0.8516669,-0.5375347,0.2249339,-0.8126877,-0.6645676,0.2438487,-0.7063199,1,1,1,1,1,48.19345,64.76,65.57499,54.71676,39.59013,25.33917,17.07503,11.53561,29.83183,X
1,0.1715425,0,79.31387,45.10347,0,-0.4920315,0.06996207,-0.8677617,-0.6642458,0.0287273,-0.7469619,-0.5651793,-0.04036658,-0.8239799,-0.50883,-0.1071409,-0.8541738,-0.4928085,-0.1393264,-0.8589109,0,1,1,1,1,32.95942,62.04704,66.75784,58.68936,42.86529,19.87749,11.2347,7.522682,36.39356,X
1,0.1556319,0,79.31387,44.48379,0,-0.4130962,0.07092461,-0.9079214,-0.598128,-0.009138479,-0.8013484,-0.5211825,-0.02132137,-0.8531789,-0.4706331,-0.1059807,-0.8759409,-0.4622026,-0.1642847,-0.8714237,0,1,1,1,1,34.8173,63.86699,67.81055,59.52915,43.49763,20.16697,11.82412,7.286077,37.07755,X
1,0.1923848,0,79.31387,44.3055,0,-0.4249496,0.05909786,-0.9032859,-0.6025677,0.004130351,-0.7980571,-0.5352767,-0.01773604,-0.8444905,-0.4732605,-0.08003912,-0.8772789,-0.4365335,-0.2044931,-0.8761399,0,1,1,1,1,34.87018,63.67297,67.43076,59.42605,43.39948,19.8039,11.02124,7.640927,36.25357,X
1,0.1664973,0,79.31387,44.36736,0,-0.4111323,0.02303128,-0.9112847,-0.5663352,-0.06205742,-0.8218354,-0.5012577,-0.02468579,-0.8649459,-0.4425747,-0.1170583,-0.8890585,-0.4182155,-0.1882176,-0.8886338,0,1,1,1,1,34.63863,64.31065,68.10058,59.9674,43.95429,19.78594,11.6296,7.310326,37.37058,X
1,0.1547762,0,79.31387,43.91866,0,-0.414903,0.01998416,-0.9096462,-0.5526414,-0.06926002,-0.8305363,-0.4897947,-0.05403641,-0.8701617,-0.450478,-0.1178475,-0.8849754,-0.4575127,-0.1583686,-0.8749866,0,1,1,1,1,34.39845,64.64485,68.30402,59.83374,43.93681,20.2844,12.00384,7.456296,37.7267,X
1,0.1482164,0,79.31387,42.98624,0,-0.4504491,0.01082726,-0.8927364,-0.5934491,-0.0962928,-0.7990906,-0.5160891,-0.06138192,-0.8543326,-0.4474896,-0.152255,-0.881233,-0.4082485,-0.2111361,-0.8881186,0,1,1,1,1,33.13182,63.53593,67.88492,59.78849,43.68669,19.50618,11.34777,7.156631,37.03311,X
1,0.3645295,0,79.31387,56.7339,0,-0.5114386,0.2906172,-0.8086855,-0.6528658,0.1916921,-0.7328168,-0.6410896,0.2163409,-0.7363428,-0.6517749,0.2044588,-0.7303329,-0.6844422,0.1595093,-0.7114039,0,1,1,1,1,36.62373,62.81412,63.64465,54.23111,39.90988,20.6238,14.19824,9.323287,36.39299,X
1,0.6216204,0,79.31387,59.64096,0,-0.4112281,0.3230222,-0.852378,-0.5726061,0.4473364,-0.6870316,-0.5835816,0.3475602,-0.7339172,-0.6321164,0.3243754,-0.7037112,-0.6896133,0.2767485,-0.6692113,1,1,1,1,1,41.41259,62.3627,62.98974,52.76246,38.94479,21.3572,16.19106,10.18491,32.14499,X
1,0.6751657,0,79.31387,60.512,0,-0.4357802,0.3016044,-0.8480155,-0.5872779,0.352389,-0.7286471,-0.5639988,0.4034098,-0.7205317,-0.6031466,0.4155376,-0.6808397,-0.6249115,0.4314226,-0.6506613,1,1,1,1,1,40.78686,62.74159,62.80332,52.08146,37.7751,21.26443,16.5872,9.076265,32.88182,X
1,1.067431,0.1036468,79.31387,54.06276,0.04156138,-0.4440147,0.3807881,-0.8110803,-0.4887057,0.6771451,-0.5501284,-0.4722754,0.6244121,-0.6221458,-0.5216206,0.6008974,-0.6056685,-0.5312964,0.6052486,-0.5927885,1,1,1,1,1,41.51962,56.77791,58.38067,48.31386,34.60697,20.7757,16.10126,8.725629,25.1962,X
1,1.209007,0.2094167,79.31387,54.92049,0,-0.411504,0.354926,-0.8394594,-0.4172477,0.7952458,-0.4398733,-0.4092497,0.732437,-0.5441054,-0.4569373,0.7133911,-0.5313017,-0.4971918,0.6822434,-0.536045,1,1,1,1,1,45.59971,54.05199,54.48259,44.74123,32.9235,20.07626,16.25401,7.971927,23.51297,X
1,3.014617,1,82.48383,30.37874,0.7623889,0.2867334,-0.8154741,-0.5027784,-0.09414537,-0.9049145,0.4150499,-0.245149,0.03014593,0.9690166,-0.3744262,0.1260825,0.9186448,-0.5758092,0.08660644,0.812984,0,0,0,0,0,27.67123,36.40288,26.10844,26.78621,23.05333,6.348261,7.962092,40.88735,17.45355,X
1,2.98595,0.9734903,82.48383,33.41298,0.680831,0.2970782,-0.815593,-0.4965405,-0.1025158,-0.9342678,0.3415174,-0.2780374,0.01343208,0.9604763,-0.405303,0.1264364,0.9053967,-0.5965509,0.08601525,0.7979527,0,0,0,0,0,27.58403,38.18232,25.83283,26.42863,22.9056,6.361007,8.289844,42.47117,19.65481,X
1,2.977969,1,82.48383,36.93097,0.6326862,0.2832743,-0.8210657,-0.4955874,-0.1077515,-0.9503676,0.2918752,-0.2799192,0.02281096,0.9597525,-0.4172606,0.1204151,0.900774,-0.6032936,0.0845103,0.7930289,0,0,0,0,0,27.53695,39.11683,25.89827,26.48023,22.83952,6.508924,7.85121,45.02308,22.32584,X
1,2.968965,1,82.48383,39.3034,0.630926,0.2883087,-0.8133256,-0.5053509,-0.1109587,-0.9662586,0.2324487,-0.2793128,0.01329801,0.960108,-0.4150413,0.1072439,0.9034597,-0.6026453,0.07234674,0.794723,0,0,0,0,0,27.44453,40.36591,25.64918,26.40055,22.76435,6.494339,7.86967,46.8435,24.0936,X
1,2.958237,0.9984244,82.48383,41.16559,0.6284077,0.2894762,-0.8144363,-0.5028887,-0.1038082,-0.975935,0.1917669,-0.27224,0.01141365,0.9621617,-0.4221595,0.1128863,0.8994654,-0.6110016,0.07828353,0.7877491,0,0,0,0,0,27.46449,41.20281,25.82177,26.4786,22.71914,6.549243,7.746446,48.37513,25.43654,X
1,2.971805,1,82.48383,40.4841,0.6184664,0.2882015,-0.8190854,-0.4960232,-0.130377,-0.9676918,0.2158111,-0.289533,0.03177186,0.9566405,-0.4253888,0.1269969,0.8960559,-0.6204169,0.09483668,0.7785171,0,0,0,0,0,27.41795,40.84967,25.50458,26.35728,22.7051,6.397225,7.842037,47.62623,24.98099,X
1,2.982055,1,82.48383,38.41485,0.6067259,0.2749315,-0.823745,-0.4958397,-0.1563666,-0.9514536,0.2651142,-0.2981167,0.06143944,0.9525501,-0.4193614,0.1456665,0.8960565,-0.6121511,0.1143908,0.782423,0,0,0,0,0,27.32973,40.19437,25.07354,26.10768,22.71752,6.296383,7.896061,46.09349,23.43518,X
1,2.974652,1,82.48383,39.56929,0.6166509,0.274133,-0.8243591,-0.4952608,-0.1585806,-0.9575038,0.2409121,-0.302802,0.0511692,0.9516789,-0.4284201,0.1413199,0.89246,-0.6201456,0.1130675,0.7762958,0,0,0,0,0,27.32759,40.66993,25.13722,26.06325,22.58678,6.364659,7.86785,46.83834,24.35185,X
1,2.962188,1,82.48383,41.50526,0.6157356,0.2849633,-0.8227473,-0.4918158,-0.1503,-0.9666555,0.2073331,-0.305601,0.05017896,0.9508365,-0.4349394,0.1371433,0.8899547,-0.6239247,0.1054281,0.7743403,0,0,0,0,0,27.18638,41.35531,25.27698,26.2171,22.67575,6.430607,7.782248,48.11585,25.73597,X
1,2.961172,0.9840666,82.48383,41.29848,0.6128096,0.2827056,-0.8236282,-0.4916444,-0.1494419,-0.9671038,0.2058575,-0.3038961,0.05332667,0.9512116,-0.4291517,0.1383298,0.892577,-0.6196046,0.1052766,0.7778219,0,0,0,0,0,27.25933,41.47766,25.23427,26.28663,22.82737,6.35543,7.885598,48.15477,25.5941,X
1,2.944355,0.9379131,82.48383,44.54713,0.6177076,0.2908032,-0.820443,-0.4922466,-0.140701,-0.9818181,0.127422,-0.2989347,0.04234901,0.9533334,-0.4327003,0.1295394,0.8921828,-0.6280085,0.09902894,0.7718798,0,0,0,0,0,27.17595,43.04313,25.25324,26.28399,22.63818,6.424728,7.790376,50.54639,28.00554,X
1,2.961359,0.9772769,82.48383,41.29619,0.6074571,0.2819574,-0.8229479,-0.4932107,-0.1456052,-0.9691685,0.1987751,-0.2968019,0.05306325,0.9534636,-0.4279567,0.1399491,0.8928983,-0.61993,0.1058412,0.7774859,0,0,0,0,0,27.27968,41.51389,25.31125,26.33179,22.81741,6.373575,7.80628,48.37453,25.55415,X
1,2.951182,0.9278933,82.48383,43.28015,0.6043549,0.2825518,-0.8231961,-0.4924557,-0.1469789,-0.9787955,0.1426768,-0.3041466,0.05503903,0.9510339,-0.4352134,0.1388959,0.8895488,-0.6264413,0.1049891,0.7723656,0,0,0,0,0,27.21805,42.5452,25.26667,26.38144,22.84805,6.391688,7.782302,49.91459,27.04826,X
1,2.957714,0.9424007,82.48383,42.3426,0.5972708,0.2734534,-0.8286383,-0.4884484,-0.1558134,-0.9726808,0.1720878,-0.2992471,0.07154874,0.9514893,-0.4253083,0.1525616,0.8920975,-0.6184946,0.1179871,0.7768806,0,0,0,0,0,27.25155,42.10309,25.23208,26.40709,22.95271,6.326781,7.808359,49.30862,26.33086,X
1,2.963129,0.961326,82.48383,42.5811,0.6022207,0.2800771,-0.8281158,-0.4855729,-0.1564292,-0.97221,0.1741767,-0.3041087,0.07066403,0.9500129,-0.4317828,0.1515513,0.8891546,-0.6227691,0.1153429,0.7738571,0,0,0,0,0,27.20365,42.00711,25.14163,26.32284,22.92766,6.321321,7.794776,49.20145,26.53779,X
1,2.969246,0.9831867,82.48383,43.54467,0.6012161,0.2788161,-0.8252879,-0.4910818,-0.1546748,-0.975391,0.1571245,-0.2995605,0.07041225,0.9514755,-0.4270445,0.1505641,0.8916072,-0.6186438,0.1151649,0.7771853,0,0,0,0,0,27.11349,42.18453,25.08699,26.23353,22.78419,6.363375,7.754346,49.73731,27.20382,X
1,2.957378,0.9023793,82.48383,43.81358,0.597433,0.2821097,-0.8276269,-0.4852295,-0.1442903,-0.980047,0.1367042,-0.3044153,0.07544765,0.9495468,-0.4348789,0.1521876,0.8875356,-0.6242872,0.1158261,0.7725605,0,0,0,0,0,27.03681,42.37496,25.35919,26.3623,22.79708,6.446895,7.593485,49.99711,27.29854,X
1,2.95123,0.8835455,82.48383,44.62374,0.6008714,0.2805565,-0.8300493,-0.4819815,-0.1399592,-0.9826323,0.1218413,-0.3015112,0.07919339,0.9501681,-0.4350473,0.1579812,0.8864399,-0.6268855,0.1213151,0.7696085,0,0,0,0,0,27.07578,42.90491,25.30884,26.3314,22.75203,6.437328,7.599064,50.66417,27.94635,X
1,2.978697,0.9143973,82.48383,41.3283,0.5799012,0.2679788,-0.834748,-0.4810231,-0.1498885,-0.9687149,0.1978003,-0.2890732,0.1123211,0.9506948,-0.4139198,0.1826551,0.8918001,-0.6032362,0.1392472,0.7853129,0,0,0,0,0,27.12594,41.39283,25.09851,26.28499,23.0259,6.296169,7.650731,48.45034,25.37826,X
1,2.966867,0.927954,82.48383,42.08658,0.5958259,0.2746987,-0.8310642,-0.4836042,-0.1471003,-0.9733139,0.176129,-0.2999212,0.08644941,0.9500389,-0.4328052,0.1614598,0.8869106,-0.6286769,0.1240391,0.7677106,0,0,0,0,0,27.17437,41.85447,25.16333,26.27721,22.74896,6.358469,7.603543,49.04902,26.09911,X
1,2.965085,0.904148,82.48383,41.42823,0.5841058,0.2674595,-0.8294643,-0.4903616,-0.138881,-0.9749664,0.1736452,-0.2952763,0.09302904,0.9508719,-0.4286161,0.1623799,0.8887751,-0.621753,0.1210526,0.773802,0,0,0,0,0,27.23591,41.94036,25.14785,26.23158,22.77979,6.357733,7.521672,49.11974,25.56815,X
1,2.969701,0.8930902,82.48383,40.13463,0.5689222,0.2592136,-0.8311389,-0.4919516,-0.1300862,-0.9731935,0.1896632,-0.2843495,0.1041131,0.9530508,-0.4149837,0.1700506,0.893796,-0.6067835,0.1227214,0.7853364,0,0,0,0,0,27.37942,41.61088,25.21356,26.41242,23.07981,6.296342,7.571747,48.76342,24.56925,X
1,2.980414,0.9121488,82.48383,39.44754,0.5690205,0.2581407,-0.8332127,-0.4889988,-0.1381927,-0.9677395,0.2106728,-0.2837449,0.110652,0.9524941,-0.4143502,0.1761086,0.8929163,-0.6064329,0.1290625,0.7845904,0,0,0,0,0,27.34414,41.06743,25.15427,26.38724,23.087,6.273244,7.553249,48.01991,24.04286,X
1,3.000443,0.9464582,82.48383,38.06567,0.5768382,0.2545671,-0.8361276,-0.4858872,-0.1546793,-0.9552743,0.2520421,-0.2878888,0.1149572,0.9507391,-0.4123581,0.1829514,0.8924627,-0.6020785,0.1392681,0.7861971,0,0,0,0,0,27.27746,39.99741,25.04274,26.25472,23.04638,6.255039,7.634696,46.3528,22.99555,X
1,3.000838,0.9456773,82.48383,37.74287,0.5716369,0.2494442,-0.8390006,-0.483586,-0.1578068,-0.9511713,0.2652738,-0.2859017,0.1260354,0.9499343,-0.407043,0.1896838,0.8934965,-0.5903752,0.1413212,0.7946606,0,0,0,0,0,27.21615,39.69778,25.12511,26.30534,23.22265,6.272897,7.593021,45.98782,22.65664,X
1,2.963358,0.8969099,82.48383,44.66214,0.5948001,0.2672473,-0.8348831,-0.4811954,-0.1518796,-0.9802884,0.1263611,-0.2960728,0.1023154,0.9496697,-0.4273714,0.1739255,0.8871886,-0.6094885,0.1298913,0.7820818,0,0,0,0,0,26.9745,42.64991,25.12398,26.19472,22.91807,6.417275,7.496751,50.49038,27.89273,X
1,2.949906,0.9077138,82.48383,48.9918,0.6068508,0.2855715,-0.8333465,-0.4732679,-0.140952,-0.9886094,0.05276516,-0.3138586,0.09368024,0.9448369,-0.4589828,0.1717162,0.8716928,-0.644199,0.1317857,0.753419,0,0,0,0,0,26.88058,44.31833,25.07378,25.95561,22.40165,6.549269,7.287627,53.09001,31.19662,X
1,2.991036,0.9658054,82.48383,42.85737,0.581588,0.2502474,-0.8411468,-0.4794248,-0.1685594,-0.9694254,0.1783313,-0.2964003,0.1279996,0.9464476,-0.4235134,0.1981569,0.8839515,-0.6015168,0.1513214,0.7843975,0,0,0,0,0,27.09712,41.69118,24.85252,26.03993,23.06653,6.30046,7.546399,49.27637,26.61619,X
1,2.962521,0.9387352,82.48383,47.59871,0.6054285,0.2680359,-0.8380991,-0.4751282,-0.1603983,-0.9833272,0.08567412,-0.3093158,0.1015398,0.9455228,-0.4444628,0.1787813,0.8777756,-0.6244314,0.1360842,0.7691335,0,0,0,0,0,26.95597,43.56458,24.98949,25.97334,22.69777,6.467171,7.441798,52.01696,30.14916,X
1,2.963062,0.9450809,82.48383,47.65051,0.609544,0.2694433,-0.8371584,-0.4759898,-0.1605445,-0.9834316,0.08418878,-0.3114734,0.09593493,0.9453998,-0.4478154,0.1748638,0.8768603,-0.6306231,0.1335165,0.7645181,0,0,0,0,0,26.97405,43.57506,24.97285,25.97085,22.61913,6.470082,7.460003,51.99702,30.21198,X
1,2.953804,0.901794,82.48383,46.13659,0.5984382,0.2747176,-0.8339322,-0.4786309,-0.1565108,-0.9815947,0.1094365,-0.2982478,0.09657007,0.9495907,-0.4377708,0.1720694,0.8824675,-0.6327392,0.135622,0.762396,0,0,0,0,0,26.93017,43.33601,25.07958,26.06872,22.47023,6.453547,7.374315,51.36359,29.02061,X
1,2.94724,0.8530797,82.48383,44.8271,0.5862932,0.2704759,-0.832895,-0.482834,-0.1506,-0.981541,0.1178856,-0.2895367,0.1003172,0.9518955,-0.4305925,0.1717231,0.8860595,-0.62907,0.1342583,0.7656668,0,0,0,0,0,26.97942,43.2552,25.15974,26.2538,22.62919,6.406915,7.348198,51.08602,28.01622,X
1,2.946697,0.8495468,82.48383,44.88614,0.5819319,0.268569,-0.8335438,-0.4827788,-0.1525601,-0.9811026,0.1190087,-0.2855652,0.1069237,0.9523759,-0.4237759,0.1771152,0.8882816,-0.6213617,0.1380414,0.7712679,0,0,0,0,0,26.96093,43.38195,25.10052,26.25755,22.73422,6.359401,7.395952,51.23593,28.05469,X
1,2.960544,0.8661525,82.48383,46.97263,0.5861293,0.26916,-0.8361698,-0.4778838,-0.1620038,-0.983678,0.07830927,-0.3042531,0.1172532,0.9453474,-0.4442749,0.1887597,0.8757794,-0.6315278,0.1474295,0.7612077,0,0,0,0,0,26.89367,43.9887,24.76783,25.91515,22.60925,6.378939,7.331652,52.2442,29.69553,X
1,2.964466,0.859014,82.48383,43.00056,0.5694943,0.2484536,-0.8410437,-0.4805377,-0.1592958,-0.9748967,0.1555681,-0.2757297,0.1337034,0.9518911,-0.4089814,0.2007916,0.8901781,-0.6054769,0.1602414,0.7795642,0,0,0,0,0,27.07772,42.65184,24.9658,26.18801,22.90034,6.244354,7.453768,50.21039,26.59786,X
1,2.980801,0.8961946,82.48383,41.01497,0.5715579,0.2508556,-0.8372137,-0.4859472,-0.1485425,-0.9705846,0.1894748,-0.2765015,0.1237331,0.9530147,-0.4090304,0.1904805,0.8924187,-0.6020999,0.1463969,0.7848845,0,0,0,0,0,27.21246,41.63835,24.97614,26.22061,22.96046,6.261681,7.503147,48.82516,25.16843,X
1,2.987384,0.9689067,82.48383,44.53685,0.5947874,0.2470564,-0.8437325,-0.4765277,-0.1830421,-0.9725054,0.1439753,-0.306398,0.1229739,0.9439267,-0.4393409,0.1957014,0.8767443,-0.6232834,0.1514172,0.7671967,0,0,0,0,0,27.05599,42.37387,24.69562,25.87635,22.78922,6.313179,7.454999,50.20228,27.96217,X
1,2.978012,0.9524214,82.48383,46.491,0.5996376,0.2503474,-0.8481181,-0.466928,-0.2069225,-0.9717695,0.1133457,-0.3170015,0.1278641,0.9397663,-0.4495299,0.2046045,0.8695171,-0.6353252,0.1656193,0.7542759,0,0,0,0,0,26.85864,43.17271,24.5995,25.78188,22.69636,6.297042,7.462727,51.16658,29.432,X
1,2.975168,0.9847419,82.48383,47.99644,0.6016747,0.2528565,-0.8484375,-0.4649918,-0.2181385,-0.9703099,0.1044719,-0.3157643,0.1282015,0.9401368,-0.4453264,0.2079164,0.8708933,-0.6296543,0.1693734,0.7581875,0,0,0,0,0,26.75302,43.74308,24.49753,25.71463,22.71941,6.278952,7.513184,52.01077,30.62147,X
1,2.988502,0.8988422,82.48383,46.83646,0.5705579,0.220781,-0.8684459,-0.4439117,-0.2740992,-0.9531077,0.1282788,-0.314667,0.1995154,0.9279969,-0.4260904,0.2718004,0.8628856,-0.6081317,0.2376172,0.757439,0,0,0,0,0,26.6096,43.69419,24.00266,25.57504,23.15713,6.013715,7.689993,51.47159,29.81287,X
1,3.059817,0.9136679,82.48383,48.5888,0.4637619,0.148241,-0.8557692,-0.4956648,-0.3740206,-0.9209611,-0.1092662,-0.2762314,0.3141587,0.9082954,-0.4518996,0.3863531,0.8040634,-0.6016455,0.3581132,0.7139871,0,0,0,0,0,26.14866,47.5332,21.64086,22.79087,21.70868,6.265755,5.960233,57.07207,31.08375,X
1,3.064686,0.8222135,82.48383,47.8935,0.4761958,0.134951,-0.8599479,-0.4922171,-0.3071871,-0.9443445,-0.1176841,-0.293678,0.2930513,0.9098759,-0.4669437,0.3807369,0.7981247,-0.6188531,0.3557332,0.700339,0,0,0,0,0,26.71934,46.49741,22.35405,23.20683,21.64491,6.343735,6.087866,56.26393,30.33197,X
1,3.068271,0.8135475,82.48383,46.22227,0.4625539,0.1121537,-0.8654895,-0.4882105,-0.344347,-0.9355838,-0.07815465,-0.2732356,0.3207234,0.9069062,-0.4424599,0.3989258,0.8031734,-0.5924413,0.3684654,0.7164123,0,0,0,0,0,26.65033,45.96088,22.263,23.33185,22.06601,6.312184,6.135193,55.43279,29.088,X
1,3.060649,0.9308367,82.48383,45.38569,0.5223,0.120124,-0.8470945,-0.5176882,-0.3546648,-0.93441,-0.03302805,-0.2781091,0.218492,0.9353698,-0.441331,0.3119221,0.8413867,-0.5930324,0.2874313,0.7521275,0,0,0,0,0,26.98706,45.31614,22.42138,23.57509,22.04939,6.262122,6.502731,53.9631,28.752,X
1,3.073702,1,82.48383,50.09074,0.5755734,0.1249251,-0.86836,-0.4799422,-0.4209987,-0.9070591,-0.001945654,-0.2689402,0.2160494,0.9386127,-0.4509217,0.3348421,0.8273755,-0.6183003,0.3320198,0.7123677,0,0,0,0,0,26.08235,44.73548,22.53458,23.46785,21.39671,6.178273,6.001325,54.3471,32.29834,X
1,3.059695,1,82.48383,53.36031,0.5843189,0.1326577,-0.8687578,-0.4771391,-0.4313618,-0.8983343,-0.08320204,-0.2814339,0.2126347,0.9357251,-0.4607556,0.3341991,0.8222014,-0.6210611,0.3356249,0.7082648,0,0,0,0,0,25.88592,46.53973,22.26283,23.13246,21.13841,6.250897,5.952485,55.99384,34.66797,X
1,3.060533,1,82.48383,55.04938,0.6229239,0.09533358,-0.8677371,-0.4877949,-0.4925838,-0.8588803,-0.140306,-0.2735722,0.1974977,0.9413569,-0.439514,0.3296963,0.8355404,-0.5994258,0.3491375,0.7202719,0,0,0,0,0,25.37607,47.23849,21.85162,22.95286,21.01634,6.149342,6.192857,56.41657,36.44398,X
1,3.115799,1,82.48383,47.69696,0.6222402,0.02699492,-0.8148828,-0.578997,-0.5559959,-0.8304899,-0.03398857,-0.2981565,0.183097,0.9367914,-0.4422562,0.3149321,0.8397781,-0.5839529,0.3204611,0.7458577,0,0,0,0,0,25.90298,43.9209,20.97575,22.17928,20.7405,6.325285,6.671346,51.5081,30.85948,X
1,3.129429,1,82.48383,45.1557,0.6531394,0.02354033,-0.8016374,-0.5973471,-0.5860611,-0.8102292,0.007811942,-0.3384182,0.1265229,0.9324511,-0.4762517,0.2721273,0.8361406,-0.635208,0.3193697,0.7032168,0,0,0,0,0,26.4571,42.85476,20.7954,21.80648,19.4769,6.170019,6.717168,49.02627,29.71201,X
1,3.118894,1,82.48383,48.1553,0.6396275,0.002296522,-0.8111506,-0.5848328,-0.6140901,-0.7885521,-0.03284507,-0.372661,0.1863079,0.9090727,-0.4762985,0.2879153,0.8308096,-0.6548801,0.3797623,0.6533856,0,0,0,0,0,26.36193,43.64358,20.65145,21.8186,18.64834,6.013369,7.185459,50.25517,32.09207,X
1,3.141593,1,82.48383,45.45549,0.5949154,-0.0951186,-0.7698489,-0.6310983,-0.7038424,-0.7082108,-0.05516672,-0.343634,0.2532453,0.9043133,-0.4410867,0.3584873,0.8227572,-0.5851275,0.4026034,0.7039434,0,0,0,0,0,27.16147,44.14341,19.86589,20.92933,19.57001,6.051725,7.088708,50.24799,28.5317,X
1,3.094399,1,82.48383,50.20794,0.5976719,-0.09277993,-0.7837409,-0.6141191,-0.7006898,-0.6911029,-0.1772303,-0.356422,0.2367905,0.9038216,-0.4459061,0.3501324,0.8237566,-0.6005496,0.3978111,0.6936039,0,0,0,0,0,27.37514,47.09192,20.13322,20.8273,19.35737,5.985724,7.061206,53.061,31.55939,X
1,3.016212,0.9514534,82.48383,58.50041,0.608018,-0.09022631,-0.787246,-0.6100023,-0.6368329,-0.6815652,-0.3604341,-0.3611499,0.2274936,0.9043326,-0.4492991,0.3426022,0.8250782,-0.6095716,0.3987213,0.6851596,0,0,0,0,0,27.10969,52.30066,20.18179,20.81528,19.17838,5.899529,7.092931,58.66367,38.03999,X
1,3.03688,1,82.48383,56.2408,0.6015629,-0.08994088,-0.7852523,-0.6126088,-0.654752,-0.687826,-0.3133611,-0.3519528,0.232039,0.9068004,-0.4425453,0.3452493,0.827621,-0.6077551,0.4052332,0.6829493,0,0,0,0,0,26.98279,50.9603,20.20934,20.87711,19.10235,5.873917,7.026667,57.38821,36.48234,X
1,3.058323,1,82.48383,53.76643,0.5933473,-0.09298763,-0.7838343,-0.6139683,-0.6737939,-0.6939212,-0.2539195,-0.3485451,0.2393,0.9062294,-0.439676,0.3515809,0.8264841,-0.6014059,0.4014292,0.6907717,0,0,0,0,0,27.04572,49.44524,20.17669,20.8731,19.30766,5.922308,7.020672,55.70398,34.68344,X
1,3.065148,1,82.48383,53.57673,0.5921923,-0.09872927,-0.7771394,-0.6215358,-0.6750163,-0.6926138,-0.2542421,-0.3450727,0.2289871,0.9102142,-0.4347693,0.3435552,0.8324335,-0.5972984,0.403205,0.6932968,0,0,0,0,0,27.14819,49.15924,20.23032,20.91719,19.16301,5.89124,7.022497,55.50708,34.43715,X
1,3.141593,1,82.48383,45.91553,0.6104417,-0.03998272,-0.7969784,-0.6026831,-0.6928149,-0.7206693,-0.02536194,-0.3464039,0.2194913,0.912046,-0.4438593,0.3271936,0.8342261,-0.6063938,0.4193596,0.6755917,0,0,0,0,0,26.39016,43.53048,20.04228,21.14517,18.67353,5.824261,7.112596,49.61815,30.23357,X
1,3.141593,1,82.48383,46.29259,0.600341,0.05817088,-0.8218409,-0.5667394,-0.6165518,-0.7871485,0.0161554,-0.3573069,0.1981609,0.9127234,-0.4633436,0.2967625,0.8350118,-0.6513122,0.4018543,0.6436656,0,0,0,0,0,25.97038,42.44163,20.14097,21.41383,18.13844,5.856441,7.165257,48.82194,31.43386,X
1,3.133189,1,82.48383,48.58512,0.6194166,0.1951397,-0.8352421,-0.5140926,-0.4860797,-0.8737933,-0.01455354,-0.3344996,0.1403353,0.9318885,-0.4878856,0.2715064,0.8296095,-0.6938135,0.355987,0.6260161,0,0,0,0,0,25.20129,43.50079,20.89335,22.02455,18.22092,6.161806,6.530274,51.04231,33.23152,X
1,3.115567,1,82.48383,49.034,0.6223543,0.243409,-0.8247448,-0.5104391,-0.4291485,-0.9032067,0.007010445,-0.3620417,0.1038336,0.9263608,-0.5075821,0.2322206,0.8297192,-0.7308721,0.3157582,0.6050807,0,0,0,0,0,25.42762,42.94804,21.38257,22.67167,18.09235,6.470816,6.932491,51.0859,33.4191,X
1,3.100566,1,82.48383,52.21617,0.5830827,0.2603478,-0.8582103,-0.4423733,-0.4657914,-0.8838336,-0.04331992,-0.3321268,0.1939634,0.9230763,-0.4980205,0.3063548,0.8112474,-0.697269,0.3619834,0.6186954,0,0,0,0,0,24.43154,44.90645,20.94478,22.42817,19.11892,6.019183,6.390145,52.86581,36.79659,X
1,3.069013,1,82.48383,49.46499,0.5911608,0.34986,-0.8110253,-0.4688667,-0.2845657,-0.9581909,0.02987829,-0.3712095,0.100313,0.9231147,-0.513091,0.1854478,0.8380613,-0.7104796,0.192643,0.6768363,0,0,0,0,0,25.53573,43.00716,22.25443,23.37373,20.09787,6.176337,7.229659,49.83,32.76011,X
1,3.037462,1,82.48383,41.39403,0.6615593,0.332142,-0.8000517,-0.4995987,-0.2414077,-0.9456136,0.2180304,-0.3956585,0.04426744,0.9173303,-0.5371623,0.1294967,0.833479,-0.7165321,0.1246737,0.6863222,0,0,0,0,0,26.011,40.15791,22.8143,23.8681,20.7166,6.277435,7.565949,44.91798,26.48524,X
1,3.05671,1,82.48383,35.1075,0.6075695,0.3380609,-0.8103626,-0.478568,-0.247969,-0.8801689,0.4047396,-0.4102103,0.06322962,0.9097964,-0.4979732,0.133656,0.8568307,-0.648743,0.1008645,0.7542937,0,0,0,0,0,26.30429,36.57539,23.87733,25.23868,22.83386,6.255949,8.35499,40.59122,22.15795,X
1,2.840761,0.8353935,82.48383,48.19353,0.643898,0.5710155,-0.6323947,-0.5234676,0.128865,-0.9664448,-0.2222119,-0.4989499,-0.2857661,0.8181605,-0.6433131,-0.2440984,0.7256474,-0.8086644,-0.2806706,0.516997,0,0,0,0,0,26.65189,46.64549,24.73098,25.46059,21.33063,6.473197,7.983323,52.17686,30.84549,X
1,2.936854,1,82.48383,44.23952,0.6749262,0.5618766,-0.6655281,-0.4912912,0.02355431,-0.99808,-0.05728644,-0.5302373,-0.2424749,0.8124373,-0.6752699,-0.1847614,0.7140544,-0.8352883,-0.2094829,0.5083408,0,0,0,0,0,26.41277,42.37538,24.16422,24.98182,21.0537,6.431584,8.119862,47.64084,28.29523,X
1,2.922852,1,82.48383,49.26006,0.6725259,0.5499354,-0.6917697,-0.468002,-0.01143538,-0.9993284,-0.03481352,-0.547647,-0.2060584,0.8109394,-0.6798021,-0.1271703,0.7222859,-0.8457246,-0.1455303,0.5133916,0,0,0,0,0,26.29456,42.82775,23.89695,24.90177,20.8629,6.444054,8.612549,49.5914,31.55913,X
1,3.00771,1,82.48383,48.82981,0.6596037,0.5277389,-0.725202,-0.442237,-0.06386556,-0.9977849,-0.01861073,-0.5190399,-0.1127926,0.8472753,-0.6616872,-0.01923059,0.7495334,-0.8431252,-0.02374481,0.5371929,0,0,0,0,0,26.01726,42.46864,23.10374,24.40741,20.29863,6.306214,8.331573,49.37209,32.03354,X
1,3.008668,1,82.48383,50.05073,0.660257,0.5165166,-0.7280922,-0.4506576,-0.0469093,-0.9967598,-0.06534126,-0.5223454,-0.108692,0.8457785,-0.6615987,-0.01726983,0.7496592,-0.850517,-0.01296336,0.5257879,0,0,0,0,0,26.27483,43.68431,22.7581,24.11454,19.85009,6.312147,8.400148,50.12083,32.64431,X
1,2.892933,0.4479249,82.48383,41.37713,0.6732144,0.4651849,-0.7282256,-0.5032797,0.06855692,-0.9435916,-0.3239365,-0.4974337,-0.158974,0.8528112,-0.6145821,-0.05909639,0.7866362,-0.7331936,-0.1009595,0.6724836,0,1,0,0,0,26.88216,45.64657,24.42892,25.58463,23.37839,6.419662,9.337266,47.69311,25.83107,X
1,3.014574,0.7027978,82.48383,33.53948,0.6774306,0.4431071,-0.7547179,-0.4837944,-0.04823131,-0.9884659,-0.1435582,-0.4635138,-0.02797765,0.8856479,-0.5785688,0.03380836,0.8149326,-0.7732177,-0.000794957,0.6341401,0,1,0,0,0,26.42104,40.3963,23.60453,25.54109,22.04866,6.074763,8.607704,41.20059,19.27368,X
1,3.141593,1,82.48383,9.175907,1,0.4411362,-0.7572324,-0.4816616,-0.3578896,-0.4726675,0.8052952,-0.4494256,-0.04561638,0.8921524,-0.5624124,0.04841854,0.825438,-0.6924028,0.003749266,0.7215015,0,0,0,0,0,26.09909,25.7376,23.77054,25.66373,24.0314,6.047615,9.05071,17.96482,11.34007,X
1,3.141593,1,82.48383,13.04971,1,0.4446794,-0.7597068,-0.474453,-0.35462,-0.6131197,0.7059241,-0.4555773,-0.04283706,0.8891649,-0.5761212,0.05159511,0.8157341,-0.7177077,0.01628333,0.6961541,0,0,0,0,0,25.85527,27.86692,23.5572,25.28899,23.29951,6.019649,8.838452,22.53707,10.26347,X
1,3.126553,1,82.48383,17.37601,1,0.4385264,-0.7675445,-0.4675147,-0.3403729,-0.7182136,0.6068901,-0.4558439,-0.02287827,0.8897657,-0.5812512,0.07710151,0.8100632,-0.7201428,0.04295185,0.6924952,0,0,0,0,0,25.72726,30.21115,23.4129,25.05645,23.11285,6.095326,8.702497,27.55971,11.37316,X
1,2.914681,0.3748037,82.48383,51.98519,0.606386,0.4170953,-0.7813384,-0.4642649,-0.04220901,-0.9689372,-0.2436783,-0.4845461,0.002933324,0.8747607,-0.6368166,0.09388684,0.7652776,-0.8571023,0.09309617,0.5066643,0,1,0,0,0,26.2218,48.7081,23.4467,24.46901,19.60582,6.562642,7.552412,55.29701,34.16128,X
1,2.92125,0.6570728,82.48383,47.77684,0.5762095,0.4064778,-0.7837884,-0.4695225,-0.1017953,-0.9905577,-0.09183203,-0.4603971,0.01856221,0.887519,-0.6080955,0.1100785,0.786195,-0.8130158,0.07919931,0.57683,0,0,0,0,0,26.16563,46.38326,23.99235,25.01039,20.74539,6.555756,7.572933,53.34513,31.04117,X
1,2.963901,1,82.48383,52.62537,0.6034136,0.4276551,-0.78636,-0.4458128,-0.1344263,-0.98989,-0.04524912,-0.4920514,0.04475549,0.8694149,-0.6170335,0.1317725,0.7758258,-0.8475928,0.1037487,0.5204063,0,0,0,0,0,25.89292,46.08764,22.8912,24.37004,19.37984,6.913393,8.078049,53.75603,34.68569,X
1,2.937859,0.9061765,82.48383,55.22561,0.6203876,0.4379868,-0.7750852,-0.4554236,-0.06759679,-0.98716,-0.1447266,-0.4893053,0.01398412,0.8720004,-0.613314,0.1078874,0.782436,-0.8447493,0.07964391,0.5292026,0,0,0,0,0,26.03679,48.03116,22.91529,24.31274,19.32573,6.876079,8.285497,55.63722,36.55022,X
1,3.032908,1,82.48383,53.39383,0.6183462,0.4355217,-0.7854947,-0.4396803,-0.1328512,-0.9869925,-0.09053379,-0.4676931,0.03313576,0.8832696,-0.615395,0.118965,0.7791895,-0.841008,0.1161765,0.5284019,0,0,0,0,0,25.98469,44.46604,22.38944,24.05442,19.23552,6.641784,7.663178,52.66362,35.436,X
1,3.054947,1,82.48383,53.65672,0.6250944,0.4359897,-0.7827864,-0.4440253,-0.1174981,-0.9860847,-0.1176057,-0.4717121,0.03276072,0.8811439,-0.6150821,0.1165942,0.7797946,-0.836643,0.113136,0.5359372,0,0,0,0,0,26.06162,44.38834,22.10201,23.83545,19.21706,6.537318,7.792706,52.41585,35.55658,X
1,3.04679,1,82.48383,50.11388,0.6195503,0.4530344,-0.7704382,-0.4485363,-0.1405565,-0.9897697,-0.02448972,-0.4987902,0.01108182,0.8666519,-0.6214466,0.1004112,0.7769954,-0.8428919,0.1018036,0.5283648,0,0,0,0,0,26.15285,43.50824,22.15396,23.63459,18.98279,6.476882,8.276876,50.20044,33.24089,X
1,3.071704,1,82.48383,47.89451,0.6173196,0.4641916,-0.7663097,-0.4441798,-0.2010108,-0.9787593,0.04030863,-0.4994629,0.006845531,0.8663082,-0.6352438,0.1041018,0.7652634,-0.85075,0.1129959,0.5132799,0,0,0,0,0,25.96893,42.31161,21.74446,23.25802,18.75852,6.357204,8.086518,48.81478,32.53492,X
1,3.141593,1,82.48383,21.93249,0.8782764,0.4394997,-0.7719643,-0.4592505,-0.4035318,-0.7490667,0.5254152,-0.4768606,0.034734,0.8782924,-0.5905204,0.1071419,0.799879,-0.8027834,0.1221044,0.5836345,0,0,0,0,0,25.25649,31.21422,22.1597,24.11444,20.80208,5.506485,8.468615,30.81518,14.79517,X
1,3.141593,1,82.48383,10.86056,0.5758491,0.462156,-0.7403073,-0.4882179,-0.3683431,-0.04674197,0.9285142,-0.4666936,0.02023911,0.8841875,-0.5908659,0.0587677,0.8046265,-0.7652998,0.05966045,0.6409031,0,0,0,0,0,25.31512,20.49952,22.57466,24.44483,21.86783,5.701108,8.063568,7.991534,21.89398,X
1,3.141593,1,82.48383,11.04025,0.6664477,0.4992175,-0.7226131,-0.478134,-0.3326449,-0.1290679,0.9341782,-0.4235511,0.01221581,0.9057899,-0.5576167,0.04719476,0.8287559,-0.7369452,0.04724799,0.6742992,0,0,0,0,0,24.66545,21.04797,22.33473,24.36015,21.67193,5.723357,7.926961,9.110793,19.7779,X
1,3.141593,1,82.48383,10.42163,0.7160122,0.4982315,-0.7331949,-0.4628073,-0.3822857,-0.1616244,0.9097995,-0.4487801,-0.006530871,0.8936183,-0.5801439,0.05644356,0.812556,-0.7503435,0.06228049,0.6581078,0,0,0,0,0,24.53369,21.01979,22.07228,23.47474,20.77252,5.860538,8.076983,10.0341,17.70863,X
1,3.141593,1,82.48383,9.667096,0.7204489,0.474395,-0.7443539,-0.4699857,-0.382115,-0.1400832,0.9134358,-0.4466901,0.01768581,0.894514,-0.5803316,0.07233495,0.8111615,-0.7468798,0.07237975,0.6610082,0,0,0,0,0,24.82584,21.14645,22.47615,23.98603,21.34991,5.882407,7.922277,10.1386,18.17875,X
1,3.141593,1,82.48383,9.278912,0.6931821,0.5140828,-0.702307,-0.4924262,-0.3732961,-0.1705593,0.9118989,-0.4412783,-0.05257935,0.8958286,-0.5749432,0.002816036,0.8181884,-0.7429973,0.002562871,0.6692896,0,0,0,0,0,24.70592,21.45434,22.62494,24.01265,21.16871,5.989671,8.107336,9.098842,18.99695,X
1,3.141593,1,82.48383,8.881009,0.6965816,0.4898775,-0.7257386,-0.4830358,-0.3796521,-0.1371776,0.9149024,-0.4367064,-0.005653921,0.8995863,-0.571627,0.05217458,0.8188531,-0.739564,0.04880086,0.6713148,0,0,0,0,0,24.60327,21.57452,22.71347,24.2122,21.47549,5.948318,8.000915,9.337362,19.03998,X
1,3.141593,1,82.48383,8.545489,0.7092798,0.48466,-0.7243838,-0.4902784,-0.3548598,-0.1302756,0.9257985,-0.4322659,-0.004938732,0.9017327,-0.5630779,0.04642081,0.825099,-0.729683,0.03739601,0.6827622,0,0,0,0,0,24.74252,21.30841,22.73643,24.31034,21.68931,5.94593,8.060045,9.210623,18.95211,X
1,3.141593,1,82.48383,8.037822,0.9138147,0.4467187,-0.7310219,-0.5157997,-0.3491381,-0.2810697,0.8939252,-0.4552869,0.003404761,0.8903382,-0.5917561,0.05178731,0.8044518,-0.7470593,0.03814021,0.6636623,0,0,0,0,0,25.29835,21.92451,22.65115,24.14272,21.49508,6.147468,7.811314,13.75928,14.74346,X
1,3.141593,1,82.48383,12.15319,1,0.4344507,-0.7389405,-0.5149946,-0.358053,-0.4899007,0.7948555,-0.4599384,0.02251707,0.8876653,-0.5904427,0.07771794,0.803329,-0.7377251,0.06212505,0.6722366,0,0,0,0,0,25.25905,25.05732,22.42446,23.96018,21.62601,6.165163,7.916675,19.26621,11.80818,X
1,3.141593,1,82.48383,11.68581,1,0.444575,-0.7305294,-0.5183433,-0.3537762,-0.4886317,0.7975472,-0.4576811,0.01069735,0.8890521,-0.5859292,0.07112312,0.8072351,-0.7292632,0.05356738,0.6821333,0,0,0,0,0,25.17895,24.98234,22.32867,23.77664,21.53262,6.201546,8.02389,19.03463,11.83817,X
1,3.141593,1,82.48383,8.006783,0.8112778,0.4370572,-0.7437287,-0.5058149,-0.3414347,-0.176558,0.9231736,-0.4376356,0.02219854,0.8988783,-0.5567526,0.07916065,0.8268979,-0.7187885,0.0710516,0.6915885,0,0,0,0,0,25.28672,20.982,22.82122,24.42559,21.92394,5.983019,8.22246,11.52083,17.03099,X
1,3.141593,1,82.48383,7.854461,0.8693116,0.423179,-0.7455819,-0.5148079,-0.3244369,-0.2469809,0.9130942,-0.4347067,-0.004472835,0.900561,-0.5510842,0.0552903,0.8326159,-0.7197917,0.05216835,0.6922271,0,0,0,0,0,25.7201,21.99537,22.83675,24.38328,21.71613,5.986429,8.354103,12.04029,15.95593,X
1,3.141593,1,82.48383,7.140615,0.8949374,0.4264191,-0.7385669,-0.5221931,-0.3132502,-0.249178,0.9163976,-0.4344707,-0.01742267,0.9005175,-0.560148,0.04813818,0.8269927,-0.7177767,0.03036704,0.6956108,0,0,0,0,0,25.4007,21.87782,22.95549,24.38809,21.79586,6.130924,8.249244,12.10427,15.46497,X
1,3.141593,1,82.48383,10.20986,0.6362756,0.4401984,-0.7577041,-0.4817778,-0.3196571,-0.006417839,0.9475116,-0.4065648,0.07332147,0.910675,-0.5261948,0.1117828,0.842985,-0.7078947,0.1127277,0.6972644,0,0,0,0,0,24.87503,19.98967,22.55647,24.50124,21.86775,5.803604,8.007847,9.177135,20.31426,X
1,3.141593,1,82.48383,8.542249,0.7437184,0.4307813,-0.758797,-0.488523,-0.3259597,-0.09172028,0.9409238,-0.4226545,0.04973743,0.904925,-0.5393699,0.09478761,0.836717,-0.7161523,0.09342318,0.6916633,0,0,0,0,0,25.16096,20.6121,22.6923,24.4768,21.79892,5.882925,8.150308,10.27733,18.22106,X
1,3.141593,1,82.48383,8.083934,0.8795698,0.4245538,-0.7491977,-0.5083864,-0.3235884,-0.2519988,0.9120237,-0.4361078,0.0007827738,0.8998941,-0.5498475,0.05817628,0.8332366,-0.7173185,0.05504454,0.6945677,0,0,0,0,0,25.67576,21.90836,22.93518,24.51605,21.86441,5.984269,8.381216,12.61926,15.54683,X
1,3.141593,1,82.48383,7.118425,0.9125267,0.4215672,-0.7370953,-0.5281776,-0.3119048,-0.2809178,0.9076346,-0.4276731,-0.04534161,0.9027956,-0.5417138,0.02715496,0.8401242,-0.6854666,0.002429975,0.7281001,0,0,0,0,0,25.58698,22.16472,23.40026,24.79296,22.51624,6.18607,8.567718,12.62893,15.13596,X
1,3.141593,1,82.48383,12.10752,1,0.3970251,-0.7613677,-0.5125332,-0.2872491,-0.6057093,0.7420272,-0.4159549,0.009101339,0.9093397,-0.5379781,0.09066931,0.8380684,-0.7204028,0.08877101,0.6878514,0,0,0,0,0,25.85343,26.72425,22.52619,23.90772,21.02581,5.975769,8.197721,22.59526,10.67679,X
1,3.069118,0.9773267,82.48383,44.20378,0.6083314,0.3848481,-0.7704919,-0.5081674,-0.203446,-0.9765498,0.07042824,-0.415664,0.03280282,0.9089265,-0.5487376,0.1205681,0.8272548,-0.750925,0.1349542,0.646451,0,0,0,0,0,26.12143,42.74969,22.20634,23.58046,20.10137,5.99636,7.790483,47.93833,28.77067,X
1,3.047246,1,82.48383,45.34948,0.6245905,0.3962638,-0.7449377,-0.5366961,-0.1742706,-0.9846559,0.009084988,-0.4554627,-0.02372697,0.8899387,-0.5979608,0.06715383,0.7987073,-0.8019301,0.09034641,0.5905468,0,0,0,0,0,26.51224,44.00392,22.03113,23.00116,18.97783,6.273675,7.661077,49.29752,29.47024,X
1,3.039462,0.9154493,82.48383,43.33498,0.6229789,0.384714,-0.7526126,-0.5343869,-0.208697,-0.9779443,0.008401298,-0.4747506,-0.01673685,0.8799613,-0.6101165,0.07220642,0.7890146,-0.7996801,0.0938734,0.5930426,0,0,0,0,0,26.55923,43.89387,21.97105,22.92589,19.32177,6.150505,7.688771,47.87012,28.08717,X
1,3.068407,1,82.48383,33.86306,0.6543795,0.3619022,-0.7490016,-0.5549986,-0.281596,-0.9377997,0.2030653,-0.486125,-0.05431996,0.8721994,-0.5989922,0.03091271,0.800158,-0.7912862,0.04968845,0.6094238,0,0,0,0,0,27.24539,40.0409,22.05314,23.27739,20.08622,5.802885,8.396874,41.86649,21.38886,X
1,3.07448,1,82.48383,28.79907,0.786011,0.3563919,-0.7381749,-0.572785,-0.296878,-0.8889169,0.3488413,-0.48268,-0.09353232,0.870788,-0.587476,-0.009111175,0.8091903,-0.7853625,0.00521595,0.6190142,0,0,0,0,0,27.82585,37.56421,22.27161,23.58279,20.45915,5.660688,8.805717,38.89886,17.93433,X
1,3.081022,1,82.48383,29.23698,0.7732026,0.3596027,-0.7397529,-0.5687279,-0.2893622,-0.894173,0.3416492,-0.4736387,-0.0842925,0.8766762,-0.5805953,-0.003040091,0.8141867,-0.7800269,0.01152486,0.6256399,0,0,0,0,0,27.68149,37.56369,22.21605,23.56836,20.41928,5.695906,8.689334,39.09391,18.22451,X
1,3.060285,1,82.48383,35.5168,0.6344483,0.3527698,-0.7420254,-0.5700454,-0.270638,-0.9403497,0.2061491,-0.4925156,-0.08862849,0.865779,-0.6024137,-0.004381007,0.798172,-0.7986604,0.007537997,0.6017348,0,0,0,0,0,27.7695,40.36984,22.08879,23.28925,20.11507,5.732153,8.643386,43.09926,22.43392,X
1,3.067329,1,82.48383,38.0784,0.6496863,0.358998,-0.7425712,-0.5654277,-0.2605073,-0.9524561,0.1579976,-0.4851176,-0.0997275,0.8687435,-0.5897905,-0.004517486,0.8075436,-0.7910303,0.008901587,0.611712,0,0,0,0,0,27.8523,41.33896,21.94948,23.11713,20.06448,5.616233,8.952575,44.40709,24.14783,X
1,3.097997,1,82.48383,34.56908,0.6435143,0.3416571,-0.7497638,-0.5666787,-0.2638152,-0.9371573,0.228337,-0.4691387,-0.05437535,0.881449,-0.5708902,0.03466932,0.8202941,-0.769465,0.03979618,0.637448,0,0,0,0,0,27.9343,39.8258,21.77561,23.18078,20.46049,5.524352,8.896427,42.80179,21.618,X
1,3.110139,1,82.48383,29.1944,0.7897268,0.32247,-0.7494723,-0.5781906,-0.2809862,-0.9044111,0.3210722,-0.4620362,-0.02186116,0.8865916,-0.5623515,0.05362638,0.8251576,-0.7469524,0.05121634,0.6629019,0,0,0,0,0,28.19045,38.05281,21.68633,23.30121,20.97336,5.589023,8.772774,40.19463,17.76262,X
1,3.108107,1,82.48383,27.78787,0.826197,0.3248846,-0.7519577,-0.5735937,-0.2886003,-0.8921949,0.3474161,-0.4611151,-0.01595961,0.8871968,-0.56209,0.06242535,0.8247168,-0.7454196,0.06053031,0.6638415,0,0,0,0,0,28.07616,37.46463,21.78893,23.40585,21.03075,5.631936,8.75136,39.12878,16.76161,X
1,3.136611,1,82.48383,23.15937,0.9407401,0.332987,-0.7467855,-0.5757004,-0.2944064,-0.8525443,0.4318485,-0.4517695,-0.01317254,0.8920375,-0.559692,0.06923115,0.8258038,-0.7439747,0.06751417,0.6647882,0,0,0,0,0,27.9453,35.24253,21.75194,23.3778,20.93147,5.650066,8.599408,35.84671,13.69328,X
1,3.131975,1,82.48383,23.4844,0.933874,0.3328891,-0.7490634,-0.5727905,-0.2927606,-0.8569781,0.4241222,-0.455376,-0.01455361,0.8901802,-0.5656606,0.06734888,0.8218834,-0.7509644,0.06724355,0.6569101,0,0,0,0,0,27.94962,35.4024,21.8119,23.413,20.89126,5.657961,8.547447,36.06702,13.89681,X
1,3.141593,1,82.48383,19.28228,1,0.3272012,-0.7507561,-0.5738509,-0.3023938,-0.810867,0.5010517,-0.4521665,-0.001651414,0.8919321,-0.5592182,0.07259709,0.8258358,-0.7427972,0.07110074,0.6657305,0,0,0,0,0,27.97134,33.49067,21.87988,23.53029,21.09907,5.654875,8.522369,32.46136,10.8526,X
1,3.12078,1,82.48383,22.70037,0.9534917,0.3313107,-0.7605111,-0.5584409,-0.2978729,-0.8442803,0.4454914,-0.4324938,0.01590975,0.9014965,-0.5287659,0.07742734,0.8452288,-0.7018517,0.06770021,0.7090986,0,0,0,0,0,27.64214,34.68136,22.12791,24.04316,21.93683,5.733193,8.634382,34.00815,12.5165,X
1,3.04879,1,82.48383,36.51671,0.5974049,0.329404,-0.7708687,-0.5452106,-0.2795617,-0.9299396,0.2388675,-0.4543683,0.02229548,0.8905349,-0.5617844,0.09611715,0.821681,-0.7235767,0.08143758,0.6854231,0,0,0,0,0,27.59729,41.07879,22.0961,23.68021,21.56267,5.95178,8.36228,45.21925,22.90782,X
1,3.044604,1,82.48383,38.52879,0.5433217,0.3072751,-0.7764126,-0.5502413,-0.2654546,-0.9527922,0.1473803,-0.4459662,0.06294598,0.8928337,-0.5505925,0.1266972,0.8251035,-0.7007039,0.09594255,0.7069718,0,0,0,0,0,27.7501,42.88909,21.98322,23.71834,22.03287,6.035316,8.262379,47.9046,24.26009,X
1,3.044436,1,82.48383,37.03949,0.5833529,0.3092977,-0.772588,-0.5544751,-0.2665198,-0.9481989,0.1728759,-0.4385391,0.05829643,0.8968194,-0.5388281,0.1205385,0.8337474,-0.6870775,0.08827971,0.7212013,0,0,0,0,0,27.72565,42.3356,22.035,23.80751,22.1883,6.046114,8.348483,46.94837,23.11561,X
1,3.021296,1,82.48383,41.17461,0.5410233,0.3149439,-0.7756799,-0.5469287,-0.233596,-0.9695861,0.07304693,-0.4399397,0.06528267,0.8956513,-0.5390554,0.1271868,0.832612,-0.6822869,0.0912324,0.7253697,0,0,0,0,0,27.57665,44.56664,21.97186,23.73204,22.20023,6.125584,8.374402,49.79666,26.18822,X
1,3.04455,1,82.48383,36.37022,0.6013424,0.2978779,-0.7766309,-0.5550794,-0.2784742,-0.9430439,0.1819897,-0.4425557,0.08930546,0.892283,-0.5417563,0.1445857,0.8280067,-0.6841379,0.1063591,0.7215559,0,0,0,0,0,27.77382,42.52272,21.71677,23.56636,22.18493,6.115772,8.295143,46.83821,22.64083,X
1,3.067329,1,82.48383,33.2606,0.6849266,0.290653,-0.7784762,-0.5563233,-0.3085089,-0.9192061,0.2447089,-0.4408722,0.1019091,0.8917658,-0.5381302,0.1563691,0.8282298,-0.6749899,0.1177358,0.7283727,0,0,0,0,0,27.79764,40.92633,21.63183,23.51649,22.33514,6.160457,8.310615,44.64957,20.25426,X
1,3.081218,1,82.48383,31.87325,0.7222177,0.2878235,-0.7749411,-0.5626935,-0.3109935,-0.9088018,0.2781409,-0.4416924,0.09449404,0.8921764,-0.5448985,0.1515945,0.8246846,-0.6827787,0.1152817,0.7214732,0,0,0,0,0,27.89633,40.11606,21.56872,23.36571,22.13522,6.160402,8.202742,43.62555,19.28536,X
1,3.059957,1,82.48383,32.39897,0.7080868,0.2810385,-0.7767513,-0.5636265,-0.3026786,-0.9176151,0.2576202,-0.4378631,0.0938359,0.8941312,-0.5401943,0.1510299,0.8278769,-0.6786015,0.1151931,0.7254175,0,0,0,0,0,27.95937,40.93725,21.72369,23.5313,22.27119,6.146537,8.227946,44.53354,19.69227,X
1,3.030637,1,82.48383,24.90573,0.9082719,0.2794889,-0.7729132,-0.5696413,-0.3391047,-0.823962,0.4539766,-0.438481,0.1167812,0.891121,-0.5276566,0.1584527,0.8345485,-0.6623293,0.1213949,0.7393127,0,0,0,0,0,27.93509,38.17293,21.74226,23.78876,22.68569,6.142522,8.404854,38.51094,13.53249,X
1,3.024625,1,82.48383,23.28089,0.9475271,0.2763154,-0.7787702,-0.5631756,-0.3903749,-0.7344537,0.5551443,-0.4309586,0.1267722,0.8934224,-0.5484352,0.177876,0.8170551,-0.6814372,0.1510306,0.7161236,0,0,0,0,0,27.59073,36.74623,21.63349,23.4898,22.33736,6.215177,7.869355,36.65987,12.47918,X
1,3.070587,0.804032,82.48383,35.14009,0.6344075,0.3174609,-0.7752157,-0.5461311,-0.3101863,-0.9473187,0.07982413,-0.4267462,0.1281323,0.8952485,-0.5622254,0.1725744,0.8087773,-0.6966165,0.1309029,0.7054005,0,0,0,0,0,27.05179,42.22757,21.11025,23.06777,22.0549,6.211821,7.659798,45.55984,20.9043,X
1,3.141593,0.1055322,82.48383,40.24575,0.4971711,0.310386,-0.7938052,-0.5230047,-0.1813211,-0.9060728,-0.3823019,-0.4276571,0.1483514,0.8916845,-0.5542936,0.2002667,0.8078687,-0.6833447,0.1562836,0.7131727,0,1,0,0,0,26.78956,44.04784,21.32953,23.25982,22.4813,6.305558,7.728274,49.35997,24.27536,X
1,3.141593,0.9193563,82.48383,26.38476,0.8741912,0.3444898,-0.7967042,-0.4965774,-0.3995719,-0.8694564,0.290496,-0.4240846,0.1499619,0.8931202,-0.5677661,0.2119738,0.7954299,-0.6838968,0.1600336,0.7118105,0,0,0,0,0,26.34206,34.0331,21.38452,22.8904,22.34147,6.52552,7.213675,35.97958,13.89728,X
1,3.141593,1,82.48383,24.94012,0.8927161,0.3389196,-0.7952606,-0.502687,-0.4304663,-0.8122507,0.3936338,-0.4134513,0.1453538,0.8988495,-0.5501677,0.2041052,0.8097262,-0.675272,0.1589656,0.7202345,0,0,0,0,0,26.05002,32.75191,21.34253,23.0591,22.35009,6.374931,7.432003,33.58618,13.14913,X
1,3.141593,1,82.48383,22.09937,0.959455,0.3384904,-0.7948622,-0.5036054,-0.4326618,-0.7657764,0.475805,-0.4174151,0.1528952,0.895761,-0.5576967,0.2099704,0.8030484,-0.6789454,0.1616502,0.716172,0,0,0,0,0,26.06802,31.17916,21.43792,23.0861,22.42385,6.429624,7.320745,31.31277,11.57823,X
1,3.141593,1,82.48383,23.97414,0.9343389,0.3239068,-0.7957251,-0.5117674,-0.4118313,-0.8353493,0.3641245,-0.4173834,0.1542214,0.8955483,-0.5585104,0.2125658,0.8017992,-0.6757705,0.1605596,0.7194129,0,0,0,0,0,26.48975,33.12185,21.38418,22.99946,22.44435,6.499156,7.299279,34.56852,12.42502,X
1,3.141593,0.9272032,82.48383,24.52704,0.9282336,0.3182704,-0.7940966,-0.5177978,-0.3930988,-0.8703799,0.2964998,-0.42251,0.1535145,0.8932629,-0.5641322,0.2111339,0.7982339,-0.6787362,0.1585798,0.7170562,0,0,0,0,0,26.69999,34.06095,21.40926,22.97112,22.45352,6.532874,7.275894,35.97192,12.6914,X
1,3.141593,1,82.48383,21.39379,1,0.3190768,-0.789855,-0.5237547,-0.4177097,-0.810818,0.4099912,-0.4208634,0.1484323,0.8948976,-0.5617728,0.2053733,0.8013945,-0.6801443,0.1564575,0.7161877,0,0,0,0,0,26.63952,31.9603,21.38557,22.97947,22.37473,6.468246,7.310681,32.69414,10.8117,X
1,3.141593,0.7989549,82.48383,30.78706,0.7595608,0.2990598,-0.7838823,-0.5441432,-0.2927286,-0.9557033,0.0306801,-0.4300686,0.143821,0.8912668,-0.5784758,0.2035007,0.7899072,-0.6836978,0.1402838,0.7161549,0,0,0,0,0,27.90004,39.08735,21.2173,22.60079,22.39925,6.629442,7.183159,43.95823,17.56923,X
1,3.141593,0.6389765,82.48383,38.31744,0.5490026,0.29173,-0.783955,-0.5480037,-0.2290269,-0.9548821,-0.1890683,-0.4346382,0.1411951,0.8894682,-0.5833908,0.2031714,0.7863693,-0.6920711,0.1451163,0.7070918,0,0,0,0,0,28.07071,42.97372,21.2433,22.57453,22.22882,6.596696,7.149119,49.55755,22.97163,X
1,3.141593,0.6146092,82.48383,33.36443,0.6894993,0.2987953,-0.7805355,-0.5490772,-0.2664903,-0.9595916,-0.0903713,-0.4293304,0.1386341,0.8924438,-0.5774912,0.1955581,0.7926291,-0.6858993,0.1384232,0.7144096,0,0,0,0,0,27.81632,40.58376,21.21984,22.66466,22.34992,6.589775,7.182602,45.91999,19.32905,X
1,3.141593,0.6876859,82.48383,35.57492,0.6227193,0.2890512,-0.7706175,-0.5679771,-0.2612397,-0.9578665,-0.1193551,-0.4381118,0.1213887,0.8906868,-0.5810037,0.1817896,0.7933393,-0.6859039,0.1219031,0.7174089,0,0,0,0,0,28.24075,42.23868,21.01025,22.38731,22.08862,6.649662,7.34453,47.51561,21.10646,X
1,2.977971,0.7387446,82.48383,48.77377,0.5147779,0.282046,-0.7768509,-0.5629856,-0.2427546,-0.9468139,-0.2112192,-0.4201691,0.1244084,0.8988773,-0.5408541,0.1697617,0.8238069,-0.6766586,0.1280235,0.7250814,0,0,0,0,0,27.21541,50.27969,21.18231,23.31447,22.25241,6.230433,8.059143,56.69323,31.45588,X
1,3.076581,0.7322413,82.48383,36.88136,0.5876033,0.335391,-0.7898818,-0.5134195,-0.3178969,-0.9475815,0.03210631,-0.4172283,0.1318622,0.8991846,-0.5559652,0.1885834,0.8095301,-0.6802096,0.1422401,0.7190846,0,0,0,0,0,26.30742,42.23739,21.39953,23.03697,22.30891,6.383628,7.457409,46.05938,21.91051,X
1,3.120185,0.8593635,82.48383,34.73951,0.6451747,0.3191209,-0.7893481,-0.5244917,-0.338346,-0.938503,0.06880537,-0.4163151,0.135621,0.8990487,-0.5539844,0.1944231,0.8095066,-0.6791483,0.1501631,0.7184766,0,0,0,0,0,26.53338,40.67882,21.27341,22.91748,22.17817,6.373454,7.490924,44.66446,20.47884,X
1,3.087509,0.7787673,82.48383,38.55082,0.5427296,0.2937518,-0.7730944,-0.5621697,-0.2611217,-0.9635455,-0.05827105,-0.4178001,0.1298363,0.8992139,-0.5504747,0.1760443,0.8160796,-0.669262,0.1178566,0.7336199,0,0,0,0,0,27.36934,44.19161,21.1237,23.01736,22.35954,6.448014,7.7289,49.27612,23.55873,X
1,3.0557,0.7846523,82.48383,40.88104,0.5005159,0.2642369,-0.7667168,-0.5850848,-0.2457315,-0.9625667,-0.1143739,-0.4237427,0.1258826,0.8969926,-0.5522738,0.1691771,0.8163165,-0.6744667,0.1138762,0.7294704,0,0,0,0,0,27.9466,46.35769,21.07402,23.07023,22.31243,6.397674,7.850149,51.9674,25.42447,X
1,3.141593,0.5110656,82.48383,36.38811,0.6008616,0.3020598,-0.7842837,-0.541903,-0.2660646,-0.9530955,-0.1442861,-0.4040046,0.1486894,0.9025917,-0.5388209,0.1997123,0.8184052,-0.6636602,0.1494898,0.7329447,0,0,0,0,0,26.79131,42.02136,21.17525,23.03395,22.52106,6.335675,7.587185,47.41627,21.63852,X
1,3.141593,1,82.48383,23.32854,0.9504113,0.3259935,-0.7869748,-0.523831,-0.4135743,-0.8208695,0.3938649,-0.4034206,0.1463759,0.9032308,-0.5387504,0.1936139,0.8199157,-0.6620613,0.1414242,0.7359852,0,0,0,0,0,26.25478,32.74644,21.22787,23.09017,22.60487,6.351194,7.554464,34.17882,12.06481,X
1,3.141593,1,82.48383,23.80516,0.9442002,0.3083656,-0.7876624,-0.5333842,-0.4061484,-0.8393606,0.3612717,-0.4189436,0.1491885,0.8956724,-0.5563183,0.1997088,0.8066141,-0.6727208,0.1473771,0.7250701,0,0,0,0,0,26.62339,33.95295,21.16694,22.85137,22.41083,6.488725,7.462071,36.10956,12.63923,X
1,3.141593,1,82.48383,25.42622,0.9007686,0.3097639,-0.7792434,-0.5448174,-0.3960734,-0.8693054,0.2956924,-0.4155823,0.1364325,0.8992651,-0.551947,0.1877162,0.812476,-0.6699613,0.1374245,0.7295658,0,0,0,0,0,26.78628,35.22907,21.00541,22.75441,22.3203,6.443788,7.533922,37.64457,13.7295,X
1,3.141593,1,82.48383,26.55577,0.8708364,0.2982005,-0.7842053,-0.5441493,-0.3938389,-0.8919533,0.2220587,-0.4215818,0.1573641,0.8930315,-0.5585102,0.2085408,0.8028555,-0.6708512,0.1535475,0.7255218,0,0,0,0,0,26.73963,36.40705,20.88981,22.59514,22.4285,6.537846,7.47704,39.28362,14.55733,X
1,3.141593,1,82.48383,25.76723,0.8911927,0.3055159,-0.7843227,-0.5399055,-0.4250882,-0.8597319,0.2831274,-0.4165309,0.1531838,0.8961232,-0.5487997,0.2014052,0.8113291,-0.6628582,0.1473852,0.7340958,0,0,0,0,0,26.5157,35.02011,20.81727,22.64423,22.45453,6.512065,7.576625,37.20963,13.79862,X
1,3.141593,1,82.48383,24.78222,0.9138694,0.3132627,-0.7898149,-0.527313,-0.4251927,-0.8366568,0.3452775,-0.4132041,0.1561221,0.8971557,-0.5429528,0.2009696,0.815361,-0.6616135,0.1486457,0.7349641,0,0,0,0,0,26.25854,33.81372,21.00956,22.89912,22.56321,6.425724,7.638841,35.67386,13.1676,X
1,3.141593,1,82.48383,24.67406,0.9218796,0.2967468,-0.7838963,-0.5453879,-0.4157822,-0.8532717,0.3147262,-0.4156946,0.153022,0.896539,-0.5506452,0.2010702,0.8101608,-0.664668,0.14578,0.7327787,0,0,0,0,0,26.64174,34.62876,20.89153,22.67695,22.47495,6.496446,7.540835,36.90488,13.21777,X
1,3.141593,1,82.48383,26.2791,0.8771405,0.2962897,-0.7655425,-0.5711017,-0.3768461,-0.8998073,0.2198499,-0.4250917,0.1216601,0.896937,-0.5650216,0.1732266,0.8066865,-0.6739428,0.1154266,0.7297107,0,0,0,0,0,27.44799,37.02069,20.85401,22.53666,22.36777,6.547493,7.504772,40.08607,14.60963,X
1,3.141593,1,82.48383,28.12767,0.8238119,0.2920547,-0.7724324,-0.5639612,-0.3708218,-0.9117488,0.1766504,-0.4167745,0.1252383,0.9003412,-0.5571582,0.177143,0.8112922,-0.6734356,0.1232046,0.7289068,0,0,0,0,0,27.43087,38.07925,21.01035,22.74671,22.40894,6.442694,7.492885,41.67624,15.95362,X
1,3.141593,1,82.48383,20.2342,0.9559289,0.3419535,-0.7805845,-0.5232166,-0.4715883,-0.6677004,0.5760041,-0.3896983,0.1257457,0.9123176,-0.5124596,0.1616275,0.8433633,-0.6455827,0.1223839,0.7538204,0,0,0,0,0,25.64339,28.74921,21.065,23.24925,22.54782,6.190033,7.865652,28.1385,11.63014,X
1,3.141593,1,82.48383,17.3619,1,0.3227744,-0.7787775,-0.5378869,-0.4608088,-0.6303973,0.6247036,-0.4231717,0.1157658,0.8986234,-0.5432244,0.160497,0.8241044,-0.6628016,0.1204614,0.739042,0,0,0,0,0,26.35274,28.15213,20.94753,22.78772,22.2022,6.409007,7.837249,27.11101,10.84033,X
1,3.141593,1,82.48383,24.13909,0.9194366,0.3228916,-0.7719634,-0.5475525,-0.4279844,-0.8184208,0.3834276,-0.4120139,0.111832,0.9042888,-0.538497,0.1578476,0.8277107,-0.6656625,0.1196656,0.7365959,0,0,0,0,0,26.40149,33.27237,20.90829,22.80472,22.1189,6.301947,7.787112,34.60556,12.98369,X
1,3.141593,1,82.48383,27.53638,0.8401522,0.3148258,-0.77088,-0.5537407,-0.3981703,-0.8807909,0.2562574,-0.4118513,0.10996,0.9045923,-0.539759,0.1582883,0.8268042,-0.666979,0.1202455,0.7353096,0,0,0,0,0,26.72353,36.12116,20.99115,22.83837,22.11416,6.2993,7.742013,38.37954,15.10292,X
1,3.141593,1,82.48383,24.67314,0.9133444,0.3239119,-0.7734553,-0.5448375,-0.4083707,-0.8449792,0.3453166,-0.4082988,0.1184105,0.905136,-0.5365253,0.1634524,0.8279033,-0.6628215,0.121589,0.7388394,0,0,0,0,0,26.56925,34.00935,20.98405,22.8979,22.25363,6.297628,7.742185,35.5552,13.10144,X
1,3.141593,1,82.48383,23.54953,0.9392741,0.3196726,-0.7749507,-0.5452164,-0.4307736,-0.8180513,0.3810855,-0.4100887,0.1237996,0.9036044,-0.5407775,0.1724333,0.8233021,-0.6646522,0.1283384,0.736048,0,0,0,0,0,26.53136,33.26388,20.8659,22.74923,22.2294,6.342042,7.673553,34.69578,12.5127,X
1,3.141593,1,82.48383,23.12146,0.9466824,0.3143832,-0.7802192,-0.5407598,-0.4417446,-0.7976302,0.4106673,-0.4038087,0.1311104,0.9053997,-0.5310088,0.1758959,0.8289091,-0.6561802,0.1320635,0.7429582,0,0,0,0,0,26.43851,32.6661,20.93791,22.93142,22.41585,6.318929,7.75425,33.88674,12.19701,X
1,3.141593,1,82.48383,18.82229,1,0.3275359,-0.7834077,-0.5281974,-0.4687504,-0.6597382,0.5873827,-0.3956755,0.1406095,0.9075626,-0.5177231,0.1768229,0.8370761,-0.6464917,0.1335463,0.7511417,0,0,0,0,0,25.80346,28.66128,21.00368,23.17556,22.63691,6.243926,7.8772,27.88447,10.78417,X
1,3.141593,1,82.48383,17.55445,1,0.3137118,-0.7810197,-0.5399938,-0.465434,-0.6622288,0.5872173,-0.4022004,0.1379272,0.9051027,-0.5285746,0.1798311,0.8296202,-0.6506084,0.1323342,0.7477944,0,0,0,0,0,26.3963,28.8756,20.9096,22.98931,22.62652,6.337661,7.779607,28.47284,10.03053,X
1,3.141593,1,82.48383,18.61014,1,0.3215869,-0.7823622,-0.5333771,-0.4708256,-0.6765721,0.5661922,-0.396877,0.1460751,0.9061736,-0.5212966,0.1846699,0.8331548,-0.6451089,0.1388122,0.7513759,0,0,0,0,0,26.18533,29.17257,20.96261,23.14177,22.7342,6.300968,7.821184,28.79286,10.28843,X
1,3.141593,1,82.48383,7.725458,0.6871642,0.3082619,-0.78741,-0.5338165,-0.43596,0.01540946,0.8998341,-0.4295901,0.1830699,0.8842725,-0.5588633,0.2344697,0.7954217,-0.6704519,0.2022235,0.7138626,0,0,0,0,0,26.29162,19.72975,20.98786,22.64259,22.10483,6.583109,7.442116,10.79059,20.82175,X
1,3.141593,1,82.48383,4.502041,0.558208,0.2802392,-0.7737134,-0.5681844,-0.420213,0.1880126,0.8877344,-0.4319955,0.1801454,0.883701,-0.5636396,0.2393602,0.7905802,-0.6645504,0.2014431,0.7195787,0,0,0,0,0,27.08623,18.88862,20.95496,22.47431,22.09466,6.778417,7.358759,9.25211,24.19412,X
1,3.141593,1,82.48383,5.559848,0.5502222,0.2777517,-0.7983882,-0.5342568,-0.4318838,0.1590994,0.8877859,-0.3867232,0.1936797,0.9016282,-0.5173019,0.2413563,0.8210639,-0.6487104,0.2218647,0.7279772,0,0,0,0,0,26.05483,20.09233,21.22392,23.18163,22.27097,6.267885,7.445429,9.157425,23.93003,X
1,3.141593,1,82.48383,5.878031,0.5758942,0.3083179,-0.7759108,-0.5503657,-0.446511,0.1394334,0.8838474,-0.4360453,0.1624995,0.8851319,-0.5668092,0.2190367,0.7941979,-0.6795802,0.1916257,0.7081316,0,0,0,0,0,26.39104,19.19908,20.86571,22.4736,21.84479,6.567482,7.458135,9.50042,23.09468,X
1,3.141593,1,82.48383,5.102469,0.6469921,0.2927501,-0.7575385,-0.5834661,-0.4364957,0.09262688,0.8949255,-0.4472985,0.1576273,0.880385,-0.5790629,0.2217901,0.7845351,-0.6740823,0.1773012,0.7170616,0,0,0,0,0,27.32825,18.57915,20.70443,22.11405,21.93263,6.865952,7.420355,10.45592,22.34083,X
1,3.141593,1,82.48383,5.067894,0.6339136,0.2919816,-0.760256,-0.5803081,-0.4269139,0.09826914,0.898937,-0.4376519,0.1547815,0.885722,-0.5701749,0.2138231,0.7932088,-0.6746665,0.1783563,0.71625,0,0,0,0,0,27.17359,18.81203,20.87362,22.37703,21.92688,6.690321,7.443958,10.02391,22.69213,X
1,3.141593,1,82.48383,5.488697,0.5917594,0.2917473,-0.7666092,-0.5720086,-0.4194002,0.1310107,0.8982981,-0.4313981,0.1530348,0.8890871,-0.5626592,0.2137572,0.7985753,-0.6759997,0.1875599,0.7126329,0,0,0,0,0,26.91488,18.88971,20.91533,22.48556,21.80706,6.558109,7.472619,9.527617,23.29922,X
1,3.141593,1,82.48383,5.056084,0.567715,0.2710588,-0.7858589,-0.5558354,-0.4476722,0.135981,0.8837979,-0.3868633,0.1721354,0.9059284,-0.525789,0.2314393,0.8185241,-0.6649921,0.2181574,0.7142779,0,0,0,0,0,26.79488,19.95581,20.95056,22.91096,21.89155,6.151707,7.366364,9.64353,24.10768,X
1,3.141593,1,82.48383,5.495555,0.5314093,0.2809063,-0.7784914,-0.5612867,-0.4164231,0.1540431,0.8960259,-0.3487844,0.1493081,0.9252332,-0.4868332,0.2031771,0.8495366,-0.6552682,0.2072736,0.7264029,0,0,0,0,0,26.40429,19.73623,20.96957,23.22009,21.72015,5.727206,7.501449,9.56158,24.59689,X
1,3.141593,1,82.48383,6.692195,0.5297017,0.292864,-0.8000886,-0.5235351,-0.4004436,0.1678414,0.9008186,-0.3447427,0.1651254,0.9240596,-0.4811206,0.2222133,0.8480237,-0.6427578,0.22051,0.7336469,0,0,0,0,0,25.84171,19.49512,20.83283,23.10828,21.87834,5.771515,7.488451,9.461053,24.01242,X
1,3.141593,1,82.48383,5.109086,0.576531,0.2900698,-0.7788094,-0.5561615,-0.4445447,0.1295312,0.8863417,-0.3884706,0.1558784,0.9081808,-0.530422,0.2125567,0.8206535,-0.678148,0.2039923,0.7060471,0,0,0,0,0,26.46386,19.8152,20.83854,22.76871,21.558,6.037596,7.337563,9.547921,23.80118,X
1,3.141593,1,82.48383,4.711217,0.6162225,0.2680731,-0.7729276,-0.5750823,-0.4721788,0.09719829,0.8761276,-0.428871,0.1663901,0.8879099,-0.5583998,0.226004,0.7981929,-0.6816236,0.208928,0.7012407,0,0,0,0,0,27.01774,19.86497,20.57891,22.23383,21.45632,6.422498,7.479677,9.580185,23.27363,X
1,3.141593,1,82.48383,4.962052,0.6429142,0.2694531,-0.7618648,-0.5890307,-0.4255441,0.07980879,0.9014115,-0.4399108,0.1538857,0.8847585,-0.5668698,0.2137492,0.795594,-0.6885981,0.1985661,0.6974268,0,0,0,0,0,27.0354,19.1242,20.6279,22.17063,21.34961,6.440335,7.535534,9.375587,22.7234,X
1,3.141593,1,82.48383,4.850664,0.6049504,0.2700373,-0.7680809,-0.5806303,-0.4075635,0.1383534,0.9026353,-0.4352141,0.1619588,0.8856399,-0.5629396,0.2237714,0.795629,-0.687083,0.2098155,0.6956251,0,0,0,0,0,27.0068,18.61266,20.62506,22.21762,21.41522,6.378026,7.530349,9.232544,23.27673,X
1,3.141593,1,82.48383,4.668892,0.5887451,0.2677954,-0.7671592,-0.5828828,-0.4162673,0.1411534,0.8982189,-0.4282306,0.1639077,0.8886803,-0.5578774,0.2243395,0.7990273,-0.6824254,0.2097253,0.700222,0,0,0,0,0,27.17756,18.92031,20.71429,22.31503,21.46212,6.38313,7.463599,9.185555,23.80243,X
