0.9553395,3.141593,1,82.67517,37.50443,0,-0.5139295,-0.3269124,-0.7930982,0.07911179,-0.2353905,0.9686757,-0.105092,-0.02039052,0.9942535,-0.275691,-0.009312519,0.9612012,-0.5213198,-0.4896573,0.6989001,1,0,0,0,0,38.16491,18.42439,18.03308,18.20374,17.08847,11.22617,6.063074,8.035666,32.2361,Y
1,2.812379,0,82.67517,36.62806,0,-0.4614622,-0.1725952,-0.8702089,-0.09961065,-0.09837792,0.9901513,-0.1341743,0.008537397,0.990921,-0.2935661,0.021109,0.9557057,0.166468,-0.7389902,-0.6528261,1,0,0,0,1,37.41498,18.42981,18.50054,18.61571,44.31863,53.81121,6.008448,7.975871,34.47431,Y
1,2.882757,0.06204316,82.67517,34.74219,0,-0.502158,-0.07166573,-0.8618012,-0.08496148,-0.1391515,0.9866197,-0.1326229,-0.04229761,0.9902636,-0.2937658,-0.0322928,0.9553318,-0.02031078,-0.7673483,-0.6409087,1,0,0,0,1,37.88842,17.99037,17.76867,18.25241,43.38229,52.46898,6.015514,7.044258,34.91441,Y
1,2.84349,0.009030687,82.67517,33.87123,0,-0.4783585,-0.1607555,-0.8633254,-0.07775512,-0.05310319,0.9955572,-0.1264608,0.01161083,0.9919036,-0.2898445,0.003601593,0.957067,0.147722,-0.739598,-0.6566376,1,0,0,0,1,37.52203,17.92856,17.93089,18.42738,44.32219,53.55189,5.935637,6.92273,34.88552,Y
1,2.856289,0.02172573,82.67517,33.87318,0,-0.486064,-0.1443836,-0.8619136,-0.06748054,-0.08702622,0.9939179,-0.1308074,-0.01040734,0.9913532,-0.2936988,-0.01381749,0.9557981,0.1098226,-0.754023,-0.6476019,1,0,0,0,1,37.69513,17.78218,17.77404,18.25961,44.00222,52.91874,5.972012,6.839214,34.74379,Y
1,2.820011,0.008913256,82.67517,34.73015,0,-0.4910198,-0.184436,-0.8514006,-0.09782651,-0.1002828,0.9901381,-0.1514148,0.0004766393,0.9884702,-0.314165,-0.00453441,0.9493576,0.1672549,-0.7398555,-0.6516438,1,0,0,0,1,38.10511,18.09323,18.07863,18.52704,44.07411,53.17442,5.962165,7.501834,34.25782,Y
1,2.810243,0.01282078,82.67517,34.79119,0,-0.4781723,-0.2121962,-0.8522465,-0.1169379,-0.1067269,0.9873879,-0.1683613,0.01089496,0.9856651,-0.3301771,0.007817129,0.9438866,0.1780485,-0.7587828,-0.626536,1,0,0,0,1,38.24471,18.45055,18.31283,18.75952,43.36499,52.40379,6.008502,7.607216,34.40183,Y
1,2.815104,0.03707294,82.67517,34.4976,0,-0.4669263,-0.1927103,-0.8630427,-0.1327044,-0.1097282,0.9850631,-0.1784151,0.008729639,0.9839166,-0.3393086,0.009401478,0.9406281,0.1573163,-0.7616764,-0.6285703,1,0,0,0,1,38.41114,18.40759,18.14884,18.70002,43.19564,52.23653,6.071126,7.576589,34.73823,Y
1,2.823329,0.03657777,82.67517,32.54375,0,-0.4802545,-0.1659737,-0.8612829,-0.1636025,-0.0952388,0.9819184,-0.1902439,0.003136298,0.9817318,-0.3510837,0.009078218,0.9363001,0.1284989,-0.7448298,-0.6547645,1,0,0,0,1,38.80608,18.10796,17.71628,18.32547,43.51705,52.31549,6.106236,7.441209,34.38422,Y
1,2.806269,0.00741212,82.67517,34.43452,0,-0.470679,-0.1798703,-0.8637754,-0.1122489,-0.09637254,0.9889957,-0.2085332,0.001887638,0.9780135,-0.370324,0.0009359506,0.9289022,0.1521851,-0.7582986,-0.633895,1,0,0,0,1,39.02849,17.84124,18.04067,18.68563,43.10036,51.89917,6.097054,6.798788,35.41775,Y
0.6015813,2.891095,0.2058922,82.67517,36.23492,0,-0.4290393,-0.01310107,-0.9031909,0.006499995,-0.2202441,0.9754231,-0.1285617,-0.07288919,0.9890192,-0.2877263,-0.03611866,0.9570313,-0.1067659,-0.7048821,-0.7012435,1,0,0,0,1,37.53129,17.06118,17.31206,17.59361,43.87627,52.8614,6.055324,6.897756,35.29603,Y
0.9632468,2.8669,0.1746008,82.67517,32.04392,0.05343511,-0.452458,-0.07152525,-0.8889128,-0.1086228,-0.193453,0.9750779,-0.1291052,-0.09163497,0.9873879,-0.2846779,-0.05396061,0.9571033,-0.1017898,-0.7269755,-0.6790769,1,0,0,0,1,37.27268,18.11367,17.64132,17.92549,43.96008,52.6674,6.156385,7.382817,33.55246,Y
1,2.873164,0.1693169,82.67517,32.69095,0.001248432,-0.4617289,-0.131624,-0.877201,-0.08759157,-0.1367699,0.9867226,-0.1460942,-0.02122174,0.989043,-0.3035744,-0.00156305,0.9528065,0.01885471,-0.7802423,-0.6251931,1,0,0,0,1,37.92006,17.80759,17.49015,18.06533,42.92054,51.57551,6.176113,7.262022,34.38394,Y
1,2.843053,0.1508233,82.67517,32.76202,0.02908487,-0.4472,-0.1923254,-0.873512,-0.1226651,-0.1564957,0.9800318,-0.1635007,-0.002704211,0.9865395,-0.3232063,0.006031681,0.9463093,0.1224414,-0.7423689,-0.6587083,1,0,0,0,1,38.04933,18.45679,17.86767,18.48931,43.07995,52.09258,6.094656,7.895811,34.01017,Y
1,2.847533,0.1222994,82.67517,33.40408,0.01490776,-0.4395742,-0.1747885,-0.8810355,-0.07450667,-0.1402874,0.9873036,-0.1579121,-0.01106401,0.9873912,-0.3160687,0.006738968,0.9487124,0.06045409,-0.7721061,-0.6326116,1,0,0,0,1,37.83142,17.98673,17.84055,18.39682,42.97401,51.85593,6.174945,7.169664,34.55566,Y
1,2.855831,0.1345595,82.67517,34.12944,0.01026244,-0.4365455,-0.155949,-0.8860632,-0.03243155,-0.1803128,0.9830745,-0.1427594,-0.03399152,0.9891735,-0.2988212,-0.007515796,0.9542795,0.02221937,-0.7739533,-0.6328527,1,0,0,0,1,37.58237,17.79855,17.66512,18.1674,43.21944,52.08989,6.255632,7.118002,34.40973,Y
1,2.843553,0.1258554,82.67517,34.02532,0.006893257,-0.4523013,-0.1347152,-0.8816322,-0.03705807,-0.1904524,0.9809967,-0.146558,-0.05407323,0.9877231,-0.3004542,-0.01639667,0.9536554,-0.0009019419,-0.7564218,-0.6540835,1,0,0,0,1,37.65662,17.80928,17.68078,18.10425,43.6191,52.4791,6.3445,6.986461,34.19767,Y
1,2.829857,0.07994384,82.67517,34.86906,0,-0.4569916,-0.1187729,-0.8815054,-0.0424772,-0.1921714,0.9804416,-0.1576575,-0.05886281,0.9857379,-0.3119949,-0.02235443,0.9498208,0.02241635,-0.7468464,-0.6646188,1,0,0,0,1,37.84115,17.83326,17.82022,18.24789,43.82583,52.79885,6.343564,6.909858,34.62229,Y
1,2.833433,0.06352024,82.67517,33.93165,0.01291028,-0.4649228,-0.07294484,-0.8823411,-0.09776754,-0.2176593,0.9711159,-0.1510448,-0.08491685,0.9848729,-0.3041017,-0.04046576,0.9517798,-0.02963898,-0.7093852,-0.7041975,1,0,0,0,1,37.69384,18.12169,17.85593,18.08804,44.60022,53.62962,6.233836,7.441035,33.84807,Y
1,2.837588,0.0679627,82.67517,34.04425,0.01559595,-0.4664092,-0.07155935,-0.8816698,-0.0832542,-0.2357882,0.9682317,-0.1476664,-0.09070915,0.9848688,-0.2994533,-0.04267596,0.9531561,-0.04094718,-0.7037551,-0.7092616,1,0,0,0,1,37.6655,18.03873,17.68141,17.89968,44.71396,53.66248,6.289443,7.417317,33.6519,Y
1,2.844809,0.09772935,82.67517,34.22815,0.006014313,-0.4699073,-0.0684275,-0.8800595,-0.0728661,-0.224262,0.9718009,-0.1411199,-0.0791862,0.9868205,-0.2934487,-0.03269061,0.9554157,-0.04954604,-0.721482,-0.6906584,1,0,0,0,1,37.51974,17.99335,17.63081,17.87227,44.38197,53.16034,6.276684,7.329268,33.759,Y
1,2.847584,0.1223662,82.67517,33.68076,0.01728953,-0.4677049,-0.08540457,-0.8797489,-0.08525165,-0.2040637,0.9752385,-0.1451867,-0.06736726,0.9871082,-0.2974855,-0.02130196,0.9544886,-0.0609514,-0.7359953,-0.6742373,1,0,0,0,1,37.57877,18.07583,17.7449,18.01054,43.89323,52.70001,6.270589,7.329989,33.80598,Y
1,2.847479,0.123391,82.67517,33.44585,0.0192334,-0.4656375,-0.08680075,-0.8807085,-0.0836899,-0.2008729,0.976036,-0.1478927,-0.07317358,0.9862927,-0.3009018,-0.02850326,0.9532291,-0.06627966,-0.7370735,-0.6725546,1,0,0,0,1,37.59214,18.02848,17.7544,18.01427,43.83474,52.53402,6.260401,7.16242,33.85016,Y
1,2.855392,0.1332017,82.67517,33.14468,0.02590252,-0.466623,-0.09185559,-0.8796735,-0.08703196,-0.1996925,0.9759858,-0.1491189,-0.06763457,0.9865035,-0.3022525,-0.02402085,0.9529252,-0.07839708,-0.7399367,-0.6680925,1,0,0,0,1,37.68805,18.00209,17.70475,17.99784,43.63686,52.35057,6.242221,7.227519,33.77813,Y
1,2.856099,0.1338882,82.67517,33.18579,0.02455264,-0.4679517,-0.08903474,-0.8792577,-0.08846869,-0.1980375,0.9761939,-0.1497727,-0.06560229,0.9865416,-0.3027847,-0.02174049,0.952811,-0.07727553,-0.7407273,-0.6673467,1,0,0,0,1,37.71208,17.97684,17.65891,17.96755,43.63023,52.30125,6.253345,7.226728,33.77505,Y
1,2.861185,0.1489078,82.67517,32.95191,0.02844916,-0.4656061,-0.09316779,-0.8800743,-0.09284782,-0.1921706,0.9769595,-0.1501842,-0.06198508,0.986713,-0.3033341,-0.01901909,0.9526944,-0.08378296,-0.7466355,-0.6599363,1,0,0,0,1,37.72815,17.98225,17.65458,17.97589,43.4018,52.04866,6.246694,7.257293,33.79038,Y
1,2.865067,0.1651101,82.67517,32.95748,0.02613972,-0.4649372,-0.09537073,-0.8801919,-0.08607467,-0.1943125,0.977156,-0.1496219,-0.06379093,0.9866833,-0.3029264,-0.02128254,0.9527763,-0.09205394,-0.7521847,-0.6524909,1,0,0,0,1,37.72271,17.95113,17.67429,17.99668,43.20098,51.79996,6.240738,7.197823,33.83363,Y
1,2.865525,0.1667644,82.67517,33.32139,0.02200635,-0.4655991,-0.09425653,-0.879962,-0.08043163,-0.1976024,0.976977,-0.1454452,-0.06110808,0.9874773,-0.298551,-0.01814453,0.9542212,-0.0936533,-0.7521749,-0.6522745,1,0,0,0,1,37.64712,17.97515,17.69352,18.00318,43.21692,51.88852,6.236757,7.262718,33.84388,Y
1,2.870137,0.1682582,82.67517,33.05564,0.02564695,-0.465158,-0.09093126,-0.880545,-0.08523249,-0.1920751,0.977672,-0.1429722,-0.05626845,0.9881259,-0.296576,-0.01500027,0.9548914,-0.09352558,-0.7544051,-0.6497121,1,0,0,0,1,37.61114,17.95576,17.61229,17.94862,43.20211,51.82,6.221053,7.317164,33.80016,Y
1,2.870032,0.1746471,82.67517,33.0533,0.02795224,-0.465632,-0.09141532,-0.8802443,-0.08756516,-0.1945559,0.9769751,-0.1443768,-0.05867118,0.9877818,-0.2976861,-0.01634405,0.9545239,-0.1007327,-0.7545534,-0.6484613,1,0,0,0,1,37.6327,17.98003,17.6238,17.94734,43.13046,51.72182,6.229412,7.325197,33.757,Y
1,2.871625,0.178615,82.67517,32.74389,0.03386442,-0.4664246,-0.09771212,-0.8791475,-0.0862482,-0.1935765,0.9772867,-0.1450984,-0.05922228,0.9876432,-0.298683,-0.01746732,0.9541925,-0.1047996,-0.7583091,-0.6434161,1,0,0,0,1,37.63657,17.96668,17.62059,17.94384,43.00582,51.51781,6.227947,7.274745,33.67974,Y
1,2.879034,0.1945205,82.67517,32.53234,0.0323806,-0.4691356,-0.1004775,-0.8773916,-0.0833251,-0.1832329,0.9795318,-0.1452296,-0.05264331,0.9879965,-0.299077,-0.01191426,0.9541546,-0.1142888,-0.766529,-0.6319584,1,0,0,0,1,37.67108,17.88833,17.57777,17.93108,42.70997,51.12668,6.224257,7.190467,33.71546,Y
1,2.878234,0.1963161,82.67517,32.72218,0.03205964,-0.4703042,-0.09757469,-0.8770936,-0.08003266,-0.1881548,0.9788731,-0.1433448,-0.05736637,0.9880088,-0.2968725,-0.01501844,0.9547991,-0.1226832,-0.7649859,-0.6322542,1,0,0,0,1,37.61694,17.90146,17.59663,17.91964,42.73384,51.1208,6.228087,7.161087,33.66447,Y
1,2.876291,0.1862995,82.67517,32.86596,0.02482678,-0.4723817,-0.09565475,-0.8761881,-0.07815459,-0.190581,0.9785554,-0.1451477,-0.06274001,0.9874188,-0.2992475,-0.02167596,0.9539294,-0.1193753,-0.7631174,-0.6351388,1,0,0,0,1,37.65933,17.89646,17.62894,17.93147,42.78643,51.15105,6.214295,7.090475,33.72259,Y
1,2.876638,0.186219,82.67517,32.66574,0.0294884,-0.4710163,-0.09744032,-0.8767263,-0.07726625,-0.1921628,0.9783166,-0.1474592,-0.06587569,0.9868719,-0.3009489,-0.02303729,0.9533619,-0.1208097,-0.7610483,-0.6373466,1,0,0,0,1,37.69764,17.84764,17.5876,17.89559,42.81684,51.14661,6.240165,7.03078,33.67471,Y
1,2.862234,0.1330076,82.67517,32.60704,0.06354702,-0.4405882,-0.1405412,-0.8866398,-0.1060143,-0.1518143,0.9827072,-0.1644135,-0.02606869,0.9860469,-0.3227206,0.003474418,0.9464878,-0.1318623,-0.7662824,-0.6288271,1,0,0,0,1,37.82965,17.87824,17.70585,18.27002,42.49216,51.18607,6.183385,7.279267,33.68546,Y
1,2.899014,0.2238515,82.67517,30.83381,0.09008069,-0.5092899,-0.08801268,-0.8560827,0.02588941,-0.1855147,0.9823004,-0.03126679,-0.06113921,0.9976394,-0.1854071,-0.01523833,0.9825436,-0.1964487,-0.7423602,-0.640554,1,0,0,0,1,35.43259,17.87597,17.75363,17.61712,44.11496,52.70344,5.983319,6.9878,32.21834,Y
1,2.868744,0.1397993,82.67517,31.58212,0.1368178,-0.4668894,-0.1998495,-0.8614374,-0.007581991,-0.1398099,0.9901494,-0.05487889,0.01181772,0.9984231,-0.2152697,0.03625399,0.9758814,-0.1047441,-0.7672039,-0.6327928,1,0,0,0,1,35.52532,18.23975,18.199,18.28762,43.76899,53.07118,5.878859,7.732224,32.13838,Y
1,2.874853,0.1691801,82.67517,32.72887,0.03430318,-0.4660535,-0.1249796,-0.8758849,-0.1008759,-0.1544766,0.9828331,-0.1234982,-0.02679982,0.9919829,-0.2802801,0.003148026,0.9599131,-0.07333723,-0.7866131,-0.6130755,1,0,0,0,1,37.21291,18.37251,18.07842,18.43716,42.69915,51.75137,6.102458,7.661222,33.87072,Y
1,2.799253,0,82.67517,35.8415,0,-0.4764806,-0.1487538,-0.8665094,-0.02876809,-0.1332509,0.9906647,-0.191459,-0.02880341,0.9810778,-0.3490588,-0.00647773,0.9370785,0.1372047,-0.7186375,-0.6817148,1,0,0,0,1,38.68185,17.40152,18.06933,18.6315,44.21972,53.49659,6.241564,6.273186,35.50206,Y
1,2.762123,0,82.67517,35.89278,0,-0.4627477,-0.1755718,-0.8689299,-0.001731298,-0.1293715,0.9915947,-0.2123698,-0.03624289,0.976517,-0.3701781,-0.01291975,0.928871,0.2000829,-0.6869353,-0.698632,1,0,0,0,1,38.85595,17.16825,18.37879,18.89601,44.71215,54.14262,6.226278,5.832727,35.73209,Y
1,2.784072,0,82.67517,35.95116,0,-0.4801405,-0.1619231,-0.8621172,0.01032379,-0.1994663,0.9798502,-0.1590671,-0.04089943,0.9864203,-0.3129863,5.512961E-05,0.9497576,0.07968812,-0.7180613,-0.6914029,1,0,0,0,1,37.80875,17.9316,18.34691,18.72193,44.70418,54.26688,6.280799,6.768604,34.35951,Y
1,2.853955,0.1338747,82.67517,34.80272,0.03072664,-0.495829,-0.1371222,-0.8575261,-0.0001257861,-0.2248731,0.9743881,-0.0857332,-0.02009758,0.9961154,-0.2419705,0.01418961,0.9701799,-0.049424,-0.7706094,-0.6353885,1,0,0,0,1,36.58574,18.3036,17.96132,18.12483,43.85019,52.86584,6.066049,7.941159,32.9168,Y
1,2.864728,0.1770741,82.67517,32.89235,0.04690994,-0.4930562,-0.1329037,-0.8597862,-0.04008031,-0.1736231,0.9839962,-0.09041453,-0.02140727,0.9956741,-0.2450139,0.01951964,0.969323,-0.09710272,-0.7823292,-0.6152496,1,0,0,0,1,36.5543,18.39654,18.12268,18.27983,43.22806,52.1917,6.106889,7.41438,33.17171,Y
1,2.86279,0.1868378,82.67517,33.54912,0.01766372,-0.4869111,-0.1878371,-0.8530151,-0.04294911,-0.1440497,0.988638,-0.1166514,0.01666101,0.9930332,-0.2728783,0.0449369,0.9609985,-0.02073979,-0.816139,-0.5774834,1,0,0,0,1,37.20042,18.38382,18.06882,18.47839,42.28389,51.23583,6.167552,7.426115,33.70033,Y
1,2.841984,0.1725457,82.67517,32.8253,0.0233165,-0.4846784,-0.2256031,-0.8450977,-0.07799994,-0.1375582,0.9874177,-0.1227748,0.05278368,0.9910299,-0.2830265,0.06061751,0.9571946,0.08151418,-0.8004632,-0.5938132,1,0,0,0,1,37.39565,18.85213,18.22034,18.75785,42.75416,52.04944,5.958898,7.995786,33.60247,Y
1,2.845085,0.1660049,82.67517,35.62673,0.002637578,-0.4824482,-0.1920816,-0.8546042,0.03327238,-0.196068,0.9800256,-0.08938177,0.01405506,0.9958983,-0.2459708,0.04201002,0.9683664,-0.006983947,-0.8027431,-0.5962842,1,0,0,0,1,36.6352,18.54733,18.24088,18.57654,43.03292,52.39656,6.102487,7.67511,33.67168,Y
1,2.865431,0.189866,82.67517,33.81136,0.03892676,-0.5030161,-0.1346118,-0.8537298,0.03105048,-0.2212658,0.9747191,-0.06748897,-0.0473539,0.9965956,-0.2230642,-0.0082945,0.9747685,-0.1142472,-0.7704971,-0.6271217,1,0,0,0,1,36.23228,18.23008,17.84378,17.88259,43.66249,52.33227,6.094025,7.137734,32.78051,Y
1,2.856567,0.1380411,82.67517,33.20335,0.05679701,-0.522198,-0.09368696,-0.8476626,0.02873497,-0.271092,0.9621244,-0.06127385,-0.1266481,0.9900534,-0.2117439,-0.06704324,0.9750229,-0.1591142,-0.7263892,-0.6686115,1,0,0,0,1,36.08983,18.20181,17.68917,17.46117,44.86565,53.09238,6.260863,6.651093,31.92462,Y
1,2.86951,0.1253245,82.67517,32.32442,0.05624109,-0.528003,-0.07982189,-0.8454829,0.06115464,-0.2473223,0.9670014,-0.0436609,-0.1396443,0.9892387,-0.1954474,-0.0829237,0.9772021,-0.1738942,-0.6999095,-0.6927392,1,0,0,0,1,35.78452,17.67572,17.41984,17.11322,45.49838,53.46955,6.218395,6.146835,31.73307,Y
1,2.858769,0.09943107,82.67517,32.39659,0.08365291,-0.5243858,-0.08801167,-0.84692,0.05880232,-0.2603255,0.9637286,-0.03754127,-0.1516006,0.9877287,-0.1907652,-0.09704189,0.9768273,-0.1817153,-0.6873593,-0.7032189,1,0,0,0,1,35.53684,17.79007,17.37117,16.92396,45.86418,53.51559,6.192217,6.186857,31.23759,Y
1,2.850004,0.07453106,82.67517,32.27343,0.08192138,-0.5208586,-0.06384856,-0.8512518,0.06409498,-0.255759,0.9646135,-0.04107479,-0.1594453,0.9863519,-0.1911107,-0.09621495,0.9768416,-0.1730309,-0.6624329,-0.7288641,1,0,0,0,1,35.39866,17.60759,17.39729,16.95984,46.55103,54.38402,6.256575,5.987554,31.439,Y
1,2.873902,0.09898017,82.67517,31.4407,0.0768351,-0.534899,-0.03085233,-0.8443525,0.06108288,-0.243313,0.9680226,-0.01723511,-0.160545,0.986878,-0.1689518,-0.1026225,0.9802673,-0.2001982,-0.6587915,-0.7251996,1,0,0,0,1,35.09424,17.55377,17.12551,16.67065,46.60439,54.18882,6.164842,6.061437,31.26171,Y
1,2.884042,0.1279727,82.67517,30.59173,0.1070622,-0.5420879,-0.01086403,-0.8402516,0.02302267,-0.2566564,0.9662285,-0.003853622,-0.1686717,0.9856647,-0.1567644,-0.1142549,0.981005,-0.2222143,-0.6545635,-0.7226115,1,0,0,0,1,34.88837,17.83221,16.96869,16.50794,46.63305,54.04347,6.104399,6.650381,30.65631,Y
1,2.890032,0.1234135,82.67517,31.40556,0.06281652,-0.5494879,0.02119564,-0.8352328,0.01855083,-0.2408172,0.9703932,-0.001700049,-0.165442,0.986218,-0.1551917,-0.1132725,0.9813688,-0.2157176,-0.6519074,-0.7269681,1,0,0,0,1,34.94405,17.83271,16.98304,16.56297,46.74313,54.3128,6.064658,6.627999,31.10911,Y
1,2.883927,0.1329889,82.67517,30.03136,0.1278429,-0.5349393,0.0008418807,-0.8448901,0.01523892,-0.2866491,0.9579145,-0.0163183,-0.1993683,0.9797888,-0.168988,-0.1432292,0.9751556,-0.2248996,-0.6434833,-0.7316757,1,0,0,0,1,35.01696,17.73127,16.77152,16.29473,46.81052,53.71887,6.129386,6.542368,30.41033,Y
1,2.874042,0.1173546,82.67517,30.71801,0.1400449,-0.528636,-0.00957932,-0.8487945,0.01842813,-0.3032422,0.9527353,-0.01800743,-0.1979267,0.9800514,-0.1715416,-0.1434397,0.9746787,-0.2249694,-0.6371022,-0.7372174,1,0,0,0,1,34.98054,17.76635,16.81534,16.33329,46.91726,53.88333,6.116092,6.693947,30.20719,Y
1,2.880543,0.1260799,82.67517,32.68313,0.08958829,-0.5328353,0.03829183,-0.8453522,0.02206476,-0.31135,0.9500391,-0.001060194,-0.1969344,0.9804161,-0.1565939,-0.1483588,0.9764568,-0.2413374,-0.6320888,-0.7363558,1,0,0,0,1,34.64979,17.8599,16.74133,16.25202,46.9745,53.94981,6.036335,6.850934,30.5408,Y
1,2.881286,0.1150321,82.67517,32.84636,0.07087161,-0.5328141,0.04836996,-0.8448488,0.02010101,-0.2747747,0.9612985,0.006527624,-0.1836373,0.9829724,-0.1508092,-0.1393025,0.9786988,-0.2430374,-0.6310613,-0.7366781,1,0,0,0,1,34.44645,17.88952,16.87251,16.4086,47.06561,54.27922,5.975601,6.755794,30.91726,Y
1,2.862219,0.1174952,82.67517,31.10545,0.1557,-0.5404512,-0.02381291,-0.8410383,0.0002057992,-0.2778219,0.9606326,-0.01349244,-0.1591377,0.9871643,-0.1668852,-0.1029934,0.9805823,-0.2434566,-0.644596,-0.724724,1,0,0,0,1,34.81325,18.02745,16.99526,16.51528,46.7915,54.00135,6.073505,6.977846,29.88306,Y
1,2.850257,0.1262017,82.67517,31.33903,0.1476033,-0.5383488,-0.1684626,-0.8257124,0.01765964,-0.2472993,0.9687782,-0.04412117,-0.07322912,0.9963387,-0.1995398,-0.02618782,0.9795397,-0.1741144,-0.7513007,-0.6365779,1,0,0,0,1,35.63427,18.56178,17.75197,17.46931,44.37729,52.38488,6.114578,7.125373,30.46578,Y
1,2.898142,0.2972351,82.67517,34.06804,0.01899592,-0.5129036,-0.1724573,-0.8409449,-0.02115657,-0.1586318,0.9871111,-0.08841803,0.05068854,0.9947929,-0.2412301,0.0909056,0.9662009,-0.1510848,-0.8514054,-0.5022769,1,0,0,0,1,36.83663,18.57498,18.12921,18.47561,40.6077,49.35989,6.138959,7.894104,33.25497,Y
1,2.858135,0.1872184,82.67517,31.3237,0.03522095,-0.5150315,-0.25971,-0.8168802,-0.09294942,-0.0469197,0.9945647,-0.1313665,0.09886207,0.986392,-0.2940778,0.1039538,0.9501115,0.02845976,-0.8271196,-0.5613049,1,0,0,0,1,37.65965,18.56824,18.09919,18.7375,41.66338,50.48426,5.995831,7.350126,33.12458,Y
1,2.842345,0.2059371,82.67517,33.38302,0.009896804,-0.5302194,-0.2352089,-0.8145822,-0.02533906,-0.09401315,0.9952484,-0.09786957,0.08904427,0.9912077,-0.2590008,0.1047525,0.9601799,-0.02557292,-0.830925,-0.5557964,1,0,0,0,1,37.01328,18.81679,18.55853,19.01617,42.00104,51.30954,5.948514,7.381613,33.294,Y
1,2.868938,0.2196834,82.67517,35.04986,0.03283427,-0.5360443,-0.1295208,-0.8341947,0.05991198,-0.2343063,0.9703149,-0.04466471,-0.009782395,0.9989541,-0.1933488,0.04493439,0.9801006,-0.2035519,-0.7910746,-0.5768602,1,0,0,0,1,35.87727,18.5363,18.11261,18.07404,42.82396,51.64685,6.136974,7.436261,32.39155,Y
1,2.881383,0.2050942,82.67517,34.30391,0.0120022,-0.5617558,-0.05856415,-0.8252276,0.05502328,-0.2601776,0.9639917,-0.03267039,-0.08821671,0.9955654,-0.1809153,-0.02449321,0.9831936,-0.2417924,-0.7511133,-0.6143006,1,0,0,0,1,35.77201,18.33448,17.94203,17.73175,43.77586,52.28019,6.151644,6.79933,32.07987,Y
1,2.863636,0.1192295,82.67517,32.43031,0.08296875,-0.5560215,-0.08193322,-0.8271197,0.09194844,-0.256563,0.9621439,-0.011222,-0.1339265,0.9909278,-0.1590616,-0.06577463,0.9850751,-0.2477391,-0.6911454,-0.6789281,1,0,0,0,1,35.0998,17.91497,17.59016,17.06498,45.66128,53.62362,6.202048,6.06113,30.87869,Y
1,2.840525,0.1303821,82.67517,31.49753,0.1975775,-0.5572599,-0.1237666,-0.8210622,0.01853647,-0.3063311,0.9517446,-0.0288715,-0.1291344,0.9912068,-0.1779335,-0.06230649,0.982068,-0.2800565,-0.6967977,-0.6603343,1,0,0,0,1,35.12291,18.62716,17.38729,16.80972,45.15328,52.38225,6.218022,6.982243,29.1005,Y
1,2.848008,0.1845776,82.67517,32.9201,0.1325016,-0.5738766,-0.1524802,-0.8046213,0.01275071,-0.2754517,0.9612303,-0.0435652,-0.04353041,0.9981018,-0.1938462,0.01650693,0.9808931,-0.2393512,-0.7672323,-0.5950341,1,0,0,0,1,35.81009,18.94924,17.87984,17.55519,43.38432,51.37025,6.135268,7.717714,30.07915,Y
1,2.942721,0.3775608,82.67517,33.13588,0,-0.5469303,-0.159739,-0.8217972,0.01535461,-0.1303961,0.9913431,-0.07162405,0.05412999,0.9959618,-0.228597,0.08314736,0.9699639,-0.2095048,-0.8697986,-0.4467194,1,0,0,0,1,36.86723,18.14565,18.04515,18.4717,39.28978,47.53382,6.000338,7.387052,33.17733,Y
1,2.916502,0.3481222,82.67517,34.8356,0,-0.5325211,-0.1698395,-0.8292019,0.08729107,-0.1536093,0.9842685,-0.04623813,0.03575588,0.9982904,-0.2013756,0.07182637,0.976877,-0.1927627,-0.8553276,-0.480892,1,0,0,0,1,36.15419,18.0074,18.14008,18.42202,40.4164,49.06036,6.073343,7.29836,33.00204,Y
1,2.905421,0.2982223,82.67517,33.3866,0.04043242,-0.5473635,-0.1469097,-0.8238997,0.02768838,-0.179184,0.9834259,-0.05619514,0.01391408,0.9983228,-0.2095163,0.06074156,0.9759167,-0.2419173,-0.8263107,-0.5086125,1,0,0,0,1,36.22232,18.39278,18.071,18.13562,40.8378,49.05763,6.067967,7.238331,32.31699,Y
1,2.896306,0.1865195,82.67517,31.76696,0.07656408,-0.5332284,-0.206557,-0.8203667,-0.00075714,-0.08376072,0.9964856,-0.07092847,0.05690621,0.9958569,-0.2272643,0.09644237,0.9690458,-0.2048975,-0.8268481,-0.523774,1,0,0,0,1,36.35667,18.30337,18.15876,18.32935,41.26258,49.7674,6.036685,6.734577,32.36575,Y
1,2.881045,0.1172731,82.67517,30.2519,0.1260024,-0.515111,-0.246385,-0.8209476,0.003402911,-0.05357564,0.998558,-0.06913253,0.05734868,0.9959577,-0.2242349,0.1013257,0.9692532,-0.1810752,-0.8072006,-0.5618177,1,0,0,0,1,36.0373,18.22752,18.43842,18.61021,42.29506,51.45274,6.026717,6.569633,32.04531,Y
1,2.889213,0.1331952,82.67517,28.87494,0.1568781,-0.5081111,-0.2666695,-0.8189692,0.05593115,-0.05585315,0.9968712,-0.05274225,0.04022994,0.9977974,-0.2092236,0.08400124,0.9742532,-0.2256727,-0.7898802,-0.570229,1,0,0,0,1,35.56961,17.83968,18.43186,18.40091,42.51993,51.45356,5.921622,6.104679,31.58289,Y
1,2.869133,0.1496398,82.67517,30.14477,0.1404687,-0.5145449,-0.257985,-0.817733,0.08588548,-0.07459318,0.9935086,-0.04582648,0.0218833,0.9987097,-0.2056908,0.06085119,0.9767233,-0.2416654,-0.8017372,-0.5466399,1,0,0,0,1,35.14931,18.1248,18.91631,18.67319,42.2305,50.91768,5.834579,5.879478,31.83947,Y
1,2.866524,0.1349577,82.67517,30.31023,0.148041,-0.5218707,-0.2649634,-0.8108301,0.1055655,-0.08550045,0.9907298,-0.03274003,0.01862738,0.9992903,-0.1933139,0.05739369,0.9794568,-0.254552,-0.8056517,-0.5349099,1,0,0,0,1,34.85823,18.26055,18.98989,18.64104,42.20099,50.72447,5.824678,5.737358,31.54087,Y
1,2.852387,0.09097348,82.67517,30.96476,0.1665814,-0.5225392,-0.2658027,-0.8101245,0.110932,-0.1115211,0.9875511,-0.0185083,0.01530067,0.9997116,-0.1805714,0.05193648,0.9821897,-0.2560654,-0.797747,-0.5459215,1,0,0,0,1,34.43176,18.56712,19.06539,18.57017,42.69141,51.22669,5.799436,5.884413,31.20226,Y
1,2.844885,0.1157542,82.67517,31.29886,0.1540524,-0.5234001,-0.271423,-0.8077016,0.08460815,-0.1058467,0.9907765,-0.03362465,0.03143561,0.99894,-0.1932047,0.0719855,0.9785142,-0.2324242,-0.805502,-0.5451105,1,0,0,0,1,34.80923,18.75792,19.30011,18.92338,42.4477,51.43287,5.817583,6.222034,31.45854,Y
1,2.901212,0.2323733,82.67517,32.13731,0.06831978,-0.5363855,-0.2237412,-0.8137754,-0.01330909,-0.07227832,0.9972957,-0.07269511,0.08880015,0.9933931,-0.2272463,0.1303358,0.965076,-0.2048744,-0.8480012,-0.4887949,1,0,0,0,1,36.47363,18.65589,18.6041,18.9066,40.39276,49.41878,6.031077,7.128076,32.66539,Y
1,2.868512,0.3487366,82.67517,35.91951,0.02061075,-0.5284696,-0.2466313,-0.8123379,-0.03232734,-0.2015694,0.9789406,-0.09260976,0.08227428,0.9922976,-0.2484463,0.1115742,0.9621983,-0.06764252,-0.8764282,-0.4767578,1,0,0,0,1,36.91684,19.62433,18.82795,19.16562,39.73761,48.58472,6.034228,9.26335,32.46058,Y
1,2.907877,0.5869578,82.67517,37.42933,0.04880349,-0.4801777,-0.2031722,-0.8533173,-0.0524541,-0.3597006,0.9315922,-0.1407351,-0.03499545,0.9894286,-0.2951941,0.0007029026,0.955437,-0.2516937,-0.9085532,-0.3334384,1,0,0,0,0,37.66862,19.85979,18.41671,18.45056,35.77204,42.03577,6.097302,10.42122,32.04404,Y
1,3.052061,0.7989312,82.67517,33.87745,0.02410723,-0.4136694,-0.2403498,-0.8781285,-0.01747534,-0.2958482,0.9550751,-0.220799,-0.1142225,0.9686078,-0.3779141,-0.1018776,0.9202183,-0.3547266,-0.9266636,-0.1243535,1,0,0,0,0,39.33071,17.88883,17.849,18.03935,29.2767,31.58844,6.203818,7.632007,33.72903,Y
1,3.096218,0.8116845,82.67517,33.72586,0.03781363,-0.4350808,-0.2520425,-0.8643953,0.06598497,-0.2548226,0.9647338,-0.103922,-0.153039,0.9827407,-0.2865086,-0.1185919,0.9507096,-0.4279808,-0.9037428,0.00902497,1,0,0,0,0,38.39217,17.25385,18.15238,18.40786,26.88181,28.00345,6.093029,7.469027,33.01785,Y
1,2.864105,0.402283,82.67517,35.55878,0.05900952,-0.496204,-0.1748872,-0.8504093,0.04609687,-0.2648992,0.9631737,-0.07232589,0.003772224,0.9973739,-0.1881098,0.02754413,0.9817618,-0.1200306,-0.8044772,-0.5817294,1,0,0,0,1,36.16009,18.87401,17.8003,18.17402,41.24415,49.15385,6.695079,8.187577,32.42852,Y
1,2.891996,0.2099002,82.67517,33.57056,0.01268317,-0.5703031,-0.1178648,-0.8129343,0.07405674,-0.1611929,0.9841405,-0.01111978,-0.01346735,0.9998475,-0.1671145,0.02863294,0.9855217,-0.2314145,-0.8003774,-0.5530311,1,0,0,0,1,35.55656,18.43739,18.305,18.21624,42.65915,51.5007,5.958545,6.659342,32.38586,Y
1,2.86992,0.1436494,82.67517,32.05392,0.1030931,-0.5822603,-0.119711,-0.8041407,0.07070699,-0.2175688,0.9734805,0.006298458,-0.07045716,0.9974949,-0.1433043,-0.007394259,0.9896511,-0.2643794,-0.7513214,-0.6046649,1,0,0,0,1,34.9999,18.53499,18.26129,17.7079,44.3148,52.67819,6.025249,6.690702,30.57639,Y
1,2.861931,0.1267219,82.67517,31.89028,0.1155591,-0.571162,-0.1469769,-0.8075715,0.08810322,-0.1954706,0.9767442,0.001615142,-0.07011846,0.9975374,-0.1529086,-0.01594186,0.9881117,-0.2727388,-0.7530858,-0.5987281,1,0,0,0,1,34.81519,18.55319,18.39845,17.85029,44.16093,52.31595,5.942334,6.092166,30.77809,Y
1,2.842717,0.08939321,82.67517,32.07198,0.1463573,-0.5557842,-0.1820193,-0.8111553,0.1036585,-0.1873937,0.9768001,-0.002096435,-0.0626265,0.9980348,-0.1613186,-0.01761141,0.9867452,-0.2677735,-0.7462243,-0.6094641,1,0,0,0,1,34.54973,18.50087,18.51005,17.88011,44.37494,52.42777,5.870891,5.999566,30.53905,Y
1,2.811301,0.02906004,82.67517,32.45072,0.1989221,-0.5484072,-0.2166769,-0.8076513,0.09813728,-0.2312641,0.9679287,-0.006183494,-0.06360906,0.9979557,-0.1663766,-0.01932042,0.985873,-0.2647153,-0.7268463,-0.6337351,1,0,0,0,1,34.32875,18.88525,18.59784,17.87414,44.94171,53.07776,5.87272,6.299101,29.70404,Y
1,2.79738,0.03151513,82.67517,32.87962,0.2359423,-0.5491151,-0.226672,-0.8044205,0.08795036,-0.2732891,0.9579028,-0.004246575,-0.06936292,0.9975825,-0.1655815,-0.02654428,0.9858388,-0.2816594,-0.722614,-0.6312661,1,0,0,0,1,34.17105,19.21075,18.6348,17.81756,44.89493,52.83812,5.849304,6.808465,28.9369,Y
1,2.797857,0.04920257,82.67517,33.21694,0.2507359,-0.5537209,-0.2291931,-0.8005396,0.07739709,-0.3022952,0.950067,-0.003171772,-0.06088227,0.9981399,-0.1662658,-0.02161457,0.9858441,-0.2852682,-0.7327616,-0.6178046,1,0,0,0,1,34.21469,19.46258,18.55761,17.70833,44.55659,52.21484,5.801604,7.309791,28.54333,Y
1,2.825042,0.1004391,82.67517,32.7886,0.1640078,-0.5592822,-0.1885324,-0.807254,0.09511148,-0.2356913,0.9671626,-0.005845086,-0.05939681,0.9982173,-0.1641343,-0.01154652,0.9863704,-0.2734969,-0.7427928,-0.6111124,1,0,0,0,1,34.55425,18.87629,18.56349,17.8081,44.38487,52.34729,5.875315,6.401813,30.13312,Y
1,2.855659,0.1391026,82.67517,32.2439,0.1517983,-0.5760344,-0.1635386,-0.8008992,0.06639645,-0.2746792,0.9592408,-0.01519593,-0.06230669,0.9979413,-0.1661616,-0.000761791,0.9860982,-0.2866069,-0.7624752,-0.5800759,1,0,0,0,1,35.16162,18.84631,18.24199,17.67922,43.57839,51.46712,6.006931,6.931057,29.83942,Y
1,2.850588,0.1328449,82.67517,32.24818,0.1275833,-0.5641731,-0.1762788,-0.8066192,0.1006906,-0.2198125,0.9703318,-0.0237852,-0.06520437,0.9975884,-0.1804604,-0.01505164,0.983467,-0.2735813,-0.7531027,-0.5983223,1,0,0,0,1,35.14245,18.34693,18.36641,17.74643,43.75129,51.52822,5.912371,6.126867,30.52321,Y
1,2.848368,0.1203533,82.67517,32.42828,0.163221,-0.5611833,-0.1712235,-0.8097875,0.06119475,-0.2797742,0.9581136,-0.02792352,-0.07228438,0.9969931,-0.1796878,-0.01182718,0.9836526,-0.2845372,-0.7540004,-0.592049,1,0,0,0,1,35.19415,18.80564,18.15382,17.60514,43.71016,51.45579,6.025696,6.769698,29.8752,Y
1,2.846582,0.1100724,82.67517,31.99368,0.1327366,-0.557072,-0.1790966,-0.8109224,0.09582089,-0.2156524,0.9717574,-0.03190973,-0.06765348,0.9971985,-0.1862524,-0.01258709,0.9824213,-0.2591576,-0.7450216,-0.614638,1,0,0,0,1,35.22053,18.25437,18.31795,17.7693,44.08685,52.05102,5.976715,6.025224,30.60193,Y
1,2.848303,0.120258,82.67517,31.8699,0.1464778,-0.5554395,-0.1828541,-0.8112037,0.09602075,-0.2242025,0.9698007,-0.03066069,-0.07301795,0.9968592,-0.1853384,-0.01841517,0.9825022,-0.2656311,-0.7473903,-0.6089727,1,0,0,0,1,35.16405,18.23805,18.26273,17.68436,43.99995,51.77306,5.973752,6.096101,30.34412,Y
1,2.858093,0.1408232,82.67517,31.88207,0.1378237,-0.5573792,-0.178608,-0.8108191,0.0913481,-0.2185546,0.9715397,-0.02959336,-0.06445493,0.9974817,-0.184339,-0.0106845,0.9828047,-0.2714733,-0.7566602,-0.5947838,1,0,0,0,1,35.22991,18.25723,18.25055,17.7128,43.60932,51.39528,5.962161,6.181161,30.49209,Y
1,2.859642,0.1321635,82.67517,31.7155,0.1320429,-0.5549958,-0.1764,-0.8129346,0.09994435,-0.2049095,0.9736648,-0.02912878,-0.06952281,0.997155,-0.1838638,-0.0154056,0.9828309,-0.2708358,-0.7539231,-0.5985382,1,0,0,0,1,35.17645,18.11837,18.25547,17.72265,43.73307,51.51771,5.971648,5.919428,30.66526,Y
1,2.855818,0.1296987,82.67517,31.72629,0.1492772,-0.5508004,-0.1838608,-0.8141339,0.09744886,-0.2197012,0.9706879,-0.03066122,-0.07381867,0.9968002,-0.1868328,-0.02238575,0.9821366,-0.2751891,-0.7541399,-0.5962752,1,0,0,0,1,35.12004,18.17889,18.22188,17.65223,43.69506,51.28426,5.949862,6.020295,30.39476,Y
1,2.86001,0.1354673,82.67517,31.63685,0.1423492,-0.5527623,-0.1776837,-0.8141759,0.09090489,-0.2094574,0.973583,-0.02860492,-0.06753753,0.9973066,-0.1832104,-0.01343471,0.9829819,-0.2698129,-0.7520317,-0.601373,1,0,0,0,1,35.17288,18.17482,18.2103,17.68316,43.78329,51.59433,5.968657,6.079305,30.54185,Y
1,2.873256,0.1603258,82.67517,31.31198,0.1346897,-0.557331,-0.1678509,-0.8131471,0.09362391,-0.2021589,0.9748673,-0.02493949,-0.06394778,0.9976416,-0.1784619,-0.00794994,0.9839147,-0.2814941,-0.7557021,-0.5913335,1,0,0,0,1,35.21646,18.06359,18.15568,17.66164,43.52852,51.3407,5.967611,6.064333,30.63961,Y
1,2.871347,0.162493,82.67517,31.42561,0.1374519,-0.5572382,-0.1669927,-0.8133874,0.08721258,-0.2096915,0.9738703,-0.02419372,-0.06363409,0.9976799,-0.1785764,-0.00940148,0.9838812,-0.284491,-0.7582737,-0.5865884,1,0,0,0,1,35.18765,18.19284,18.17454,17.66415,43.4249,51.17796,5.948667,6.17338,30.5874,Y
0.3781275,2.940731,0.1402308,82.67517,36.92869,0,-0.1315474,-0.05286543,-0.9898993,0.447598,-0.2505842,0.8584076,0.4642537,-0.3103873,0.8295349,0.570236,-0.3919289,0.7219575,-0.5647641,-0.5897099,-0.5773073,1,0,0,0,1,44.83024,16.28487,17.11124,18.1723,35.62932,42.99154,6.93632,8.35147,41.91072,Y
0.9341061,2.898275,0.006705659,82.67517,38.39504,0,-0.09133872,-0.02317768,-0.9955501,0.394482,-0.2935649,0.8707489,0.4201044,-0.3363194,0.8428532,0.5298713,-0.4134069,0.7404938,-0.6296874,-0.5266842,-0.5710495,1,0,0,0,1,44.23316,16.61235,17.09968,18.11513,36.78232,43.64774,7.071649,8.011114,41.98513,Y
1,2.928427,0.01638396,82.67517,36.08607,0,-0.1065432,-0.04013491,-0.9934977,0.4120688,-0.2755193,0.8684978,0.4346766,-0.3246823,0.8400224,0.5505485,-0.3882597,0.73902,-0.590322,-0.5533925,-0.5876026,1,0,0,0,1,44.42085,16.35337,16.95695,17.91303,36.57485,43.60024,7.074418,8.218489,41.52117,Y
1,2.884212,0.08995794,82.67517,36.74246,0.06383112,-0.05121526,0.05125089,-0.9973717,0.2928326,-0.4085978,0.8644633,0.3316584,-0.4307568,0.839316,0.4610536,-0.4903699,0.7395722,-0.4079375,-0.565112,-0.7171022,1,0,0,0,1,42.12285,17.2432,16.59697,16.54263,39.18013,43.75148,6.72283,7.577685,37.45901,Y
1,0.4967207,0,84.03751,45.474,0,-0.04555203,-0.08847491,-0.9950363,0.1768403,0.3541442,-0.9183188,0.2438391,0.3022956,-0.9214987,0.2340698,0.2470901,-0.9402967,0.2171607,0.1645919,-0.9621594,1,1,1,1,1,38.07212,66.89661,70.17117,62.4628,47.20913,18.92857,12.00808,12.53605,39.85399,Y
0.4202348,1.536856,0.4198159,85.20016,65.26154,0,0.8549628,-0.3641633,0.3693557,0.3344234,-0.8805285,0.3359027,0.383076,-0.8313124,0.4027064,0.3382002,-0.8553643,0.3923934,0.4345685,-0.7989536,0.4157204,1,1,1,0,0,53.9165,38.49992,39.37297,34.7773,29.56472,12.05861,14.72297,10.35548,38.32303,Y
0.9401199,1.383318,0.3937592,85.20226,50.42107,0.2669068,0.6382156,-0.7223548,0.2662412,0.2994918,-0.7113087,0.6358809,0.3766137,-0.6793011,0.6298509,0.3773515,-0.7249634,0.5762237,0.3962378,-0.7179268,0.5723432,0,1,1,1,1,44.14957,42.11122,41.15596,37.22452,31.24649,13.07184,12.80806,9.943114,23.28367,Y
1,1.445365,0.1795793,85.20226,41.63658,0.4954941,0.7012067,-0.1040515,0.7053244,0.3801677,0.5006666,0.7776924,0.4305127,0.5422183,0.7215664,0.4238388,0.5046908,0.7520957,0.4267686,0.415148,0.803443,1,1,0,0,1,35.12114,49.87771,56.09704,55.04238,50.52299,12.64878,11.71942,10.79745,24.59035,Y
1,0.6149964,0,85.20226,69.97996,0,0.5481584,0.709574,0.4427496,0.778305,0.4036253,0.4809657,0.8071098,0.2118623,0.551079,0.8249952,0.04343735,0.5634679,0.8461992,-0.1973167,0.4949879,1,1,1,1,1,38.36597,46.56877,48.9148,46.35424,41.13538,18.11298,15.32916,15.99609,34.47381,Y
0.9118849,1.476325,0,84.25,69.00567,0.9284873,0.3154016,-0.620779,-0.7177432,0.005337167,-0.2267525,-0.9739377,0.308961,-0.2530346,-0.9167969,-0.3744278,-0.6445175,0.666634,-0.5158969,-0.6435813,0.5653791,0,1,1,0,0,30.04727,71.07092,72.48576,21.60904,19.62867,7.674471,72.95112,20.03727,58.26992,Y
1,1.489119,0,84.25,67.8626,0.9855421,0.3841113,-0.6016779,-0.7003158,0.03103149,-0.2713855,-0.9619704,0.2903734,-0.2955755,-0.9101201,-0.3845982,-0.639486,0.6656891,-0.5284629,-0.6589496,0.5352685,0,1,1,0,0,29.20779,70.7942,72.32614,22.22773,19.57857,7.424981,74.34191,18.5063,58.39223,Y
1,1.527794,0,84.25,67.79405,0.9486043,0.3961871,-0.6031462,-0.6922792,0.04412533,-0.2935619,-0.9549211,0.2994835,-0.296108,-0.9069893,-0.4014041,-0.571786,0.7154966,-0.5535595,-0.5609411,0.6155623,0,1,1,0,0,28.95795,70.4784,72.26489,21.78212,18.96871,7.625247,76.61565,18.45476,58.28408,Y
1,1.509718,0,84.25,67.97083,0.984181,0.3848981,-0.6048673,-0.6971291,0.03728709,-0.2890102,-0.9565995,0.3006564,-0.2937592,-0.907365,-0.3893782,-0.6168085,0.6840556,-0.5467817,-0.5819842,0.6019336,0,1,1,0,0,29.13686,70.52428,72.26196,22.24192,19.11077,8.00445,75.36272,18.72399,58.18277,Y
1,1.504953,0,84.25,67.92875,1,0.3988691,-0.5976672,-0.6954835,0.03689953,-0.2885718,-0.956747,0.3024671,-0.2888965,-0.9083239,-0.3767887,-0.6342462,0.6751015,-0.5356854,-0.5985141,0.5956694,0,1,1,0,0,28.96473,70.52878,72.27632,22.32886,19.09938,8.090209,74.8977,18.78637,58.40852,Y
1,1.495954,0,84.25,68.0667,1,0.3935859,-0.6016372,-0.6950704,0.03121715,-0.2930015,-0.9556022,0.2918201,-0.2945804,-0.9099799,-0.3669761,-0.645829,0.6695023,-0.5291112,-0.6065428,0.5934199,0,1,1,0,0,28.88584,70.43028,72.36209,22.57537,19.20328,8.180491,74.6609,18.62042,58.49408,Y
1,1.495706,0,84.25,68.14058,1,0.4006106,-0.6033956,-0.6895106,0.03060851,-0.2976486,-0.9541847,0.2919229,-0.2996733,-0.9082825,-0.3668492,-0.6408001,0.6743863,-0.5295506,-0.6036982,0.5959235,0,1,1,0,0,28.70689,70.39227,72.32257,22.54748,19.19745,8.136751,74.74445,18.64957,58.76492,Y
1,1.492264,0,84.25,68.13397,1,0.3919042,-0.609042,-0.6895499,0.02497979,-0.2989646,-0.9539372,0.2838799,-0.3003426,-0.9106078,-0.3699051,-0.6291624,0.6836116,-0.5296002,-0.6004608,0.5991415,0,1,1,0,0,28.62729,70.33938,72.41787,22.5311,19.2457,8.009209,75.16709,18.5714,58.83166,Y
1,1.51721,0,84.25,67.91372,0.9801151,0.3337435,-0.6369678,-0.6949009,0.007473644,-0.2996463,-0.954021,0.2573391,-0.3292601,-0.9084957,-0.4443545,-0.5670986,0.6935043,-0.5949664,-0.5338487,0.6008498,0,1,1,0,0,28.94275,70.47089,72.36866,22.12376,19.09056,7.859505,75.78216,18.339,58.25917,Y
